{
  "imdb_id": "tt2040336",
  "tmdb_id": "245961",
  "douban_id": null,
  "title": "Early Grave (2013)",
  "genres": [
    "Horror",
    "Thriller"
  ],
  "country": "USA",
  "version": [
    {
      "runtime": "80 min",
      "description": ""
    }
  ],
  "imdb_rating": 5.8,
  "director": [
    {
      "id": "nm3049613",
      "name": "Kevin DiBacco"
    }
  ],
  "writer": [
    {
      "id": "nm2420719",
      "name": "Mark Allen",
      "description": null
    }
  ],
  "cast": [
    {
      "id": "nm2202579",
      "name": "Kimbette Fenol",
      "character": "Virginia"
    },
    {
      "id": "nm2575439",
      "name": "Nathaniel Sylva",
      "character": "Jack"
    },
    {
      "id": "nm4050107",
      "name": "Alexander Merrill",
      "character": "Lionel"
    },
    {
      "id": "nm3169987",
      "name": "Kayla Harrity",
      "character": "Sally"
    },
    {
      "id": "nm3898848",
      "name": "Yerania Del Orbe",
      "character": "Dana"
    },
    {
      "id": "nm3989537",
      "name": "Justin Brown",
      "character": "Jim"
    },
    {
      "id": "nm4051222",
      "name": "Kimberly Giardino",
      "character": "Gretchen       (as Kimberly J. Giardino)"
    },
    {
      "id": "nm4317391",
      "name": "Nathan White",
      "character": "Tim Walters"
    },
    {
      "id": "nm4597020",
      "name": "Wendy Jo Davis",
      "character": "Miriam"
    },
    {
      "id": "nm4710049",
      "name": "James Pross",
      "character": "Peter"
    },
    {
      "id": "nm4711364",
      "name": "Kevin Henry",
      "character": "Cop 2"
    },
    {
      "id": "nm4711668",
      "name": "John Kooistra",
      "character": "EMT 1"
    },
    {
      "id": "nm4712257",
      "name": "Tom O'Connor",
      "character": "Cop 1"
    },
    {
      "id": "nm4711866",
      "name": "Craig Voisine",
      "character": "EMT 2"
    }
  ],
  "overview": "On the eve of their ten year high school reunion, six people are summoned to the isolated country estate of one of their former friends, now a famous horror writer. Once there, separated by guilt, yet bound together by a terrible secret, seven adults try to reconnect with each other, and take stock of their lives. Outside, the storm clouds gather. Rain, lightning and wind isolate the house by washing out the road and knocking down the power lines. And then, they begin to be brutally murdered one by one. Someone is out there in the wind and the rain, someone who has waited for ten years to wreak a terrible vengeance on this group. Seven friends find themselves in a struggle to survive and outwit a diabolical killer who is savagely committed to sending them all to an EARLY GRAVE.",
  "storyline": "On the eve of their ten year high school reunion, six people are summoned to the isolated country estate of one of their former friends, now a famous horror writer. Once there, separated by guilt, yet bound together by a terrible secret, seven adults try to reconnect with each other, and take stock of their lives. Outside, the storm clouds gather. Rain, lightning and wind isolate the house by washing out the road and knocking down the power lines. And then, they begin to be brutally murdered one by one. Someone is out there in the wind and the rain, someone who has waited for ten years to wreak a terrible vengeance on this group. Seven friends find themselves in a struggle to survive and outwit a diabolical killer who is savagely committed to sending them all to an EARLY GRAVE.",
  "plot": null,
  "synopsis": null
}