{
  "imdb_id": "tt2006810",
  "tmdb_id": "173294",
  "douban_id": null,
  "title": "Papadopoulos & Sons (2012)",
  "genres": [
    "Comedy",
    "Drama"
  ],
  "country": "UK",
  "version": [
    {
      "runtime": "105 min",
      "description": ""
    }
  ],
  "imdb_rating": 6.1,
  "director": [
    {
      "id": "nm1854120",
      "name": "Marcus Markou"
    }
  ],
  "writer": [
    {
      "id": "nm1854120",
      "name": "Marcus Markou",
      "description": null
    }
  ],
  "cast": [
    {
      "id": "nm1528394",
      "name": "Carl Rice",
      "character": "Dave the Gardener"
    },
    {
      "id": "nm0226820",
      "name": "Stephen Dillane",
      "character": "Harry Papadopoulos"
    },
    {
      "id": "nm0128135",
      "name": "Selina Cadell",
      "character": "Mrs Parrington"
    },
    {
      "id": "nm0226817",
      "name": "Frank Dillane",
      "character": "James Papadopoulos"
    },
    {
      "id": "nm2102872",
      "name": "Georgia Groome",
      "character": "Katie Papadopoulos"
    },
    {
      "id": "nm4461249",
      "name": "Thomas Underhill",
      "character": "Theo Papadopoulos"
    },
    {
      "id": "nm0050426",
      "name": "Martin Ball",
      "character": "Awards Presenter"
    },
    {
      "id": "nm0799709",
      "name": "Chris Simmons",
      "character": "Photographer"
    },
    {
      "id": "nm3971689",
      "name": "Ivanno Jeremiah",
      "character": "Door Knocker"
    },
    {
      "id": "nm1854120",
      "name": "Marcus Markou",
      "character": "News Reporter"
    },
    {
      "id": "nm0746101",
      "name": "Jimmy Roussounis",
      "character": "Fat Laki"
    },
    {
      "id": "nm0381249",
      "name": "Paul Herzberg",
      "character": "Nicholas"
    },
    {
      "id": "nm0832380",
      "name": "Ed Stoppard",
      "character": "Rob"
    },
    {
      "id": "nm1277435",
      "name": "Cosima Shaw",
      "character": "Sophie"
    },
    {
      "id": "nm0693431",
      "name": "George Potts",
      "character": "Rupert"
    },
    {
      "id": "nm1255751",
      "name": "Matthew Douglas",
      "character": "Nigel"
    },
    {
      "id": "nm0004248",
      "name": "Georges Corraface",
      "character": "Spiros Papadopoulos"
    },
    {
      "id": "nm0767646",
      "name": "George Savvides",
      "character": "Hassan Ali"
    },
    {
      "id": "nm3893637",
      "name": "Harry Taurasi",
      "character": "Mehmet Ali       (as Cesare Taurasi)"
    },
    {
      "id": "nm4657454",
      "name": "Vangelis Christodoulou",
      "character": "Phil the Till"
    },
    {
      "id": "nm1310952",
      "name": "Vasilis Panayi",
      "character": "Uncle Panikos"
    },
    {
      "id": "nm0243983",
      "name": "Richard Durden",
      "character": "Father Jimmy"
    },
    {
      "id": "nm0361186",
      "name": "Alexander Hanson",
      "character": "Lars"
    },
    {
      "id": "nm1327430",
      "name": "Georgina Leonidas",
      "character": "Doctor"
    }
  ],
  "overview": "Following his ruin in the latest banking crisis, a self-made millionaire reluctantly re-unites with his estranged freewheeling brother to re-open the abandoned fish and chip shop they shared in their youth.",
  "storyline": "Self-made businessman Harry Papadopoulos has got it all; a mansion house; awards and a super rich lifestyle. However, on the eve of a property deal of a lifetime, a financial crisis hits and the banks call in their huge loans. Harry and his family lose everything in an instant. Everything, except the dormant and forgotten Three Brothers Fish & Chip Shop half owned by Harry's larger than life brother Spiros who's been estranged from the family for years. With no alternative, Harry and his family, plant enthusiast James; fashion victim Katie; nerdy Theo and their loyal nanny Mrs. Parrington, are forced to pack their bags, leave their millionaire lifestyle and join 'Uncle Spiros' to live above the neglected Three Brothers chippie. Together they set about bringing the chip shop back to life under the suspicious gaze of the their old rival, Hassan, from the neighbouring Turkish kebab shop whose son has his own eyes on Katie. Each family member must come to terms with their new life in ...",
  "plot": null,
  "synopsis": null
}