{
  "imdb_id": "tt2081178",
  "tmdb_id": "214426",
  "douban_id": null,
  "title": "Bad Parents (2012)",
  "genres": [
    "Comedy",
    "Drama"
  ],
  "country": "USA",
  "version": [
    {
      "runtime": "100 min",
      "description": ""
    }
  ],
  "imdb_rating": 3.3,
  "director": [
    {
      "id": "nm2320276",
      "name": "Caytha Jentis"
    }
  ],
  "writer": [
    {
      "id": "nm2320276",
      "name": "Caytha Jentis",
      "description": "written by"
    }
  ],
  "cast": [
    {
      "id": "nm0000413",
      "name": "Janeane Garofalo",
      "character": "Kathy"
    },
    {
      "id": "nm0864541",
      "name": "Christopher Titus",
      "character": "Nick"
    },
    {
      "id": "nm0090225",
      "name": "Michael Boatman",
      "character": "Gary"
    },
    {
      "id": "nm0043855",
      "name": "Reiko Aylesworth",
      "character": "Laurie"
    },
    {
      "id": "nm2524130",
      "name": "Rosie Gunther",
      "character": "Kelly"
    },
    {
      "id": "nm0119003",
      "name": "Rebecca Budig",
      "character": "Allison"
    },
    {
      "id": "nm0652783",
      "name": "Cheri Oteri",
      "character": "Melissa"
    },
    {
      "id": "nm0756083",
      "name": "Bill Sage",
      "character": "Dan"
    },
    {
      "id": "nm4771820",
      "name": "Lauren Sudol",
      "character": "Jenna"
    },
    {
      "id": "nm4770594",
      "name": "Debbie Philips",
      "character": "Debbie"
    },
    {
      "id": "nm0924540",
      "name": "Bradley White",
      "character": "Jeff"
    },
    {
      "id": "nm1795196",
      "name": "Mike DiGiacinto",
      "character": "Rob"
    },
    {
      "id": "nm3228504",
      "name": "Collin Biddle",
      "character": "Bob"
    },
    {
      "id": "nm0005060",
      "name": "Kristen Johnston",
      "character": "Tracy"
    },
    {
      "id": "nm3403497",
      "name": "Jacqueline Laurita",
      "character": "Karen"
    },
    {
      "id": "nm4310389",
      "name": "Osborn Focht",
      "character": "Verne"
    },
    {
      "id": "nm3270989",
      "name": "Lauren Francesca",
      "character": "Candy"
    },
    {
      "id": "nm1344946",
      "name": "Ben Bailey",
      "character": "Graham"
    },
    {
      "id": "nm0171218",
      "name": "Signy Coleman",
      "character": "Dakota"
    },
    {
      "id": "nm3286006",
      "name": "Michael Billy",
      "character": "Michael Billy"
    },
    {
      "id": "nm1197383",
      "name": "Nick Mennell",
      "character": "Julio"
    },
    {
      "id": "nm0268472",
      "name": "Lorraine Farris",
      "character": "Claudia"
    },
    {
      "id": "nm3921664",
      "name": "Rob Nelson",
      "character": "Dr. Hart"
    },
    {
      "id": "nm1370487",
      "name": "Aimee Denaro",
      "character": "Liza"
    },
    {
      "id": "nm3961686",
      "name": "Michael Emery",
      "character": "Boss"
    },
    {
      "id": "nm3829741",
      "name": "Darcy Fowler",
      "character": "Flag Woman"
    },
    {
      "id": "nm0123268",
      "name": "Carl Burrows",
      "character": "Policeman /              Commuter"
    },
    {
      "id": "nm5005350",
      "name": "Adrian Fucito",
      "character": "Tyler"
    },
    {
      "id": "nm3003485",
      "name": "Tom Lanier",
      "character": "Bar Patron"
    }
  ],
  "overview": "A suburban mom relives her season with the soccer obsessed sports parents whose outrageous \"win at all costs\" behavior spirals out of control.",
  "storyline": "A suburban mom relives her season with the soccer obsessed sports parents whose outrageous \"win at all costs\" behavior spirals out of control.",
  "plot": null,
  "synopsis": null
}