{
  "imdb_id": "tt2094787",
  "tmdb_id": "153133",
  "douban_id": null,
  "title": "Undercover Bridesmaid (TV Movie 2012)",
  "genres": [
    "Mystery",
    "Romance"
  ],
  "country": "USA",
  "version": [
    {
      "runtime": "87 min",
      "description": ""
    }
  ],
  "imdb_rating": 5.5,
  "director": [
    {
      "id": "nm0224683",
      "name": "Matthew Diamond"
    }
  ],
  "writer": [
    {
      "id": "nm0744032",
      "name": "Gregg Rossen",
      "description": null
    },
    {
      "id": "nm0768139",
      "name": "Brian Sawyer",
      "description": null
    }
  ],
  "cast": [
    {
      "id": "nm0004786",
      "name": "Brooke Burns",
      "character": "Tanya"
    },
    {
      "id": "nm0002129",
      "name": "Gregory Harrison",
      "character": "Mr. Thompson"
    },
    {
      "id": "nm1023097",
      "name": "Nicole Paggi",
      "character": "Daisy"
    },
    {
      "id": "nm1682573",
      "name": "Justin Baldoni",
      "character": "Jake"
    },
    {
      "id": "nm1094168",
      "name": "Martha Madison",
      "character": "Sally"
    },
    {
      "id": "nm0041895",
      "name": "Nad\u00e8ge August",
      "character": "Kimmy       (as Nadege August)"
    },
    {
      "id": "nm0356101",
      "name": "Shashawnee Hall",
      "character": "Henry"
    },
    {
      "id": "nm0425322",
      "name": "Jay Kenneth Johnson",
      "character": "Chip"
    },
    {
      "id": "nm1269334",
      "name": "Kayla Mae Maloney",
      "character": "Betsy"
    },
    {
      "id": "nm1485339",
      "name": "David Thomas Jenkins",
      "character": "Robbie"
    },
    {
      "id": "nm0248692",
      "name": "Steven Eckholdt",
      "character": "Cousin Eldridge"
    },
    {
      "id": "nm0710632",
      "name": "Dale Raoul",
      "character": "Aunt Helen"
    },
    {
      "id": "nm0761438",
      "name": "John Sanderford",
      "character": "Bosworth"
    },
    {
      "id": "nm1130991",
      "name": "Terry Maratos",
      "character": "Carlo"
    },
    {
      "id": "nm5449181",
      "name": "Ann Walker",
      "character": "Constance"
    },
    {
      "id": "nm0769302",
      "name": "Rick Scarry",
      "character": "Chesterton"
    },
    {
      "id": "nm0942328",
      "name": "David Grant Wright",
      "character": "Daisy's Minister"
    },
    {
      "id": "nm0576538",
      "name": "Ajay Mehta",
      "character": "Ogul - Turkish Consul"
    },
    {
      "id": "nm0428309",
      "name": "Jamison Jones",
      "character": "Kevin"
    },
    {
      "id": "nm0395580",
      "name": "Dan Horton",
      "character": "Cowboy Eric"
    },
    {
      "id": "nm2062668",
      "name": "Holly Hannula",
      "character": "TV Reporter"
    },
    {
      "id": "nm2263081",
      "name": "Jon Paul Burkhart",
      "character": "Rob"
    },
    {
      "id": "nm0834845",
      "name": "Paul Stroili",
      "character": "Flashback Minister"
    },
    {
      "id": "nm4506329",
      "name": "Adam Crosman",
      "character": "Vince"
    },
    {
      "id": "nm4148165",
      "name": "David James Pryce",
      "character": "Ritchie"
    }
  ],
  "overview": "A bodyguard must go undercover to protect, a tycoon's daughter from death threats before her big wedding day.",
  "storyline": "Texas-born tycoon Thompson hires an expensive security firm for his spoiled-rotten daughter Daisy's grand wedding at his Californian estate. fashion-obsessed airhead Daisy refuses 'goons', so the job has to be done by the only female bodyguard, Tanya, who must overcome her aversion of all things feminine to go undercover as bridesmaid. Suspects abound, notably among the silver spoon groom's frat gang, which includes one fake identity. Incidents occur.",
  "plot": null,
  "synopsis": null
}