{
  "imdb_id": "tt2091325",
  "tmdb_id": "258805",
  "douban_id": null,
  "title": "Bad Johnson (2014)",
  "genres": [
    "Comedy",
    "Fantasy",
    "Romance"
  ],
  "country": "USA",
  "version": [
    {
      "runtime": "88 min",
      "description": ""
    }
  ],
  "imdb_rating": 4.5,
  "director": [
    {
      "id": "nm1428204",
      "name": "Huck Botko"
    }
  ],
  "writer": [
    {
      "id": "nm4307852",
      "name": "Jeff Tetreault",
      "description": null
    }
  ],
  "cast": [
    {
      "id": "nm1512166",
      "name": "Jamie Chung",
      "character": "Jamie"
    },
    {
      "id": "nm1544217",
      "name": "Cam Gigandet",
      "character": "Rich Johnson"
    },
    {
      "id": "nm3211868",
      "name": "Katherine Cunningham",
      "character": "Lindsay Young"
    },
    {
      "id": "nm2326897",
      "name": "Nick Thune",
      "character": "Rich's Penis"
    },
    {
      "id": "nm2606152",
      "name": "Casey Tutton",
      "character": "Teenage Girl"
    },
    {
      "id": "nm5510780",
      "name": "George Lako",
      "character": "Strip Club Patron"
    },
    {
      "id": "nm5098521",
      "name": "Katie Rich",
      "character": "Samantha       (as Katie Riccio)"
    },
    {
      "id": "nm1505467",
      "name": "Jessica Joy",
      "character": "Emily"
    },
    {
      "id": "nm0004239",
      "name": "Meg Thalken",
      "character": "Doctor"
    },
    {
      "id": "nm4830956",
      "name": "Rammel Chan",
      "character": "Chinese Delivery Guy"
    },
    {
      "id": "nm1147477",
      "name": "James E. Foley",
      "character": "Bob       (voice)"
    },
    {
      "id": "nm3251239",
      "name": "Kevin Miller",
      "character": "Josh Nelson"
    },
    {
      "id": "nm1959547",
      "name": "Danny Rhodes",
      "character": "Waiter"
    },
    {
      "id": "nm5847812",
      "name": "Emily Tumen",
      "character": "Catholic Teen Girl"
    },
    {
      "id": "nm4294301",
      "name": "Al Marchesi",
      "character": "Strip Club Patron"
    },
    {
      "id": "nm5253527",
      "name": "Holly Houk",
      "character": "Kimi"
    },
    {
      "id": "nm5090044",
      "name": "James Doherty",
      "character": "Blond Guy       (as James R. Doherty)"
    },
    {
      "id": "nm3220036",
      "name": "Justin Kline",
      "character": "Pharmacy Tech"
    },
    {
      "id": "nm9833207",
      "name": "Christin Marie Nichols",
      "character": "Yoga Girl"
    },
    {
      "id": "nm4102830",
      "name": "Megan Kohl",
      "character": "Mature Woman"
    },
    {
      "id": "nm5340749",
      "name": "Karen Woditsch",
      "character": "Mother"
    },
    {
      "id": "nm4215781",
      "name": "Monte LaMonte",
      "character": "Cop"
    },
    {
      "id": "nm2524575",
      "name": "Gena Ellis",
      "character": "Aunt Judy"
    },
    {
      "id": "nm6300827",
      "name": "Katie Hamilton",
      "character": "Catholic Teen Girl"
    },
    {
      "id": "nm5330000",
      "name": "Jodie Glass",
      "character": "Shopper"
    },
    {
      "id": "nm3355035",
      "name": "Rita Younan",
      "character": "Club Girl"
    },
    {
      "id": "nm6211366",
      "name": "Laura Kallmeyer",
      "character": "Club Girl"
    },
    {
      "id": "nm5979856",
      "name": "J. Anthony Kopec",
      "character": "Businessman Club Patron"
    },
    {
      "id": "nm5145579",
      "name": "Catherine Perzee",
      "character": "Lindsay's Sister"
    },
    {
      "id": "nm5107095",
      "name": "Brooke Berg",
      "character": "Chicago Police Officer"
    },
    {
      "id": "nm5360550",
      "name": "Cory Kahane",
      "character": "Teenage Boy"
    },
    {
      "id": "nm5929322",
      "name": "Vince Tolentino",
      "character": "(Vincent) The Video Game Nerd"
    },
    {
      "id": "nm4692599",
      "name": "Ben Kirberger",
      "character": "Different Waiter"
    }
  ],
  "overview": "Women are practically throwing themselves at Rich and he can\u2019t seem to control himself. But he continually blames his penis, which seems to have a mind of its own. After ruining yet another promising relationship with Jamie, Rich has finally had enough and wishes his penis would just leave him alone. The next morning, Rich wakes up to find his wish has come true and his johnson is no longer on his body. Even worse, Rich is shocked to discover that his penis has taken human form...",
  "storyline": "A charismatic womanizer receives his comeuppance after his penis mysteriously leaves his body and takes human form.",
  "plot": "Rich is a sex addict who ruins every relationship through infidelity. He wishes that his penis would leave him alone. He wakes up one day to find his penis has taken on human form.",
  "synopsis": null
}