{
  "imdb_id": "tt2091343",
  "tmdb_id": "172824",
  "douban_id": null,
  "title": "Loves Her Gun (2013)",
  "genres": [
    "Drama"
  ],
  "country": "USA",
  "version": [
    {
      "runtime": "99 min",
      "description": ""
    }
  ],
  "imdb_rating": 4.9,
  "director": [
    {
      "id": "nm0004082",
      "name": "Geoff Marslett"
    }
  ],
  "writer": [
    {
      "id": "nm0004082",
      "name": "Geoff Marslett",
      "description": null
    },
    {
      "id": "nm4020830",
      "name": "Lauren Modery",
      "description": null
    }
  ],
  "cast": [
    {
      "id": "nm0242654",
      "name": "Trieste Kelly Dunn",
      "character": "Allie"
    },
    {
      "id": "nm2442431",
      "name": "Francisco Barreiro",
      "character": "Clark"
    },
    {
      "id": "nm3332017",
      "name": "Ashley Spillers",
      "character": "Xoe       (as Ashley Rae Spillers)"
    },
    {
      "id": "nm0004082",
      "name": "Geoff Marslett",
      "character": "Dan"
    },
    {
      "id": "nm3614343",
      "name": "Miranda Childs",
      "character": "Nicole"
    },
    {
      "id": "nm8895172",
      "name": "Gail Stairs",
      "character": "Karate Kid Fan (NY)"
    },
    {
      "id": "nm4592583",
      "name": "Chris Lee",
      "character": "Karate Kid Fan (NY)"
    },
    {
      "id": "nm2794782",
      "name": "Ben Oliver",
      "character": "Karate Kid Fan (NY)"
    },
    {
      "id": "nm2696802",
      "name": "Emmett Kerr-Perkinson",
      "character": "Karate Kid Fan (NY)"
    },
    {
      "id": "nm2098574",
      "name": "Geoff Lerer",
      "character": "Johnny"
    },
    {
      "id": "nm3118490",
      "name": "Andrew Kaempfer",
      "character": "Kangaroo"
    },
    {
      "id": "nm6932481",
      "name": "Joey LePage",
      "character": "Pig"
    },
    {
      "id": "nm3558578",
      "name": "Jenny Connell",
      "character": "Joe"
    },
    {
      "id": "nm2097517",
      "name": "Jeremy Pollet",
      "character": "NY Police Officer"
    },
    {
      "id": "nm3961049",
      "name": "Joe Choe",
      "character": "T-Shirt Buyer"
    },
    {
      "id": "nm3544777",
      "name": "Jordan Torres",
      "character": "Dan's Fan"
    },
    {
      "id": "nm8895173",
      "name": "Kristin Kessler",
      "character": "Dan's Fan"
    },
    {
      "id": "nm3611138",
      "name": "Estevan Vianes",
      "character": "The Dan"
    },
    {
      "id": "nm2967388",
      "name": "Melissa Bisagni",
      "character": "Sarah       (as Melissa Hideko Bisagni)"
    },
    {
      "id": "nm6104061",
      "name": "Brandon Overbey",
      "character": "Tube Owner       (as Booger)"
    },
    {
      "id": "nm1272098",
      "name": "Jennymarie Jemison",
      "character": "Pearl"
    },
    {
      "id": "nm2528451",
      "name": "Josephine Decker",
      "character": "Charlotte"
    },
    {
      "id": "nm3408718",
      "name": "Brian Villalobos",
      "character": "Homer"
    },
    {
      "id": "nm3413730",
      "name": "Akasha Villalobos",
      "character": "Miranda"
    },
    {
      "id": "nm3295259",
      "name": "Romina Olson",
      "character": "Lizzy"
    },
    {
      "id": "nm3528704",
      "name": "Ed Hattaway",
      "character": "Homeowner"
    },
    {
      "id": "nm5486983",
      "name": "Michael Jastroch",
      "character": "Michael"
    },
    {
      "id": "nm2358390",
      "name": "Byron Brown",
      "character": "Byron"
    },
    {
      "id": "nm4025537",
      "name": "Christopher Samarripas",
      "character": "Chris"
    },
    {
      "id": "nm3171898",
      "name": "Ren\u00e9e Stairs",
      "character": "Shelly       (as Renee Stairs)"
    },
    {
      "id": "nm0434526",
      "name": "Heather Kafka",
      "character": "Neighbor Debbie"
    },
    {
      "id": "nm1332470",
      "name": "John Merriman",
      "character": "Neighbor Don"
    },
    {
      "id": "nm4027497",
      "name": "Maggie Lea",
      "character": "Clark's Friend"
    },
    {
      "id": "nm8895171",
      "name": "Ebon Johnson",
      "character": "Clark's Friend"
    },
    {
      "id": "nm8895174",
      "name": "Tony M.",
      "character": "Clark's Friend"
    },
    {
      "id": "nm3877737",
      "name": "Eric Johnson",
      "character": "Clark's Co-worker"
    },
    {
      "id": "nm1953775",
      "name": "Chris Doubek",
      "character": "Clerk"
    },
    {
      "id": "nm4711971",
      "name": "Ricardo Palomares",
      "character": "Ricardo"
    },
    {
      "id": "nm8893861",
      "name": "Aasim Syed",
      "character": "Bad Dancer"
    },
    {
      "id": "nm3164205",
      "name": "Leo Rondeau",
      "character": "Country Band"
    },
    {
      "id": "nm8895175",
      "name": "Howdy Darrell",
      "character": "Country Band"
    },
    {
      "id": "nm8895176",
      "name": "Vaughn Walters",
      "character": "Country Band"
    },
    {
      "id": "nm8895177",
      "name": "Cary Ozanian",
      "character": "Country Band"
    },
    {
      "id": "nm5583956",
      "name": "Trace Gillespie",
      "character": "Master BBQer"
    },
    {
      "id": "nm3544736",
      "name": "Leah Moss",
      "character": "BBQ Girl"
    },
    {
      "id": "nm5566107",
      "name": "Vell Smith",
      "character": "Gun Salesman"
    },
    {
      "id": "nm2784614",
      "name": "Robert Howell",
      "character": "TX Police Officer"
    },
    {
      "id": "nm5499386",
      "name": "Kate Robinson",
      "character": "TX Police Detective"
    },
    {
      "id": "nm3873896",
      "name": "Jon Dee Graham",
      "character": "Benevolent Bartender"
    },
    {
      "id": "nm8895178",
      "name": "Xuan Nguyen",
      "character": "Background Folk"
    },
    {
      "id": "nm8895179",
      "name": "Ludwig Salomon",
      "character": "Background Folk"
    },
    {
      "id": "nm3937933",
      "name": "Lucy Bandoh",
      "character": "Background Folk       (as Lucy Bandon)"
    },
    {
      "id": "nm7887742",
      "name": "Dana Anderson",
      "character": "Background Folk"
    },
    {
      "id": "nm6153292",
      "name": "Bernardo Garza",
      "character": "Background Folk"
    },
    {
      "id": "nm0281805",
      "name": "Tracy Fleming",
      "character": "Background Folk"
    },
    {
      "id": "nm8895181",
      "name": "Samantha Davila",
      "character": "Background Folk"
    },
    {
      "id": "nm5082528",
      "name": "Gabriel Pe\u00f1a",
      "character": "Background Folk       (as Gabriel Pena)"
    },
    {
      "id": "nm0732604",
      "name": "Eric Robinson",
      "character": "Background Folk"
    },
    {
      "id": "nm8895182",
      "name": "Johnathan Horne",
      "character": "Background Folk"
    },
    {
      "id": "nm8895183",
      "name": "Nick Cvercko",
      "character": "Background Folk"
    },
    {
      "id": "nm8895184",
      "name": "Stephen Derrick",
      "character": "Background Folk"
    },
    {
      "id": "nm8895185",
      "name": "Melissa Torrente",
      "character": "Background Folk"
    }
  ],
  "overview": "Allie moves to Texas and embraces the slower pace of life and gun culture. She tries to maintain healthy relationships as the weapons she uses to protect herself lead her to a paranoid withdrawal from life.",
  "storyline": "Loves Her Gun is a romantic tragedy about a young woman who flees violence in New York for the laid back environment in central Texas. Once she settles into Austin she falls into the local gun culture and some of her same worries come back to haunt her.",
  "plot": null,
  "synopsis": null
}