{
  "imdb_id": "tt2017561",
  "tmdb_id": "170657",
  "douban_id": null,
  "title": "Journey to the West (2013)",
  "genres": [
    "Action",
    "Adventure",
    "Comedy",
    "Drama",
    "Fantasy",
    "Horror",
    "Romance"
  ],
  "country": "China",
  "version": [
    {
      "runtime": "110 min",
      "description": ""
    }
  ],
  "imdb_rating": 6.8,
  "director": [
    {
      "id": "nm0159507",
      "name": "Stephen Chow"
    },
    {
      "id": "nm0477213",
      "name": "Chi-kin Kwok"
    }
  ],
  "writer": [
    {
      "id": "nm0159507",
      "name": "Stephen Chow",
      "description": "as Xingchi Zhou and"
    },
    {
      "id": "nm0477213",
      "name": "Chi-kin Kwok",
      "description": "as Zijian Guo &"
    },
    {
      "id": "nm0403230",
      "name": "Xin Huo",
      "description": null
    },
    {
      "id": "nm3773382",
      "name": "Yun Wang",
      "description": null
    },
    {
      "id": "nm1385080",
      "name": "Chi Keung Fung",
      "description": "as Zhiqiang Feng &"
    },
    {
      "id": "nm5533999",
      "name": "Zhengyu Lu",
      "description": null
    },
    {
      "id": "nm7914475",
      "name": "Sheung-ching Lee",
      "description": "as Shangzheng Li &"
    },
    {
      "id": "nm0465033",
      "name": "Ivy Kong",
      "description": "as Yuyi Jiang"
    }
  ],
  "cast": [
    {
      "id": "nm0795517",
      "name": "Qi Shu",
      "character": "Miss Duan"
    },
    {
      "id": "nm3491286",
      "name": "Zhang Wen",
      "character": "Xuan Zang"
    },
    {
      "id": "nm2348646",
      "name": "Bo Huang",
      "character": "Sun Wukong"
    },
    {
      "id": "nm3881333",
      "name": "Show Lo",
      "character": "Prince Important"
    },
    {
      "id": "nm7914475",
      "name": "Sheung-ching Lee",
      "character": "Sand Monk"
    },
    {
      "id": "nm5533785",
      "name": "Bingqiang Chen",
      "character": "KL Hog"
    },
    {
      "id": "nm2474015",
      "name": "Sihan Cheng",
      "character": "Master Nameless"
    },
    {
      "id": "nm1789084",
      "name": "Xing Yu",
      "character": "Fist of the North Star       (as Xingyu)"
    },
    {
      "id": "nm5533999",
      "name": "Zhengyu Lu",
      "character": "Killer Yi"
    },
    {
      "id": "nm1787710",
      "name": "Chi Ling Chiu",
      "character": "Killer Er"
    },
    {
      "id": "nm5535093",
      "name": "Di Yang",
      "character": "Killer San"
    },
    {
      "id": "nm3012172",
      "name": "Chrissie Chau",
      "character": "Killer Si"
    },
    {
      "id": "nm5534431",
      "name": "Hangyu Ge",
      "character": "Killer Wu /              Short Monkey King"
    },
    {
      "id": "nm0298676",
      "name": "Min Hun Fung",
      "character": "Taoist Priest"
    },
    {
      "id": "nm5535081",
      "name": "Lun Yeung",
      "character": "Mayor"
    },
    {
      "id": "nm5534433",
      "name": "Chaoli Zhang",
      "character": "Almighty Foot       (as Charlie Zhang)"
    },
    {
      "id": "nm1961378",
      "name": "Wen Hui He",
      "character": "Maple"
    },
    {
      "id": "nm5533667",
      "name": "Yixin Tang",
      "character": "Blossom"
    },
    {
      "id": "nm5533828",
      "name": "Yichun Chen",
      "character": "Gao Family Inn Manager"
    },
    {
      "id": "nm5534705",
      "name": "Zhanling Liu",
      "character": "Gao Family Inn Manager"
    },
    {
      "id": "nm5534132",
      "name": "Xiaochuan Huang",
      "character": "Leader of the Sand People"
    },
    {
      "id": "nm5534690",
      "name": "Yuwen Zhang",
      "character": "Sheng"
    },
    {
      "id": "nm5534166",
      "name": "Min Xu",
      "character": "Mrs. Gen"
    },
    {
      "id": "nm3602481",
      "name": "Jing Li",
      "character": "Gen"
    },
    {
      "id": "nm5534748",
      "name": "Weifu Zhang",
      "character": "Grandpa Gen"
    },
    {
      "id": "nm5533645",
      "name": "Fulin Fan",
      "character": "Muscleman"
    },
    {
      "id": "nm5533814",
      "name": "Qihua Dai",
      "character": "Lan"
    },
    {
      "id": "nm5534422",
      "name": "Kaijie Zhong",
      "character": "Lan's Baby"
    },
    {
      "id": "nm5534196",
      "name": "Jingjing Xie",
      "character": "Fat Lady"
    },
    {
      "id": "nm5534679",
      "name": "Qianwen Yu",
      "character": "Fat Lady's Husband"
    },
    {
      "id": "nm5535005",
      "name": "Wushuang Kong",
      "character": "Singing Girl"
    },
    {
      "id": "nm5534697",
      "name": "Gaoji Li",
      "character": "Taoist Priest Fook"
    },
    {
      "id": "nm5534902",
      "name": "Feifei Wen",
      "character": "Monk Lu"
    },
    {
      "id": "nm5533807",
      "name": "Haisen Huang",
      "character": "Monk Shou"
    },
    {
      "id": "nm1380653",
      "name": "Chet Lam",
      "character": "Xuan Zang       (voice)"
    }
  ],
  "overview": "In a world plagued by demons who cause great human suffering, young demon hunter Xuan Zang risks his all to conquer a water demon, a pig demon and the demon of all demons, Sun Wukong.",
  "storyline": "Tang Sanzang, an aspiring Buddhist hero tries to protect a village from three demons. He develops complex feelings for Miss Duan, the demon hunter who repeatedly helps him, and finally quests to meet the legendary Monkey King.",
  "plot": "The story takes place before Tang Sanzang got his disciples and embarked on the Journey to the West.\n\nA riverside village is terrorized by a mysterious underwater creature. A Taoist priest kills a giant manta ray and insists that it is the demon. Sanzang, a self-proclaimed demon hunter, appears to warn the villagers that the animal is not the true demon. The villagers ignore him and, at the priest's provocation, string him up. The demon reemerges and kills many of villagers. Sanzang frees himself and, along with the survivors, manages to beach the creature, which turns into a man. Sanzang then opens a book of nursery rhymes and begins singing to the demon. Annoyed, the demon attacks Sanzang. Another demon hunter, Duan, captures and turns the demon into a puppet. Sanzang tells to Duan that his master taught him a more humane approach and to use nursery rhymes to coax goodness out of demons, a tactic Duan scoffs at. Disillusioned, Sanzang meets his master and bemoans his lack of capabilities compared to more aggressive demon-hunters. His master reaffirms his humanist philosophy sends Sanzang off again to find \"enlightenment.\"\n\nA couple enters an empty restaurant but the chef reveals himself to be a pig demon and kills them. Sanzang comes to the same restaurant, this time apparently filled with people. Sanzang sees through the illusion and recognizes them as reanimated corpses of the victims, as well as the demon's nine-toothed rake. Duan bursts into the restaurant and destroys all the corpses, and attacks the pig demon. She captures the demon in her magic bag to turn it into a puppet, but it bursts out of the bag and transforms into a huge boar, collapsing the building. Sanzang and Duan retreat. Duan then develops a strong limerence towards Sanzang after being impressed by his selfless ideals. She expresses her feelings, but Sanzang flees, not wishing to deal with romantic love in his quest for nirvana.\n\nSanzang's master advises him to tame the Monkey King demon Sun Wukong (trapped by Buddha) to subdue the pig demon. That night, he is captured by a gang that had also subdued Duan. It is later revealed to be a ploy orchestrated by Duan to trick Sanzang into having sex with her. After Sanzang rejects her again, she has him imprisoned. The pig demon reappears and injures Duan but is chased off by a trio of rivaling demon-hunters. Duan views Sanzang's concern for her injuries as a romantic attraction. After Sanzang refuses her advances again, she destroys his book of nursery rhymes and he leaves.\n\nAfter days of traveling, Sanzang finally discovers a cave under a lotus garden, where Monkey King was trapped in for 500 years. Monkey King tells Sanzang to use a dancer to bait the demon. Duan appears and volunteers to dance. When the pig demon appears Monkey King easily subdues it, allowing Duan to turn it into a puppet. Duan then gives both the fish and pig puppets to Sanzang and offers her golden ringed weapon as an engagement band, but he rejects her again. She leaves after returning his nursery rhyme book, which she had pieced back together, although at random as she is illiterate.\n\nMonkey King tricks Sanzang into removing the seal on his prison and bursts out of the cave. Sanzang begins to pray to Buddha, and an enraged Monkey King rips the hair from his head. The three demon hunters appear to catch Monkey King but he effortlessly kills them. Duan returns and defends Sanzang, but the Monkey King mortally injures her. Sanzang admits he loves her, and Monkey King proceeds to vaporize her body. Looking at the nursery book again, Sanzang realizes Duan accidentally reassembled the words of his book into those of the Buddha Sutra. Sanzang summons Buddha, who defeats Monkey King with the palm of his hand. Sanzang then places Duan's golden ring on Monkey King, and it turns into his restrictive headband.\n\nSanzang tells his master that his suffering due to Duan's loss has helped him to enlightenment. Sanzang is then instructed to travel on a journey to the west (India) for the Buddhist sutras of Leiyin Temple, and it is shown that the Water Buffalo, Pig Demon, and Monkey King have been tamed and turned into humans named, respectively, Sha Wujing, Zhu Bajie and Sun Wukong. As they hike across the desert, Sanzang looks across the sand and sees an image of Duan.",
  "synopsis": null
}