{
  "imdb_id": "tt2157079",
  "tmdb_id": "159174",
  "douban_id": null,
  "title": "Vou Rifar meu Cora\u00e7\u00e3o (2011)",
  "genres": [
    "Documentary",
    "Music",
    "Romance"
  ],
  "country": "Brazil",
  "version": [
    {
      "runtime": "78 min",
      "description": ""
    }
  ],
  "imdb_rating": 7.7,
  "director": [
    {
      "id": "nm4832054",
      "name": "Ana Rieper"
    }
  ],
  "writer": null,
  "cast": [
    {
      "id": "nm3005386",
      "name": "Agnaldo Tim\u00f3teo",
      "character": "Himself"
    },
    {
      "id": "nm1794469",
      "name": "Amado Batista",
      "character": "Himself"
    },
    {
      "id": "nm5450014",
      "name": "Lindomar Castilho",
      "character": "Himself"
    },
    {
      "id": "nm3826321",
      "name": "Nelson Ned",
      "character": "Himself"
    },
    {
      "id": "nm1691278",
      "name": "Odair Jos\u00e9",
      "character": "Himself"
    },
    {
      "id": "nm5449981",
      "name": "Walter de Afogados",
      "character": "Himself"
    },
    {
      "id": "nm1253683",
      "name": "Wando",
      "character": "Himself"
    }
  ],
  "overview": null,
  "storyline": "Documentary on the Brazilian romantic, sentimental and erotic imaginary based on the works of the most important composers of popular romantic music, genre also known as brega (cheesy). The lyrics of songs by well known and loved artists, create a true chronicle of the Brazilian romantic habits. In I will Raffle off my Heart, the themes of the songs are very close and connected to the romantic dramas and experiences of real people, and the film faces the challenge of showing them in real situations talking about their lives.",
  "plot": null,
  "synopsis": null
}