{
  "imdb_id": "tt2174896",
  "tmdb_id": "250777",
  "douban_id": null,
  "title": "To Be Takei (2014)",
  "genres": [
    "Documentary",
    "Biography"
  ],
  "country": "USA",
  "version": [
    {
      "runtime": "94 min",
      "description": ""
    },
    {
      "runtime": "54 min",
      "description": "TV"
    }
  ],
  "imdb_rating": 6.9,
  "director": [
    {
      "id": "nm1464376",
      "name": "Jennifer M. Kroot"
    }
  ],
  "writer": null,
  "cast": [
    {
      "id": "nm0001786",
      "name": "George Takei",
      "character": "Himself"
    },
    {
      "id": "nm2811871",
      "name": "Brad Takei",
      "character": "Himself       (as Brad Takei)"
    },
    {
      "id": "nm0000479",
      "name": "Walter Koenig",
      "character": "Himself"
    },
    {
      "id": "nm0000638",
      "name": "William Shatner",
      "character": "Himself"
    },
    {
      "id": "nm0025066",
      "name": "Tom Ammiano",
      "character": "Himself"
    },
    {
      "id": "nm2035106",
      "name": "Antonio Brown",
      "character": "Himself"
    },
    {
      "id": "nm0158626",
      "name": "John Cho",
      "character": "Himself"
    },
    {
      "id": "nm0409336",
      "name": "Daniel Inouye",
      "character": "Himself"
    },
    {
      "id": "nm5102422",
      "name": "Jay Kuo",
      "character": ""
    },
    {
      "id": "nm2044656",
      "name": "Telly Leung",
      "character": "Himself"
    },
    {
      "id": "nm3115912",
      "name": "Norman Mineta",
      "character": "Himself"
    },
    {
      "id": "nm0629667",
      "name": "Nichelle Nichols",
      "character": "Herself"
    },
    {
      "id": "nm0000559",
      "name": "Leonard Nimoy",
      "character": "Himself"
    },
    {
      "id": "nm0664624",
      "name": "Eddie Paskey",
      "character": "Himself"
    },
    {
      "id": "nm0758964",
      "name": "Lea Salonga",
      "character": "Herself"
    },
    {
      "id": "nm0767280",
      "name": "Dan Savage",
      "character": "Himself"
    },
    {
      "id": "nm7100173",
      "name": "Jeff Selby",
      "character": "Himself"
    },
    {
      "id": "nm0001769",
      "name": "Howard Stern",
      "character": "Himself"
    },
    {
      "id": "nm5103451",
      "name": "Lorenzo Thione",
      "character": ""
    },
    {
      "id": "nm0000696",
      "name": "Wil Wheaton",
      "character": "Himself"
    },
    {
      "id": "nm0000703",
      "name": "BD Wong",
      "character": "Himself"
    },
    {
      "id": "nm5102370",
      "name": "Jimi Yamaichi",
      "character": ""
    }
  ],
  "overview": "Over seven decades, actor and activist George Takei journeyed from a World War II internment camp to the helm of the Starship Enterprise, and then to the daily news feeds of five million Facebook fans. Join George and his husband, Brad, on a wacky and profound trek for life, liberty, and love.",
  "storyline": "From outer space to Capitol Hill, from the silver screen to YouTube, the legendary George Takei has blazed his own trail while conquering new frontiers with a beaming trademark grin. Oh, my! To Be Takei is a look at the many roles played by eclectic 77-year-old actor/activist George Takei. His wit, humor and grace have helped him to become an internationally beloved figure and Internet phenomenon with 7-million Facebook fans and counting. The film offers unprecedented access to the daily life of George and his husband/business partner Brad and chronicles George's fascinating personal journey from Japanese American internment camp to his iconic and groundbreaking role as Sulu on \"Star Trek,\" and his rise as an pop culture icon.",
  "plot": null,
  "synopsis": null
}