{
  "imdb_id": "tt2179086",
  "tmdb_id": "137609",
  "douban_id": null,
  "title": "Germany from Above (TV Series 2010\u20132013)",
  "genres": [
    "Documentary"
  ],
  "country": "Germany",
  "version": [
    {
      "runtime": "43 min",
      "description": "12 episodes"
    }
  ],
  "imdb_rating": 7.5,
  "director": [
    {
      "id": "nm2586473",
      "name": "Petra H\u00f6fer"
    },
    {
      "id": "nm1859795",
      "name": "Freddie R\u00f6ckenhaus"
    }
  ],
  "writer": [
    {
      "id": "nm2586473",
      "name": "Petra H\u00f6fer",
      "description": null
    },
    {
      "id": "nm1859795",
      "name": "Freddie R\u00f6ckenhaus",
      "description": null
    }
  ],
  "cast": [
    {
      "id": "nm0090862",
      "name": "Leon Boden",
      "character": "Narrator                  12 episodes, 2010-2015"
    },
    {
      "id": "nm0905058",
      "name": "Benjamin V\u00f6lz",
      "character": "Narrator                  unknown episodes"
    }
  ],
  "overview": null,
  "storyline": null,
  "plot": null,
  "synopsis": null
}