{
  "imdb_id": "tt2112868",
  "tmdb_id": "84347",
  "douban_id": null,
  "title": "Under African Skies (2012)",
  "genres": [
    "Documentary",
    "Biography",
    "History",
    "Music"
  ],
  "country": "USA",
  "version": [
    {
      "runtime": "108 min",
      "description": ""
    }
  ],
  "imdb_rating": 7.8,
  "director": [
    {
      "id": "nm0075666",
      "name": "Joe Berlinger"
    }
  ],
  "writer": null,
  "cast": [
    {
      "id": "nm0800328",
      "name": "Paul Simon",
      "character": "Himself"
    },
    {
      "id": "nm0029723",
      "name": "Maya Angelou",
      "character": "Herself"
    },
    {
      "id": "nm4776007",
      "name": "Okeyerama Asante",
      "character": "Himself"
    },
    {
      "id": "nm0000896",
      "name": "Harry Belafonte",
      "character": "Himself"
    },
    {
      "id": "nm0126154",
      "name": "David Byrne",
      "character": "Himself"
    },
    {
      "id": "nm2712514",
      "name": "Tony Cedras",
      "character": "Himself"
    },
    {
      "id": "nm0300272",
      "name": "Peter Gabriel",
      "character": "Himself"
    },
    {
      "id": "nm0001275",
      "name": "Philip Glass",
      "character": "Himself"
    },
    {
      "id": "nm0000155",
      "name": "Whoopi Goldberg",
      "character": "Herself"
    },
    {
      "id": "nm3026894",
      "name": "Roy Halee",
      "character": "Himself"
    },
    {
      "id": "nm0005065",
      "name": "Quincy Jones",
      "character": "Himself"
    },
    {
      "id": "nm3981141",
      "name": "Vusi Khumalo",
      "character": "Himself"
    },
    {
      "id": "nm0474756",
      "name": "Bakithi Kumalo",
      "character": "Himself"
    },
    {
      "id": "nm1142020",
      "name": "Ladysmith Black Mambazo,",
      "character": "Himself"
    },
    {
      "id": "nm4776091",
      "name": "Koloi Lebona",
      "character": "Himself"
    },
    {
      "id": "nm0556249",
      "name": "Hugh Masekela",
      "character": "Himself"
    },
    {
      "id": "nm0005200",
      "name": "Paul McCartney",
      "character": "Himself"
    },
    {
      "id": "nm0584427",
      "name": "Lorne Michaels",
      "character": "Himself"
    },
    {
      "id": "nm4776042",
      "name": "Sonti Mndebele",
      "character": "Himself"
    },
    {
      "id": "nm4774812",
      "name": "Isaac Mtshali",
      "character": "Himself"
    },
    {
      "id": "nm1191996",
      "name": "Jon Pareles",
      "character": "Himself"
    },
    {
      "id": "nm0681064",
      "name": "Ray Phiri",
      "character": "Himself"
    },
    {
      "id": "nm4774872",
      "name": "Barney Rachabane",
      "character": "Himself"
    },
    {
      "id": "nm0742764",
      "name": "Hilton Rosenthal",
      "character": "Himself"
    },
    {
      "id": "nm4776131",
      "name": "John Selolwane",
      "character": "Himself"
    },
    {
      "id": "nm4774742",
      "name": "Wally Serote",
      "character": "Himself"
    },
    {
      "id": "nm0787039",
      "name": "Joseph Shabalala",
      "character": "Himself"
    },
    {
      "id": "nm4775384",
      "name": "Dali Tambo",
      "character": "Himself"
    },
    {
      "id": "nm0001856",
      "name": "Oprah Winfrey",
      "character": "Herself"
    }
  ],
  "overview": "Paul Simon returns to South Africa to explore the incredible journey of his historic Graceland album, including the political backlash he received for allegedly breaking the UN cultural boycott of South Africa designed to end the Apartheid regime.  On the 25th anniversary of Paul Simon's GRACELAND, acclaimed documentary filmmaker Joe Berlinger offers a glimpse at the controversy surrounding the decision to record the album in South Africa despite a UN boycott of the nation, which was aimed at ending apartheid. In the run-up to an eagerly anticipated reunion concert, Simon, Quincy Jones, Peter Gabriel, David Byrne, Harry Belafonte, Paul McCartney and others reflect on the decision to record with local artists in South Africa, and the cultural impact of the album that delivered such hits as \"I Know What I Know\" and \"You Can Call Me Al.\"",
  "storyline": "Paul Simon returns to South Africa to explore the journey of his Graceland album, including the political backlash he received for allegedly breaking the UN cultural boycott of South Africa designed to end the Apartheid regime.",
  "plot": null,
  "synopsis": null
}