{
  "imdb_id": "tt2120128",
  "tmdb_id": "159604",
  "douban_id": null,
  "title": "Death Grip (Video 2012)",
  "genres": [
    "Action"
  ],
  "country": "USA",
  "version": [
    {
      "runtime": "96 min",
      "description": ""
    }
  ],
  "imdb_rating": 6.4,
  "director": [
    {
      "id": "nm2009674",
      "name": "Eric Jacobus"
    }
  ],
  "writer": [
    {
      "id": "nm2009674",
      "name": "Eric Jacobus",
      "description": "story"
    },
    {
      "id": "nm2009674",
      "name": "Eric Jacobus",
      "description": "writer"
    },
    {
      "id": "nm3642838",
      "name": "Pete Lee",
      "description": "story"
    }
  ],
  "cast": [
    {
      "id": "nm2009674",
      "name": "Eric Jacobus",
      "character": "Kenny Zemacus"
    },
    {
      "id": "nm3766465",
      "name": "Nathan Hoskins",
      "character": "Mark Zemacus"
    },
    {
      "id": "nm0097765",
      "name": "Johnny Yong Bosch",
      "character": "Torch"
    },
    {
      "id": "nm4786017",
      "name": "Rebecca Ahn",
      "character": "Rindy"
    },
    {
      "id": "nm2373321",
      "name": "Chelsea Steffensen",
      "character": "Michael"
    },
    {
      "id": "nm4516756",
      "name": "Alvin Hsing",
      "character": "Dominic"
    },
    {
      "id": "nm2373107",
      "name": "Ray Carbonel",
      "character": "Vince"
    },
    {
      "id": "nm3327053",
      "name": "Caitlyn Corson",
      "character": "Sacrificial Woman"
    },
    {
      "id": "nm4786029",
      "name": "Sean Rochford",
      "character": "Joe"
    },
    {
      "id": "nm3838101",
      "name": "Victor Repizo",
      "character": "Mazotti"
    },
    {
      "id": "nm4786213",
      "name": "Cynthia Ayala",
      "character": "Candice"
    },
    {
      "id": "nm2828370",
      "name": "Shaun Finney",
      "character": "Compound Knight 1"
    },
    {
      "id": "nm2012900",
      "name": "Ed Kahana",
      "character": "Punk 1"
    },
    {
      "id": "nm4786694",
      "name": "Jason Jiho Kim",
      "character": "Punk 3"
    },
    {
      "id": "nm4786663",
      "name": "LaChe Milo",
      "character": "Social Worker"
    },
    {
      "id": "nm4786628",
      "name": "Alex Ng",
      "character": "Museum Guard 1"
    },
    {
      "id": "nm2425327",
      "name": "Lucas Okuma",
      "character": "Compound Knight 2"
    },
    {
      "id": "nm4786860",
      "name": "Orlando Redden",
      "character": "Museum Guard 2"
    },
    {
      "id": "nm4786660",
      "name": "Yun Yang",
      "character": "Punk 2"
    }
  ],
  "overview": "In an effort to set his life straight, Kenny Zemacus checks his autistic brother Mark out of the care home where he's spent the past fifteen years since their mother's death. When Kenny reluctantly brings Mark on a last minute museum catering gig, Mark unwittingly entangles them in a dangerous heist involving the museum's showpiece -- the Silver Coin of Judas -- and a murderous satanic cult known as The Knights of Judas. The two brothers are propelled into the cult's demonic world where they must fight for their lives and face the depths of their own dark past.",
  "storyline": "In an effort to set his life straight, Kenny Zemacus checks his autistic brother Mark out of the care home where he's spent the past fifteen years since their mother's death. When Kenny reluctantly brings Mark on a last minute museum catering gig, Mark unwittingly entangles them in a dangerous heist involving the museum's showpiece-the Silver Coin of Judas-and a murderous satanic cult known as The Knights of Judas. The two brothers are propelled into the cult's demonic world where they must fight for their lives and face the depths of their own dark past.",
  "plot": null,
  "synopsis": null
}