{
  "imdb_id": "tt2147728",
  "tmdb_id": "110550",
  "douban_id": null,
  "title": "I Used to Be Darker (2013)",
  "genres": [
    "Drama",
    "Music"
  ],
  "country": "USA",
  "version": [
    {
      "runtime": "89 min",
      "description": ""
    }
  ],
  "imdb_rating": 5.6,
  "director": [
    {
      "id": "nm2275041",
      "name": "Matthew Porterfield"
    }
  ],
  "writer": [
    {
      "id": "nm5047017",
      "name": "Amy Belk",
      "description": "screenplay and"
    },
    {
      "id": "nm2275041",
      "name": "Matthew Porterfield",
      "description": "screenplay"
    }
  ],
  "cast": [
    {
      "id": "nm5047164",
      "name": "Deragh Campbell",
      "character": "Taryn"
    },
    {
      "id": "nm2193120",
      "name": "Hannah Gross",
      "character": "Abby"
    },
    {
      "id": "nm5047355",
      "name": "Ned Oldham",
      "character": "Bill"
    },
    {
      "id": "nm5047691",
      "name": "Kim Taylor",
      "character": "Kim"
    },
    {
      "id": "nm5156493",
      "name": "Nicholas Petr",
      "character": "Nick"
    },
    {
      "id": "nm1458707",
      "name": "Geoff Grace",
      "character": "Geoff"
    },
    {
      "id": "nm2650819",
      "name": "Ad\u00e8le Exarchopoulos",
      "character": "Camille"
    },
    {
      "id": "nm3824611",
      "name": "Declan Sammon",
      "character": "Sam"
    },
    {
      "id": "nm5156769",
      "name": "Jack Carneal",
      "character": "Jack"
    },
    {
      "id": "nm0955704",
      "name": "Jimi Zhivago",
      "character": "Jimi"
    },
    {
      "id": "nm5156862",
      "name": "Ellis Woodward",
      "character": "Tom"
    },
    {
      "id": "nm5156765",
      "name": "John Belanger",
      "character": "Ben"
    },
    {
      "id": "nm4817601",
      "name": "Greg Shull",
      "character": "Concert Goer"
    }
  ],
  "overview": "When Taryn, a Northern Irish runaway, finds herself in trouble in Ocean City, MD, she seeks refuge with her aunt and uncle in Baltimore. But Kim and Bill have problems of their own: they\u2019re trying to handle the end of their marriage gracefully for the sake of their daughter Abby, just home from her first year of college. A story of family revelations, people finding each other and letting each other go, looking for love where they\u2019ve found it before and, when that doesn\u2019t work, figuring out where they might find it next.",
  "storyline": "When Taryn, a Northern Irish runaway, finds herself in trouble in Ocean City, MD, she seeks refuge with her aunt and uncle in Baltimore. But Kim and Bill have problems of their own: they're trying to handle the end of their marriage gracefully for the sake of their daughter Abby, just home from her first year of college. A story of family revelations, people finding each other and letting each other go, looking for love where they've found it before and, when that doesn't work, figuring out where they might find it next.",
  "plot": "This article needs a plot summary. Please add one in your own words. (February 2015)",
  "synopsis": null
}