{
  "imdb_id": "tt2171118",
  "tmdb_id": "176175",
  "douban_id": null,
  "title": "Sugar Kisses (2013)",
  "genres": [
    "Drama"
  ],
  "country": "Mexico",
  "version": [
    {
      "runtime": "85 min",
      "description": ""
    }
  ],
  "imdb_rating": 6.0,
  "director": [
    {
      "id": "nm0190860",
      "name": "Carlos Cuar\u00f3n"
    }
  ],
  "writer": [
    {
      "id": "nm0190860",
      "name": "Carlos Cuar\u00f3n",
      "description": null
    },
    {
      "id": "nm5042381",
      "name": "Luis Usabiaga",
      "description": null
    }
  ],
  "cast": [
    {
      "id": "nm5556511",
      "name": "C\u00e9sar Kancino",
      "character": "Nacho"
    },
    {
      "id": "nm5556490",
      "name": "Daniela Arce",
      "character": "Mayra"
    },
    {
      "id": "nm2946712",
      "name": "Kristyan Ferrer",
      "character": "Chiquibuki       (as Kristian Ferrer)"
    },
    {
      "id": "nm1227481",
      "name": "Veronica Falc\u00f3n",
      "character": "Diabla"
    },
    {
      "id": "nm9175376",
      "name": "Yolanda Mart\u00ednez",
      "character": "Do\u00f1a Delfina"
    },
    {
      "id": "nm2629828",
      "name": "Paloma Arredondo",
      "character": "Licha"
    },
    {
      "id": "nm1593379",
      "name": "Enrique Arreola",
      "character": "Joao"
    },
    {
      "id": "nm0422948",
      "name": "H\u00e9ctor Jim\u00e9nez",
      "character": "Cacayo"
    },
    {
      "id": "nm4564562",
      "name": "Regina Garc\u00eda",
      "character": "Yosel\u00edn"
    },
    {
      "id": "nm9175377",
      "name": "Genaro Mendiola",
      "character": "Alexis"
    },
    {
      "id": "nm2396065",
      "name": "Jorge Mondrag\u00f3n",
      "character": "Chilakill"
    },
    {
      "id": "nm4999925",
      "name": "Elida Contreras",
      "character": "La Chuky"
    },
    {
      "id": "nm0650467",
      "name": "Graciela Orozco",
      "character": "Mam\u00e1 de Cacayo"
    },
    {
      "id": "nm9175378",
      "name": "Dominique Tardif",
      "character": "Citlali"
    },
    {
      "id": "nm9175379",
      "name": "Javier C\u00e1rcamo",
      "character": "C\u00e1bula 1"
    },
    {
      "id": "nm3600749",
      "name": "Bernardo Terrones",
      "character": "Chocotorro       (as Moroco Terrones)"
    },
    {
      "id": "nm4725296",
      "name": "Jos\u00e9 Juan De La O.",
      "character": "Pareja polic\u00eda"
    },
    {
      "id": "nm5024771",
      "name": "Edgar Marchena",
      "character": "Veintea\u00f1ero"
    }
  ],
  "overview": "Nacho, a 13 year old boy, crosses the threshold of adolescence trying to find his place in life in all the wrong places: a dysfunctional family and a social setting that is corrupt and violent. Can the purity of first love survive the darkest aspects of our society?",
  "storyline": "Nacho is a kid that has a crush into Mayra, the daughter of the leader of a gang of thieves and street vendors, La Diabla. She opposed to that relationship, and Nacho and Mayra will discover the love and the first steps into adulthood.",
  "plot": null,
  "synopsis": null
}