{
  "imdb_id": "tt2140381",
  "tmdb_id": "228148",
  "douban_id": null,
  "title": "Bald Mountain (2013)",
  "genres": [
    "Drama",
    "Western"
  ],
  "country": "Brazil",
  "version": [
    {
      "runtime": "120 min",
      "description": ""
    }
  ],
  "imdb_rating": 7.0,
  "director": [
    {
      "id": "nm1104944",
      "name": "Heitor Dhalia"
    }
  ],
  "writer": [
    {
      "id": "nm1104944",
      "name": "Heitor Dhalia",
      "description": null
    },
    {
      "id": "nm2183022",
      "name": "Vera Egito",
      "description": null
    }
  ],
  "cast": [
    {
      "id": "nm0609944",
      "name": "Wagner Moura",
      "character": "Lindo Rico"
    },
    {
      "id": "nm6320498",
      "name": "Silvero Pereira",
      "character": "Severino"
    },
    {
      "id": "nm2981006",
      "name": "Laura Neiva",
      "character": ""
    },
    {
      "id": "nm0618690",
      "name": "Matheus Nachtergaele",
      "character": "Coronel Carvalho"
    },
    {
      "id": "nm0028067",
      "name": "J\u00falio Andrade",
      "character": "Joaquim"
    },
    {
      "id": "nm4916455",
      "name": "Jesu\u00edta Barbosa",
      "character": "Navalha"
    },
    {
      "id": "nm2410851",
      "name": "Sophie Charlotte",
      "character": "Tereza"
    },
    {
      "id": "nm2131960",
      "name": "Juliano Cazarr\u00e9",
      "character": "Juliano"
    },
    {
      "id": "nm6203022",
      "name": "Demick Lopes",
      "character": ""
    }
  ],
  "overview": "In 1980, best friends Juliano and Joaquin join the gold rush at Serra Pelada, Bald Mountain, a mountain town near the mighty Amazon river. As the town grows in numbers, it also sees an explosion in violent crime and pollution. Soon the friends' dreams of hitting the jack pot are shattered. Winner of the 2014 Cinema Brazil Grand Prize.",
  "storyline": "1980s. Juliano and Joaquin are best friends who get excited when learning of Serra Pelada, the largest open pit gold mine decides to leave from St. Paul and to the local dreaming of wealth. But, shortly after arriving, everything changes in their lives.",
  "plot": null,
  "synopsis": "1980. Two friends Juliano (Juliano Carazz\u00e9) and Joaquim (J\u00falio Andrade) leave S\u00e3o Paulo looking for a gold dream. They arrive in Amazon Jungle like millions of other men, full of dreams and illusions. But the obsession for the richness and power in the mining change their lives. A history about the gold fever, greed and violence in the biggest open gold mining in the world, Serra Pelada."
}