{
  "imdb_id": "tt2194599",
  "tmdb_id": "170759",
  "douban_id": "10739401",
  "title": "Kokow\u00e4\u00e4h 2 (2013)",
  "genres": [
    "Comedy"
  ],
  "country": "Germany",
  "version": [
    {
      "runtime": "122 min",
      "description": ""
    }
  ],
  "imdb_rating": 5.5,
  "director": [
    {
      "id": "nm0001709",
      "name": "Til Schweiger"
    },
    {
      "id": "nm0478194",
      "name": "Torsten K\u00fcnstler"
    }
  ],
  "writer": [
    {
      "id": "nm2030218",
      "name": "B\u00e9la Jarzyk",
      "description": "screenplay and"
    },
    {
      "id": "nm0001709",
      "name": "Til Schweiger",
      "description": "screenplay"
    }
  ],
  "cast": [
    {
      "id": "nm3828198",
      "name": "Arthur Abraham",
      "character": "Bruder 2 Verk\u00e4uferin"
    },
    {
      "id": "nm4799983",
      "name": "Andreas Adam",
      "character": "Yuppie"
    },
    {
      "id": "nm5811172",
      "name": "Sascha Alexander",
      "character": "Casting Director"
    },
    {
      "id": "nm1653163",
      "name": "Loyd Bateman",
      "character": "Loyd Bateman"
    },
    {
      "id": "nm1715205",
      "name": "Jytte-Merle B\u00f6hrnsen",
      "character": "Anna"
    },
    {
      "id": "nm4990087",
      "name": "Sarah Brandner",
      "character": "Barkeeperin"
    },
    {
      "id": "nm0108951",
      "name": "Anne-Sophie Briest",
      "character": "Samanthas Mutter"
    },
    {
      "id": "nm4273224",
      "name": "Paula Bruss",
      "character": "Ringm\u00e4dchen"
    },
    {
      "id": "nm0121972",
      "name": "Gedeon Burkhard",
      "character": "Luc"
    },
    {
      "id": "nm5187493",
      "name": "Sofia Eroshevic",
      "character": "M\u00e4dchen"
    },
    {
      "id": "nm0278373",
      "name": "Samuel Finzi",
      "character": "Tristan"
    },
    {
      "id": "nm0314056",
      "name": "Jasmin Gerat",
      "character": "Katharina"
    },
    {
      "id": "nm2320246",
      "name": "Britta Hammelstein",
      "character": "Groupie 1"
    },
    {
      "id": "nm0421799",
      "name": "Julia Jentsch",
      "character": "Nicks Mutter"
    },
    {
      "id": "nm1165479",
      "name": "Paula Kalenberg",
      "character": "Groupie 2"
    },
    {
      "id": "nm0478194",
      "name": "Torsten K\u00fcnstler",
      "character": "The Rock"
    },
    {
      "id": "nm4006487",
      "name": "Martin Laue",
      "character": "Arbeiter"
    },
    {
      "id": "nm4857631",
      "name": "Nicole Lechmann",
      "character": "Kassiererin"
    },
    {
      "id": "nm3359746",
      "name": "Nico Liersch",
      "character": "Max"
    },
    {
      "id": "nm4137860",
      "name": "Maurizio Magno",
      "character": "Nick"
    },
    {
      "id": "nm1382571",
      "name": "Michael Ostrowski",
      "character": "Fichtlhuber"
    },
    {
      "id": "nm1735235",
      "name": "Narges Rashidi",
      "character": "Verk\u00e4uferin"
    },
    {
      "id": "nm3867866",
      "name": "Jana Reinermann",
      "character": "Nadja"
    },
    {
      "id": "nm1247093",
      "name": "Lars Richter",
      "character": "Kaufhaus-Leiter"
    },
    {
      "id": "nm3796859",
      "name": "Anna-Katharina Samsel",
      "character": "Nanny"
    },
    {
      "id": "nm0845205",
      "name": "Oscar Ortega S\u00e1nchez",
      "character": "Kaufhaus-Detektiv"
    },
    {
      "id": "nm4444614",
      "name": "Elisa Sch\u00e4fer",
      "character": "Hausm\u00e4dchen Matthias"
    },
    {
      "id": "nm0770773",
      "name": "David Scheller",
      "character": "Umzugshelfer"
    },
    {
      "id": "nm5870716",
      "name": "Magnus Schott",
      "character": "Baby Louis"
    },
    {
      "id": "nm5870717",
      "name": "Ruben Schott",
      "character": "Baby Louis"
    },
    {
      "id": "nm2912860",
      "name": "Emma Schweiger",
      "character": "Magdalena"
    },
    {
      "id": "nm5870718",
      "name": "Herbert Schweiger",
      "character": "Papa Nicks Mutter"
    },
    {
      "id": "nm2805825",
      "name": "Luna Schweiger",
      "character": "Samantha"
    },
    {
      "id": "nm5870719",
      "name": "Monika Schweiger",
      "character": "Mama Nicks Mutter"
    },
    {
      "id": "nm0001709",
      "name": "Til Schweiger",
      "character": "Henry"
    },
    {
      "id": "nm0777788",
      "name": "Matthias Schweigh\u00f6fer",
      "character": "Matthias"
    },
    {
      "id": "nm1841486",
      "name": "Constantin von Seld",
      "character": "Kaufhaus-Kunde"
    },
    {
      "id": "nm3724010",
      "name": "Jahmar Walker",
      "character": "Fettbacke"
    },
    {
      "id": "nm0935144",
      "name": "Steffen Wink",
      "character": "Handwerker"
    },
    {
      "id": "nm0947989",
      "name": "Erdal Yildiz",
      "character": "Bruder 1 Verk\u00e4uferin"
    },
    {
      "id": "nm0956288",
      "name": "Helmut Zierl",
      "character": "Verleihchef"
    },
    {
      "id": "nm1450390",
      "name": "Stefan Kretzschmar",
      "character": "Stefan"
    },
    {
      "id": "nm3349980",
      "name": "Robin Czerny",
      "character": "Manni"
    }
  ],
  "overview": "Who said a patchwork family is without problems? Two years after the turbulence of Kokow\u00e4\u00e4h, everyday life turns to everyday chaos\u2026",
  "storyline": "Henry,his daughter Magda,his girlfriend Katharina and their newborn son live together happily,but everything starts to change when Katherina decides to live separately for a while.",
  "plot": null,
  "synopsis": null
}