{
  "imdb_id": "tt2192242",
  "tmdb_id": "266432",
  "douban_id": null,
  "title": "Cold Sunday (2012)",
  "genres": [
    "Mystery",
    "Thriller"
  ],
  "country": "Czech Republic",
  "version": [
    {
      "runtime": "92 min",
      "description": ""
    }
  ],
  "imdb_rating": 5.2,
  "director": [
    {
      "id": "nm1156141",
      "name": "Ivan Pokorn\u00fd"
    }
  ],
  "writer": [
    {
      "id": "nm0698294",
      "name": "Iva Proch\u00e1zkov\u00e1",
      "description": "writer"
    }
  ],
  "cast": [
    {
      "id": "nm0419205",
      "name": "Robert Jask\u00f3w",
      "character": "Adam"
    },
    {
      "id": "nm6860354",
      "name": "Josef Kader\u00e1bek",
      "character": "Cibul\u00e1r"
    },
    {
      "id": "nm0575922",
      "name": "Tatjana Medveck\u00e1",
      "character": "Neighbour"
    },
    {
      "id": "nm4746804",
      "name": "Ad\u00e9la Petrekov\u00e1",
      "character": "Dora"
    },
    {
      "id": "nm1127120",
      "name": "Jan Plouhar",
      "character": "Martin"
    },
    {
      "id": "nm0688697",
      "name": "Ivan Pokorn\u00fd",
      "character": ""
    },
    {
      "id": "nm1186098",
      "name": "Krystof R\u00edmsk\u00fd",
      "character": "Richard"
    },
    {
      "id": "nm1979332",
      "name": "Jiri Severa",
      "character": ""
    },
    {
      "id": "nm0834044",
      "name": "Miroslav Streda",
      "character": ""
    },
    {
      "id": "nm0959154",
      "name": "Zdenek Z\u00e1k",
      "character": "Police Officer"
    }
  ],
  "overview": "A seemingly harmless fit of jealousy between two lovers brings about an increasingly sinister entanglement of events. Hidden secrets are revealed, sly lies are decoded, and eventually the characters begin to show their true colors. In this thriller, gripping until the last minute, nothing is as it appears to be at first sight",
  "storyline": "A seemingly harmless fit of jealousy between two lovers brings about an increasingly sinister entanglement of events. Hidden secrets are revealed, sly lies are decoded, and eventually the characters begin to show their true colors. In this thriller, gripping until the last minute, nothing is as it appears to be at first sight.",
  "plot": null,
  "synopsis": null
}