{
  "imdb_id": "tt2186566",
  "tmdb_id": "235044",
  "douban_id": null,
  "title": "The Little Ghost (2013)",
  "genres": [
    "Family",
    "Fantasy"
  ],
  "country": "Germany",
  "version": [
    {
      "runtime": "92 min",
      "description": ""
    }
  ],
  "imdb_rating": 5.8,
  "director": [
    {
      "id": "nm1312629",
      "name": "Alain Gsponer"
    }
  ],
  "writer": [
    {
      "id": "nm0696623",
      "name": "Otfried Preu\u00dfler",
      "description": "book"
    },
    {
      "id": "nm0728894",
      "name": "Martin Ritzenhoff",
      "description": "screenplay"
    }
  ],
  "cast": [
    {
      "id": "nm4448332",
      "name": "Jonas Holdenrieder",
      "character": "Karl"
    },
    {
      "id": "nm5089584",
      "name": "Emily Kusche",
      "character": "Marie"
    },
    {
      "id": "nm3970865",
      "name": "Nico Hartung",
      "character": "Hannes"
    },
    {
      "id": "nm0460578",
      "name": "Herbert Knaup",
      "character": "Uhrmachermeister Zifferle"
    },
    {
      "id": "nm1552137",
      "name": "Bettina Stucky",
      "character": "Lehrerin Thalmeyer"
    },
    {
      "id": "nm0643805",
      "name": "Uwe Ochsenknecht",
      "character": "Der B\u00fcrgermeister /              General Torsten Torstenson"
    },
    {
      "id": "nm4057607",
      "name": "Carlos Richter",
      "character": "Peter"
    },
    {
      "id": "nm0580930",
      "name": "Stefan Merki",
      "character": "Hauptbrandmeister"
    },
    {
      "id": "nm0443223",
      "name": "Aykut Kayacik",
      "character": "Burgverwalter"
    },
    {
      "id": "nm0821113",
      "name": "Aljoscha Stadelmann",
      "character": "Polizei-Hauptmann"
    },
    {
      "id": "nm3348280",
      "name": "Till Valentin Winter",
      "character": "Rudolf"
    },
    {
      "id": "nm0743088",
      "name": "Judith Rosmair",
      "character": "Gr\u00e4fin"
    },
    {
      "id": "nm0096700",
      "name": "Sandra Borgmann",
      "character": "Mutter von Karl"
    },
    {
      "id": "nm0436965",
      "name": "Stephan Kampwirth",
      "character": "Vater von Karl"
    },
    {
      "id": "nm0124964",
      "name": "Jaymes Butler",
      "character": "Postbote"
    },
    {
      "id": "nm0856917",
      "name": "Anna Thalbach",
      "character": "Das kleine Gespenst       (voice)"
    },
    {
      "id": "nm0381538",
      "name": "Wolfgang Hess",
      "character": "Uhu Schuhu       (voice)"
    },
    {
      "id": "nm1319296",
      "name": "Matthias Kupfer",
      "character": "Postbote       (voice)"
    },
    {
      "id": "nm5391232",
      "name": "Lilimar",
      "character": "Marie       (voice) (as Lilimar Hernandez)"
    },
    {
      "id": "nm0676744",
      "name": "Pierre Peters-Arnolds",
      "character": "Narrator       (voice)"
    },
    {
      "id": "nm5391903",
      "name": "Samuel Sadovnik",
      "character": "Ghost"
    }
  ],
  "overview": "The Little Ghost lives in the castle over looking a small town and awakens for precisely one hour after the clock strikes midnight. Follow him on this adventure to see his first sunrise ever!",
  "storyline": "The Little Ghost lives in the castle over looking a small town and awakens for precisely one hour after the clock strikes midnight. Follow him on this adventure to see his first sunrise ever!",
  "plot": null,
  "synopsis": "The Little Ghost lives in the castle of Eulenstein. It awakens for precisely one hour after the clock strikes midnight. Despite the warnings of a friend, Mr. Uhu Schuhu, the ghost would like to see the world by daylight once.Meanwhile, Karl, Hannes and Sophie go on a nightly excursion to the castle, where they have their first encounter with the ghost.The following day, the ghost wakes up at twelve o'clock - noontime. Its joy about this soon passes, as - discolored black by the first sunray - it scares the town's inhabitants and causes a commotion. Chased by the police, the ghost asks the children for help."
}