{
  "imdb_id": "tt2197955",
  "tmdb_id": "274877",
  "douban_id": null,
  "title": "Hylo (2012)",
  "genres": [
    "Horror"
  ],
  "country": "USA",
  "version": [
    {
      "runtime": "84 min",
      "description": ""
    }
  ],
  "imdb_rating": 5.6,
  "director": [
    {
      "id": "nm4451023",
      "name": "Carman Spoto"
    }
  ],
  "writer": [
    {
      "id": "nm1876031",
      "name": "David Conte",
      "description": null
    },
    {
      "id": "nm4451023",
      "name": "Carman Spoto",
      "description": null
    }
  ],
  "cast": [
    {
      "id": "nm4867056",
      "name": "Shannon Maria Jones",
      "character": "Laura Maters"
    },
    {
      "id": "nm3922868",
      "name": "Leonard Dozier",
      "character": "Frank Dodgson"
    },
    {
      "id": "nm3773537",
      "name": "Katie Dougherty",
      "character": "Katie Cassius"
    },
    {
      "id": "nm4873877",
      "name": "Bert Archer",
      "character": "David"
    },
    {
      "id": "nm4873171",
      "name": "Brooke Fitzgerald",
      "character": "Sarah Murphy"
    },
    {
      "id": "nm5363440",
      "name": "James Gangswhich",
      "character": "Suited Man"
    },
    {
      "id": "nm4784528",
      "name": "John Herb",
      "character": "Jay Smith"
    },
    {
      "id": "nm5363174",
      "name": "Jill Meredith",
      "character": "Mrs. Murphy"
    },
    {
      "id": "nm5363275",
      "name": "Cecilia Spoto",
      "character": "Mrs. Dodgson"
    }
  ],
  "overview": "Laura Maters, a psychologist attempting to help a mentally ill patient, makes a bargain: She will look after his daughter, and he will stick to bed rest in order to rehabilitate himself. However when she begins to be followed by a mysterious man in a suit, she starts to question whether or not her patient's phobias are in his head, or reality.",
  "storyline": null,
  "plot": null,
  "synopsis": null
}