{
  "imdb_id": "tt2112152",
  "tmdb_id": "140456",
  "douban_id": null,
  "title": "For No Good Reason (2012)",
  "genres": [
    "Documentary",
    "Biography",
    "History",
    "Music"
  ],
  "country": "UK",
  "version": [
    {
      "runtime": "89 min",
      "description": ""
    }
  ],
  "imdb_rating": 7.0,
  "director": [
    {
      "id": "nm1421356",
      "name": "Charlie Paul"
    }
  ],
  "writer": null,
  "cast": [
    {
      "id": "nm1358516",
      "name": "Ralph Steadman",
      "character": "Himself"
    },
    {
      "id": "nm0000136",
      "name": "Johnny Depp",
      "character": "Himself"
    },
    {
      "id": "nm0860219",
      "name": "Hunter S. Thompson",
      "character": "Himself       (archive footage)"
    },
    {
      "id": "nm0000416",
      "name": "Terry Gilliam",
      "character": "Himself"
    },
    {
      "id": "nm0001290",
      "name": "Richard E. Grant",
      "character": "Himself"
    },
    {
      "id": "nm0921048",
      "name": "Jann Wenner",
      "character": "Himself"
    },
    {
      "id": "nm0932561",
      "name": "Hal Willner",
      "character": "Himself"
    },
    {
      "id": "nm1066980",
      "name": "Francis Bacon",
      "character": "Himself       (archive footage)"
    },
    {
      "id": "nm0123221",
      "name": "William S. Burroughs",
      "character": "Himself       (archive footage)"
    },
    {
      "id": "nm0324009",
      "name": "Patrick Godfrey",
      "character": "Leonardo DaVinci       (voice)"
    },
    {
      "id": "nm7562494",
      "name": "Warren Hinckle",
      "character": "Himself       (archive footage)"
    },
    {
      "id": "nm0633271",
      "name": "Richard Nixon",
      "character": "Himself       (archive footage)"
    },
    {
      "id": "nm0000059",
      "name": "Laurence Olivier",
      "character": "Himself       (archive footage)"
    },
    {
      "id": "nm4211567",
      "name": "Joe Petro",
      "character": "Himself"
    },
    {
      "id": "nm0681444",
      "name": "Pablo Picasso",
      "character": "Himself       (archive footage)"
    }
  ],
  "overview": "For No Good Reason a film about Ralph Steadman. Johnny Depp guides the visually stunning journey, smashing narrative conventions, moving seamlessly from interview to animation and in the finest Gonzo tradition questions of witness and authenticity are challenged. Steadman's art is for the first time animated, including illustrations from Hunter S Thompson's Fear and Loathing in Las Vagas. Featuring Richard E Grant, Terry Gilliam, Bruce Robinson and with music from Slash, The All American Rejects, Jason Mraz, Crystal Castles, Ed Hardcourt and Beth Orton. A touching and at times funny film about honesty, friendship and the ambition driving an artist. This is a true record of the demise of the 20th Century counterculture and hipster dream with Ralph Steadman the last of the Gonzo visionaries.",
  "storyline": "Johnny Depp pays a visit to Ralph Steadman, the renown artist and the last of the original Gonzo visionaries who worked alongside Hunter S. Thompson.",
  "plot": null,
  "synopsis": null
}