{
  "imdb_id": "tt2131556",
  "tmdb_id": "172593",
  "douban_id": null,
  "title": "Derby Dogs (2012)",
  "genres": [
    "Family"
  ],
  "country": "New Zealand",
  "version": [
    {
      "runtime": "87 min",
      "description": ""
    }
  ],
  "imdb_rating": 5.8,
  "director": [
    {
      "id": "nm0801243",
      "name": "Tony Simpson"
    }
  ],
  "writer": [
    {
      "id": "nm1636244",
      "name": "Andrew Gunn",
      "description": null
    },
    {
      "id": "nm0801243",
      "name": "Tony Simpson",
      "description": null
    }
  ],
  "cast": [
    {
      "id": "nm4587010",
      "name": "Edward Hall",
      "character": "Ben"
    },
    {
      "id": "nm5300272",
      "name": "Tikirau Hathaway",
      "character": "Jeff"
    },
    {
      "id": "nm0553179",
      "name": "Vince Martin",
      "character": "Wayne"
    },
    {
      "id": "nm0942858",
      "name": "Tandi Wright",
      "character": "Karen"
    },
    {
      "id": "nm2517133",
      "name": "Dai Henwood",
      "character": "Mr. Lumsden"
    },
    {
      "id": "nm5244471",
      "name": "Myer van Gosliga",
      "character": "Shannon"
    },
    {
      "id": "nm5267062",
      "name": "Doug Colling",
      "character": "Shane"
    },
    {
      "id": "nm5342705",
      "name": "Jane Winter",
      "character": "Shirelle"
    },
    {
      "id": "nm5342671",
      "name": "David de Thierry",
      "character": "Slug"
    },
    {
      "id": "nm5342980",
      "name": "Matt French",
      "character": "Stewie"
    },
    {
      "id": "nm5636049",
      "name": "Brittany Dick",
      "character": "Amanda"
    },
    {
      "id": "nm5312598",
      "name": "Hannah German",
      "character": "Katie"
    },
    {
      "id": "nm5636093",
      "name": "Liz Woodall",
      "character": "Hippy Information Officer"
    },
    {
      "id": "nm5636072",
      "name": "Pete Hansen",
      "character": "Stan"
    },
    {
      "id": "nm5636077",
      "name": "Hayden Waller",
      "character": "Elliot"
    },
    {
      "id": "nm5636070",
      "name": "Matthew Eddy",
      "character": "Smart Alec Boy"
    },
    {
      "id": "nm5636074",
      "name": "Troy Warring",
      "character": "Ben's Dad"
    },
    {
      "id": "nm5636085",
      "name": "Kent Robertson",
      "character": "Announcer"
    },
    {
      "id": "nm1922235",
      "name": "Phil Bergman",
      "character": "Neighbour"
    },
    {
      "id": "nm5636071",
      "name": "Gordon Dacombe",
      "character": "Track Marshall"
    },
    {
      "id": "nm5636091",
      "name": "Dan Kendrick",
      "character": "Busker"
    },
    {
      "id": "nm5636063",
      "name": "Pete Rainey",
      "character": "Motorist"
    },
    {
      "id": "nm5636079",
      "name": "Thomas Wynne-Jones",
      "character": "Grocer Boy"
    },
    {
      "id": "nm5636086",
      "name": "Bruce Waterells",
      "character": "Strongman"
    },
    {
      "id": "nm5636105",
      "name": "Becky Morgan",
      "character": "Checkout Operator"
    },
    {
      "id": "nm5636061",
      "name": "Rupert Winter",
      "character": "Gardener"
    },
    {
      "id": "nm5636052",
      "name": "Joy Mathews",
      "character": "Old Lady"
    },
    {
      "id": "nm5636034",
      "name": "Helen Schulte",
      "character": "Mother"
    },
    {
      "id": "nm5636104",
      "name": "Molly Simpson",
      "character": "Backyard Kid"
    },
    {
      "id": "nm5636054",
      "name": "Emily Simpson",
      "character": "Backyard Kid"
    },
    {
      "id": "nm5636039",
      "name": "Beth Simpson",
      "character": "Backyard Kid"
    },
    {
      "id": "nm5636067",
      "name": "Bridget Sanders",
      "character": "Road Patroller"
    },
    {
      "id": "nm5636076",
      "name": "Tracey Parks",
      "character": "Ambulance Officer"
    },
    {
      "id": "nm1398619",
      "name": "Steve McQuillan",
      "character": "Soldier"
    },
    {
      "id": "nm3284446",
      "name": "Angela da Silva",
      "character": "Sweetheart"
    },
    {
      "id": "nm5300313",
      "name": "Ricki Keelan",
      "character": "Jeff's Mum"
    },
    {
      "id": "nm5636047",
      "name": "Craig Wilson",
      "character": "Jeff's Dad"
    },
    {
      "id": "nm5636089",
      "name": "Michelle Dacombe",
      "character": "Timekeeper"
    },
    {
      "id": "nm5636046",
      "name": "Amanda Cottle",
      "character": "Safety Officer"
    },
    {
      "id": "nm5636035",
      "name": "Doug Nottage",
      "character": "Practice Offcial #1"
    },
    {
      "id": "nm5636055",
      "name": "Tim Bayley",
      "character": "Practice Offcial #2"
    },
    {
      "id": "nm5636057",
      "name": "Phil Loughnan",
      "character": "Practice Offcial #3"
    },
    {
      "id": "nm5913650",
      "name": "Ian Jones",
      "character": "Starter"
    },
    {
      "id": "nm5913651",
      "name": "Hugh Niell",
      "character": "Scrutineer"
    },
    {
      "id": "nm5913652",
      "name": "Stephen Eaton",
      "character": "Race Official #1"
    },
    {
      "id": "nm5913653",
      "name": "Adrienne Ford",
      "character": "Race Official #2"
    },
    {
      "id": "nm5913654",
      "name": "Tim Basset",
      "character": "Race Official #3"
    },
    {
      "id": "nm5913655",
      "name": "Alex Hargreaves",
      "character": "Guitarist /              Vocalist"
    },
    {
      "id": "nm5913656",
      "name": "Sam Hough",
      "character": "Drummer"
    },
    {
      "id": "nm5913657",
      "name": "Jack Howie",
      "character": "Bass Guitarist"
    },
    {
      "id": "nm5913658",
      "name": "Sasha Broad-Kolff",
      "character": "Tambourine /              Additional Vocalist"
    },
    {
      "id": "nm5913659",
      "name": "Caitlin Gladstone",
      "character": "Additional Vocalist"
    },
    {
      "id": "nm3428914",
      "name": "Edward Hall",
      "character": "Ben"
    }
  ],
  "overview": "In Nelson, New Zealand, twelve-year-old Ben (Edward Hall) plans to build the race winning Kiwi Flyer for this years trolley derby. But Ben's dream is shattered when his father is killed in a car accident returning home with the newly built trolley.  When cocky class-mate Shannon (Myer van Gosliga) and his thuggish boy-racer older brother Shane (Doug Colling) who will stop at nothing to retain the trophy insult Ben's late dad, Ben is determined to enter the race and uphold the memory of his father.  However when he is banned from the derby by his mother Karen (Tandi Wright), he must get help from his mechanically-minded mate Jeff (Tikirau Hathaway), his teacher Mr Lumsden (Dai Henwood) and the racing wheels he bought with money borrowed from the school loan sharks, Stewie (Matt French) and Slug (David DeThierry), so he can secretly build his own Kiwi Flyer and win the race. (http://www.imdb.com/title/tt2131556/synopsis?ref_=tt_ov_pl)",
  "storyline": "Ben secretly enters the local soapbox derby with a rag-tag group of friends to best school bullies.",
  "plot": null,
  "synopsis": "In Nelson, New Zealand, twelve-year-old Ben (Edward Hall) plans to build the race winning Kiwi Flyer for this years trolley derby. But Ben's dream is shattered when his father is killed in a car accident returning home with the newly built trolley. When cocky class-mate Shannon (Myer van Gosliga) and his thuggish boy-racer older brother Shane (Doug Colling) who will stop at nothing to retain the trophy insult Ben's late dad, Ben is determined to enter the race and uphold the memory of his father. However when he is banned from the derby by his mother Karen (Tandi Wright), he must get help from his mechanically-minded mate Jeff (Tikirau Hathaway), his teacher Mr Lumsden (Dai Henwood) and the racing wheels he bought with money borrowed from the school loan sharks, Stewie (Matt French) and Slug (David DeThierry), so he can secretly build his own Kiwi Flyer and win the race."
}