{
  "imdb_id": "tt2109059",
  "tmdb_id": "208982",
  "douban_id": null,
  "title": "Vietnam in HD (TV Series 2011\u2013 )",
  "genres": [
    "Documentary",
    "History",
    "War"
  ],
  "country": "USA",
  "version": [
    {
      "runtime": "360 min",
      "description": ""
    }
  ],
  "imdb_rating": 8.3,
  "director": [
    {
      "id": "nm0414025",
      "name": "Sammy Jackson"
    }
  ],
  "writer": [
    {
      "id": "nm0414025",
      "name": "Sammy Jackson",
      "description": "6 episodes, 2011"
    },
    {
      "id": "nm3692091",
      "name": "Ben Kaplan",
      "description": "5 episodes, 2011"
    },
    {
      "id": "nm1620376",
      "name": "Liz Reph",
      "description": "6 episodes, 2011"
    }
  ],
  "cast": [
    {
      "id": "nm0088144",
      "name": "Tempestt Bledsoe",
      "character": "Elizabeth Allen                  6 episodes, 2011"
    },
    {
      "id": "nm0122653",
      "name": "Edward Burns",
      "character": "Joe Galloway                  6 episodes, 2011"
    },
    {
      "id": "nm0001002",
      "name": "Dean Cain",
      "character": "Bob Clewell                  6 episodes, 2011"
    },
    {
      "id": "nm0175305",
      "name": "Kevin Connolly",
      "character": "Keith Connolly                  6 episodes, 2011"
    },
    {
      "id": "nm1483196",
      "name": "Jerry Ferrara",
      "character": "Raymond Torres                  6 episodes, 2011"
    },
    {
      "id": "nm0004978",
      "name": "Adrian Grenier",
      "character": "Barry Romo                  6 episodes, 2011"
    },
    {
      "id": "nm2309517",
      "name": "Armie Hammer",
      "character": "Gery Benedetti                  6 episodes, 2011"
    },
    {
      "id": "nm0001349",
      "name": "Jennifer Love Hewitt",
      "character": "Anne Purcell                  6 episodes, 2011"
    },
    {
      "id": "nm1097351",
      "name": "Glenn Howerton",
      "character": "Don Devore         / ...                    6 episodes, 2011"
    },
    {
      "id": "nm1157048",
      "name": "Zachary Levi",
      "character": "Karl Marlantes                  6 episodes, 2011"
    },
    {
      "id": "nm0005188",
      "name": "James Marsden",
      "character": "Arthur Wiknik                  6 episodes, 2011"
    },
    {
      "id": "nm0001518",
      "name": "Dylan McDermott",
      "character": "James Anderson                  6 episodes, 2011"
    },
    {
      "id": "nm0005516",
      "name": "Blair Underwood",
      "character": "Charles Brown                  6 episodes, 2011"
    },
    {
      "id": "nm0355910",
      "name": "Michael C. Hall",
      "character": "Himself - Narrator                  6 episodes, 2011"
    },
    {
      "id": "nm7806740",
      "name": "Barry Romo",
      "character": "Himself - Vietnam Veteran                  5 episodes, 2011"
    },
    {
      "id": "nm7806833",
      "name": "Anne Purcell",
      "character": "Herself - Wife of Vietnam Soldier                  4 episodes, 2011"
    },
    {
      "id": "nm7806741",
      "name": "Bob Clewell",
      "character": "Himself - Vietnam Veteran                  2 episodes, 2011"
    },
    {
      "id": "nm1051826",
      "name": "Joe Galloway",
      "character": "Himself - Press Correspondent                  2 episodes, 2011"
    },
    {
      "id": "nm7807324",
      "name": "Don DeVore",
      "character": "Himself - Vietnam Veteran                  2 episodes, 2011"
    },
    {
      "id": "nm7807166",
      "name": "Arthur Wiknik",
      "character": "Himself - Vietnam Veteran                  2 episodes, 2011"
    },
    {
      "id": "nm7806742",
      "name": "Keith Connolly",
      "character": "Himself - Vietnam Veteran                  2 episodes, 2011"
    },
    {
      "id": "nm7807327",
      "name": "James Anderson",
      "character": "Himself - Vietnam Veteran                  2 episodes, 2011"
    },
    {
      "id": "nm7807325",
      "name": "Gery Benedetti",
      "character": "Himself - Vietnam Veteran                  1 episode, 2011"
    },
    {
      "id": "nm7806832",
      "name": "Charles Brown",
      "character": "Himself - Vietnam Veteran                  1 episode, 2011"
    },
    {
      "id": "nm4246809",
      "name": "Karl Marlantes",
      "character": "Himself - Vietnam Veteran                  1 episode, 2011"
    },
    {
      "id": "nm7806978",
      "name": "Raymond Torres",
      "character": "Himself - Vietnam Veteran                  1 episode, 2011"
    },
    {
      "id": "nm7806980",
      "name": "Elizabeth Allen",
      "character": "Herself - Nurse                  1 episode, 2011"
    },
    {
      "id": "nm7807475",
      "name": "Benjamin Purcell",
      "character": "Himself - Vietnam Veteran                  1 episode, 2011"
    }
  ],
  "overview": "Vietnam in HD is a 6-part series that immerses viewers in the sights, sounds and stories of the Vietnam War as it has never before been seen. Thousands of hours of uncensored footage--much of it shot by soldiers in action--will detail every critical chapter of the conflict.  The war will unfold onscreen through the gripping firsthand accounts of 13 brave men and women who were forever changed by their experience in Vietnam.",
  "storyline": "Vintage footage from the Vietnam war is presented in High Definition video format along with narration from both war veterans and Hollywood voice talent. The documentary follows key events and their impact on both the war effort and the American public.",
  "plot": null,
  "synopsis": null
}