{
  "imdb_id": "tt2229511",
  "tmdb_id": "222461",
  "douban_id": null,
  "title": "Wer (2013)",
  "genres": [
    "Action",
    "Horror",
    "Mystery",
    "Thriller"
  ],
  "country": "USA",
  "version": [
    {
      "runtime": "89 min",
      "description": ""
    }
  ],
  "imdb_rating": 5.9,
  "director": [
    {
      "id": "nm0068587",
      "name": "William Brent Bell"
    }
  ],
  "writer": [
    {
      "id": "nm0068587",
      "name": "William Brent Bell",
      "description": "screenplay"
    },
    {
      "id": "nm1834343",
      "name": "Matthew Peterman",
      "description": "screenplay"
    }
  ],
  "cast": [
    {
      "id": "nm0176882",
      "name": "A.J. Cook",
      "character": "Kate Moore"
    },
    {
      "id": "nm5362666",
      "name": "Brian Scott O'Connor",
      "character": "Talan Gwynek"
    },
    {
      "id": "nm0003067",
      "name": "Sebastian Roch\u00e9",
      "character": "Klaus Pistor"
    },
    {
      "id": "nm0702945",
      "name": "Simon Quarterman",
      "character": "Gavin Flemyng"
    },
    {
      "id": "nm0006710",
      "name": "Vik Sahay",
      "character": "Eric Sarin"
    },
    {
      "id": "nm1107254",
      "name": "Stephanie Lemelin",
      "character": "Claire Porter"
    },
    {
      "id": "nm0424647",
      "name": "Brian Johnson",
      "character": "Henry Porter"
    },
    {
      "id": "nm3009594",
      "name": "Oaklee Pendergast",
      "character": "Peter Porter"
    },
    {
      "id": "nm0561567",
      "name": "Camelia Maxim",
      "character": "Mrs. Gwynek"
    },
    {
      "id": "nm7159874",
      "name": "Alexandru Nedelcu",
      "character": "Officer Rineaux"
    },
    {
      "id": "nm1437086",
      "name": "Daniel Popa",
      "character": "News Interviewer"
    },
    {
      "id": "nm8081203",
      "name": "Alin Olteanu",
      "character": "Lead Officer - Abandoned Building"
    },
    {
      "id": "nm0104426",
      "name": "Ioan Brancu",
      "character": "Doctor"
    },
    {
      "id": "nm0162522",
      "name": "Adrian Ciobanu",
      "character": "Lead Officer At Barn #1"
    },
    {
      "id": "nm4353483",
      "name": "Corneliu Ulici",
      "character": "Lead Officer At Barn #2"
    },
    {
      "id": "nm0282973",
      "name": "Constantin Florescu",
      "character": "French Farmer #1"
    },
    {
      "id": "nm1963829",
      "name": "Dominique Schwoebel",
      "character": "French Farmer #2"
    },
    {
      "id": "nm0742565",
      "name": "Rudy Rosenfeld",
      "character": "Old Farmer"
    },
    {
      "id": "nm0633048",
      "name": "Gelu Nitu",
      "character": "Historian"
    },
    {
      "id": "nm2726618",
      "name": "Sibylla Oarcea",
      "character": "Old German Woman"
    },
    {
      "id": "nm5830961",
      "name": "Geo Dinescu",
      "character": "French Woman"
    },
    {
      "id": "nm1617888",
      "name": "Ozana Oancea",
      "character": "German Woman"
    },
    {
      "id": "nm8989232",
      "name": "Mihai Stanescu",
      "character": "Lead Officer Cave"
    },
    {
      "id": "nm2289400",
      "name": "Vasile Nistor",
      "character": "Talan's Father"
    },
    {
      "id": "nm2152907",
      "name": "Alexandra Pirici",
      "character": "German Reporter"
    },
    {
      "id": "nm2932711",
      "name": "Collin Blair",
      "character": "British Reporter"
    },
    {
      "id": "nm3209537",
      "name": "Ionut Grama",
      "character": "American Reporter"
    },
    {
      "id": "nm3661703",
      "name": "Horatiu Bob",
      "character": "French Reporter #1"
    },
    {
      "id": "nm7876160",
      "name": "Andreea Esca",
      "character": "French Reporter #2"
    },
    {
      "id": "nm7433607",
      "name": "Olimpia Malai",
      "character": "French Newscaster"
    },
    {
      "id": "nm3181729",
      "name": "Sarah-Jane Mee",
      "character": "News Presenter"
    },
    {
      "id": "nm8989233",
      "name": "Charlie Angela",
      "character": "Reporter #1"
    },
    {
      "id": "nm8989234",
      "name": "Clare Fernyhough",
      "character": "Reporter #2"
    },
    {
      "id": "nm8989235",
      "name": "Dominic Reynolds",
      "character": "Reporter #3"
    },
    {
      "id": "nm2736298",
      "name": "Lucy Kite",
      "character": "Reporter #4"
    },
    {
      "id": "nm3243183",
      "name": "Dudescu Silviu",
      "character": "Cave Officer"
    }
  ],
  "overview": "A defense attorney begins to suspect that her client, who is charged with the murders of a vacationing family, might be more than meets the eye.",
  "storyline": "In France, the Porter family is slaughtered while camping in the woods and only Claire Porter survives seriously wounded. She reports that her husband Henry and her son Peter have been eaten alive by a strong man. The eremite Talan Gwynek that lives in the woods with his mother is arrested by the police accused of being the killer. The defense attorney Kate Moore is assigned to defend Talan and she comes to the police station with her investigator Eric Sarin and the animal expert Gavin Flemyng to interview Talan. The unwilling police inspector Klaus Pistor is sure that Talan is the murderer but has to let Kate and her team work. There is turmoil in the precinct and Gavin is scratched by Talan. Then they visit Talan's mother Mrs. Gwynek and they learn that Talan has a rare disease. Further, the government wants her lands to dispose nuclear waste and her husband has recently died in car accident. Soon Eric discloses that the death of Mr. Gwynek was suspicious and Pistor was in charge of...",
  "plot": null,
  "synopsis": null
}