{
  "imdb_id": "tt2281215",
  "tmdb_id": "143569",
  "douban_id": null,
  "title": "Elf",
  "genres": [
    "Comedy",
    "Family",
    "Fantasy"
  ],
  "country": "USA",
  "version": [
    {
      "runtime": "86 min",
      "description": ""
    }
  ],
  "imdb_rating": 3.6,
  "director": [
    {
      "id": "nm0928832",
      "name": "Ethan Wiley"
    }
  ],
  "writer": [
    {
      "id": "nm0928832",
      "name": "Ethan Wiley",
      "description": "written by &"
    },
    {
      "id": "nm0420135",
      "name": "Richard Jefferies",
      "description": "written by"
    }
  ],
  "cast": [
    {
      "id": "nm0010338",
      "name": "Jason 'Wee Man' Acu\u00f1a",
      "character": "Elf-Man       (as Wee Man)"
    },
    {
      "id": "nm0001062",
      "name": "Jeffrey Combs",
      "character": "Mickey"
    },
    {
      "id": "nm0040015",
      "name": "Mackenzie Astin",
      "character": "Eric"
    },
    {
      "id": "nm0652608",
      "name": "Mirelly Taylor",
      "character": "Amy"
    },
    {
      "id": "nm4932807",
      "name": "Carly Robell",
      "character": "Kasey"
    },
    {
      "id": "nm4932654",
      "name": "Blake Kaiser",
      "character": "Ryan"
    },
    {
      "id": "nm0856042",
      "name": "Marty Terry",
      "character": "Gramma"
    },
    {
      "id": "nm1145107",
      "name": "Dave Coyne",
      "character": "Jean-Pierre"
    },
    {
      "id": "nm4933662",
      "name": "Larry Nichols",
      "character": "Big Bucket"
    },
    {
      "id": "nm1309696",
      "name": "Mike Diesel",
      "character": "Officer Schlubb"
    },
    {
      "id": "nm3067169",
      "name": "Jack Hoke",
      "character": "Santa"
    },
    {
      "id": "nm4651538",
      "name": "Teale Sperling",
      "character": "Elf Navigator"
    },
    {
      "id": "nm4933004",
      "name": "Larry Levinson II",
      "character": "Mr. Glavenstein       (as Larry Levinson)"
    },
    {
      "id": "nm1581209",
      "name": "Joe Hansard",
      "character": "Stu Grady"
    },
    {
      "id": "nm4932719",
      "name": "Ceire Kenny",
      "character": "Party Girl #1"
    },
    {
      "id": "nm4932553",
      "name": "Devin Gaither",
      "character": "Party Girl #2"
    },
    {
      "id": "nm0878424",
      "name": "Kim Tuvin",
      "character": "Pushy Customer"
    },
    {
      "id": "nm4952082",
      "name": "Esther You",
      "character": "Reporter #1"
    },
    {
      "id": "nm8332687",
      "name": "Kevin Hunt",
      "character": "Reporter #2"
    },
    {
      "id": "nm6478236",
      "name": "Scott Gaver",
      "character": "Customer"
    }
  ],
  "overview": "An Elf is left behind by Santa to help rescue the Harper family from a lousy Christmas. The Elf and the family get more than they bargained for, as the kids help the Elf discover his special powers and true identity as a budding superhero.",
  "storyline": "An Elf is left behind by Santa to help rescue the Harper family from a lousy Christmas. The Elf and the family get more than they bargained for, as the kids help the Elf discover his special powers and true identity as a budding superhero.",
  "plot": null,
  "synopsis": null
}