{
  "imdb_id": "tt2200376",
  "tmdb_id": "126897",
  "douban_id": null,
  "title": "Tom und Hacke (2012)",
  "genres": [
    "Adventure",
    "Crime",
    "Family"
  ],
  "country": "Germany",
  "version": [
    {
      "runtime": "90 min",
      "description": ""
    }
  ],
  "imdb_rating": 6.4,
  "director": [
    {
      "id": "nm0496095",
      "name": "Norbert Lechner"
    }
  ],
  "writer": [
    {
      "id": "nm0378936",
      "name": "Rudolf Herfurtner",
      "description": "screenplay"
    },
    {
      "id": "nm0378936",
      "name": "Rudolf Herfurtner",
      "description": "writer"
    },
    {
      "id": "nm0878494",
      "name": "Mark Twain",
      "description": "novel"
    }
  ],
  "cast": [
    {
      "id": "nm5097045",
      "name": "Benedikt Weber",
      "character": "Thomas Sojer /              Tom"
    },
    {
      "id": "nm5096317",
      "name": "Xaver-Maria Brenner",
      "character": "Bartel Hacker /              Hacke"
    },
    {
      "id": "nm5097073",
      "name": "Julia Forstner",
      "character": "Birgit Ernst /              Biggi"
    },
    {
      "id": "nm5154680",
      "name": "Yannick Kuhl",
      "character": "Alois Burger /              Loisl"
    },
    {
      "id": "nm5155083",
      "name": "Simon Meindl",
      "character": "Hansi Haslinger"
    },
    {
      "id": "nm1070602",
      "name": "Franziska Weisz",
      "character": "Apollonia Burger /              Tante Polli"
    },
    {
      "id": "nm0118268",
      "name": "Franz Buchrieser",
      "character": "Lehrer Anton Sch\u00f6n"
    },
    {
      "id": "nm2681480",
      "name": "Thomas Bammer",
      "character": "Direktor"
    },
    {
      "id": "nm0439435",
      "name": "Fritz Karl",
      "character": "Josef Achatz /              Ami Joe"
    },
    {
      "id": "nm0121199",
      "name": "G\u00f6tz Burger",
      "character": "Georg Muffler"
    },
    {
      "id": "nm1417590",
      "name": "Nikolay Donchev",
      "character": "Ukrainer       (as Nikolay Dontchev)"
    },
    {
      "id": "nm5544006",
      "name": "Florian Innerebner",
      "character": "Wirtswastl"
    },
    {
      "id": "nm3041988",
      "name": "Hans Escher",
      "character": "Amtsrichter Ernst"
    },
    {
      "id": "nm0902552",
      "name": "Elisabeth von Koch",
      "character": "Mutter Ernst"
    },
    {
      "id": "nm0830511",
      "name": "Michael Stippel",
      "character": "Staatsanwalt"
    },
    {
      "id": "nm0456290",
      "name": "Dieter Kirchlechner",
      "character": "Wachmann"
    },
    {
      "id": "nm0776015",
      "name": "Hans Schuler",
      "character": "2. Wachmann"
    },
    {
      "id": "nm1773716",
      "name": "Blerim Destani",
      "character": "GI Schwarzmarkt"
    },
    {
      "id": "nm0107055",
      "name": "Rudolf Waldemar Brem",
      "character": "Mann mit N\u00e4hmaschine"
    },
    {
      "id": "nm1484336",
      "name": "Franz Westner",
      "character": "Polizist"
    },
    {
      "id": "nm0895951",
      "name": "Ludo Vici",
      "character": "Polizist       (as Florian Ludovici)"
    },
    {
      "id": "nm6054206",
      "name": "Tim Brunner",
      "character": "Gruber"
    },
    {
      "id": "nm6054207",
      "name": "Antonia Fleindl",
      "character": "Rosi"
    },
    {
      "id": "nm6054208",
      "name": "Theresa Matl",
      "character": "Moni"
    },
    {
      "id": "nm6054209",
      "name": "Julian Pletl",
      "character": "Bub mit Essenswagen"
    },
    {
      "id": "nm6054210",
      "name": "Sabrina Rekos",
      "character": "Veronika"
    },
    {
      "id": "nm0832421",
      "name": "Helga Storck",
      "character": "Kundin"
    },
    {
      "id": "nm0544377",
      "name": "Monika Manz",
      "character": "Frau Gleixner"
    },
    {
      "id": "nm5154480",
      "name": "Christine Weissbarth",
      "character": "Frau mit Kittelsch\u00fcrze"
    },
    {
      "id": "nm1073607",
      "name": "Wulf Schmid Noerr",
      "character": "Herr mit Anzug       (as Wulf Schmid-Noerr)"
    },
    {
      "id": "nm1115712",
      "name": "Philipp von Mirbach",
      "character": "Invalide"
    },
    {
      "id": "nm1942542",
      "name": "Stefanie von Poser",
      "character": "Frau in der Warteschlange"
    },
    {
      "id": "nm6054211",
      "name": "Andrea Nicola Rappel",
      "character": "Schwarzh\u00e4ndlerin"
    },
    {
      "id": "nm6054212",
      "name": "Laurence Schnyder",
      "character": "Schwarzh\u00e4ndlerin"
    },
    {
      "id": "nm6054213",
      "name": "Hans Peter Luibl",
      "character": "Mann am Fenster"
    }
  ],
  "overview": null,
  "storyline": "The story of Tom Sawyer and Huckleberry Finn, placed in the years right after the Second World War in Germany. A tale about friendship and courage.",
  "plot": null,
  "synopsis": null
}