{
  "imdb_id": "tt2258713",
  "tmdb_id": "121206",
  "douban_id": null,
  "title": "Villegas (2012)",
  "genres": [
    "Drama"
  ],
  "country": "Argentina",
  "version": [],
  "imdb_rating": 6.9,
  "director": [
    {
      "id": "nm1886112",
      "name": "Gonzalo Tobal"
    }
  ],
  "writer": [
    {
      "id": "nm1886112",
      "name": "Gonzalo Tobal",
      "description": null
    }
  ],
  "cast": [
    {
      "id": "nm1394133",
      "name": "Esteban Lamothe",
      "character": "Esteban"
    },
    {
      "id": "nm2013399",
      "name": "Esteban Bigliardi",
      "character": "Pipa"
    },
    {
      "id": "nm1018525",
      "name": "Mauricio Minetti",
      "character": "Hugo"
    },
    {
      "id": "nm1711933",
      "name": "Paula Carruega",
      "character": "Jazm\u00edn"
    },
    {
      "id": "nm4914463",
      "name": "Lucia Cavalloti",
      "character": "Clara"
    }
  ],
  "overview": "Two mismatched cousins take a road trip to visit family.",
  "storyline": "After a long time without seeing each other, two cousins, Esteban and Pipa, have to drive together to their grand-father's funeral in Villegas, small inland town where they grew up together. This coming back soon turns into an intense emotional journey, punctuated by the reunions, the weight of the past and the end of an era.",
  "plot": null,
  "synopsis": null
}