{
  "imdb_id": "tt2251828",
  "tmdb_id": "335724",
  "douban_id": null,
  "title": "Territory (2015)",
  "genres": [
    "Adventure",
    "Drama"
  ],
  "country": "Russia",
  "version": [
    {
      "runtime": "157 min",
      "description": ""
    }
  ],
  "imdb_rating": 6.5,
  "director": [
    {
      "id": "nm3015153",
      "name": "Aleksandr Melnik"
    }
  ],
  "writer": [
    {
      "id": "nm6652936",
      "name": "Mikhail Aleksandrov",
      "description": "co-writer"
    },
    {
      "id": "nm0476654",
      "name": "Oleg Kuvayev",
      "description": "based on the novel by"
    },
    {
      "id": "nm3015153",
      "name": "Aleksandr Melnik",
      "description": "co-writer"
    }
  ],
  "cast": [
    {
      "id": "nm0492249",
      "name": "Konstantin Lavronenko",
      "character": "Chinkov"
    },
    {
      "id": "nm3732046",
      "name": "Grigoriy Dobrygin",
      "character": "Baklakov"
    },
    {
      "id": "nm0077257",
      "name": "Egor Beroev",
      "character": "Mongolov"
    },
    {
      "id": "nm1142921",
      "name": "Evgeniy Tsyganov",
      "character": "Gurin"
    },
    {
      "id": "nm3287361",
      "name": "Vladislav Abashin",
      "character": "Apryatin"
    },
    {
      "id": "nm0476482",
      "name": "Kseniya Kutepova",
      "character": "Sergushova"
    },
    {
      "id": "nm1650118",
      "name": "Olga Krasko",
      "character": "Lyuda Gollivud"
    },
    {
      "id": "nm1215228",
      "name": "Pyotr Fyodorov",
      "character": "Dyadya Kostya"
    },
    {
      "id": "nm2268729",
      "name": "Konstantin Shelestun",
      "character": "Kutsenko"
    },
    {
      "id": "nm3464518",
      "name": "Andrey Nazimov",
      "character": "Malysh"
    },
    {
      "id": "nm1458925",
      "name": "Ramis Ibragimov",
      "character": "Boroda"
    },
    {
      "id": "nm3720442",
      "name": "Garasim Vasilev",
      "character": "Starik Kyae"
    },
    {
      "id": "nm9212236",
      "name": "Oleg Shapkov",
      "character": "Sedoy"
    },
    {
      "id": "nm2418903",
      "name": "Konstantin Balakirev",
      "character": "Kefir"
    },
    {
      "id": "nm1678499",
      "name": "Tamara Obutova",
      "character": "Tamara"
    },
    {
      "id": "nm3748573",
      "name": "Oleg Sokolov",
      "character": "Bog Ognya"
    },
    {
      "id": "nm3108118",
      "name": "Viktor Zhalsanov",
      "character": "Salakhov"
    },
    {
      "id": "nm2154320",
      "name": "Dmitriy Sharakois",
      "character": "Feniks"
    },
    {
      "id": "nm0466697",
      "name": "Aleksandr Korshunov",
      "character": "Sidorchuk"
    },
    {
      "id": "nm1951293",
      "name": "Dmitriy Mulyar",
      "character": "Furdeckiy"
    },
    {
      "id": "nm0200234",
      "name": "Natalya Danilova",
      "character": "Lydia Makarova"
    },
    {
      "id": "nm0434151",
      "name": "Vladimir Kachan",
      "character": "Robykin"
    },
    {
      "id": "nm4827951",
      "name": "Evgeniy Titov",
      "character": "Borya Bardykin"
    },
    {
      "id": "nm5204531",
      "name": "Aleksandr Kashcheyev",
      "character": "Gavryukov"
    }
  ],
  "overview": "It happened in the sixties, during the political thaw in the Soviet Union... but our story unfolds in the coldest terrain of the country. It was an unexplored and unbeaten terrain of boundless ice-field and forbidding rocks. This was the proper place for real men and real romantics. Our story is about the geologists prospecting gold in the Extreme North.",
  "storyline": "It happened in the sixties, during the political thaw in the Soviet Union... but our story unfolds in the coldest terrain of the country. It was an unexplored and unbeaten terrain of boundless ice-field and forbidding rocks. This was the proper place for real men and real romantics. Our story is about the geologists prospecting gold in the Extreme North.",
  "plot": null,
  "synopsis": null
}