{
  "imdb_id": "tt2208144",
  "tmdb_id": "130736",
  "douban_id": null,
  "title": "Move (2012)",
  "genres": [
    "Comedy"
  ],
  "country": "Germany",
  "version": [
    {
      "runtime": "118 min",
      "description": ""
    }
  ],
  "imdb_rating": 6.7,
  "director": [
    {
      "id": "nm0117698",
      "name": "Dietrich Br\u00fcggemann"
    }
  ],
  "writer": [
    {
      "id": "nm0117698",
      "name": "Dietrich Br\u00fcggemann",
      "description": "writer"
    },
    {
      "id": "nm0117697",
      "name": "Anna Br\u00fcggemann",
      "description": "writer"
    }
  ],
  "cast": [
    {
      "id": "nm0559326",
      "name": "Jacob Matschenz",
      "character": "Philipp"
    },
    {
      "id": "nm0350351",
      "name": "Robert Gwisdek",
      "character": "Thomas"
    },
    {
      "id": "nm0117697",
      "name": "Anna Br\u00fcggemann",
      "character": "Dina"
    },
    {
      "id": "nm0214280",
      "name": "Alice Dwyer",
      "character": "Jessica"
    },
    {
      "id": "nm2069087",
      "name": "Katharina Spiering",
      "character": "Wiebke"
    },
    {
      "id": "nm2521682",
      "name": "Aylin Tezel",
      "character": "Maria"
    },
    {
      "id": "nm1399871",
      "name": "Alexander Khuon",
      "character": "Michael"
    },
    {
      "id": "nm1579899",
      "name": "Amelie Kiefer",
      "character": "Swantje"
    },
    {
      "id": "nm0362896",
      "name": "Corinna Harfouch",
      "character": "Mutter"
    },
    {
      "id": "nm1185083",
      "name": "Hans-Heinrich Hardt",
      "character": "Vater"
    },
    {
      "id": "nm0540804",
      "name": "Leslie Malton",
      "character": "Mutter Dina"
    },
    {
      "id": "nm0460578",
      "name": "Herbert Knaup",
      "character": "Vater Dina"
    },
    {
      "id": "nm2168005",
      "name": "Christian Ehrich",
      "character": "Christian"
    },
    {
      "id": "nm4257072",
      "name": "Hannes Gwisdek",
      "character": "Mensch ohne Gesicht"
    },
    {
      "id": "nm0472277",
      "name": "Richard Kropf",
      "character": "Peter (Wiebkes neuer Freund)"
    },
    {
      "id": "nm0672328",
      "name": "Johanna Penski",
      "character": "Dinas Oma"
    },
    {
      "id": "nm0919253",
      "name": "Jens Weisser",
      "character": "Dr. Bernd Reinink"
    },
    {
      "id": "nm5648706",
      "name": "Dennis Tschernik",
      "character": "Gothic Thorsten"
    },
    {
      "id": "nm0846281",
      "name": "Sven Taddicken",
      "character": "Mitfahrgelegenheit"
    },
    {
      "id": "nm2771575",
      "name": "Monika Anna Wojtyllo",
      "character": "Mitfahrer"
    },
    {
      "id": "nm2612196",
      "name": "Sophie Narr",
      "character": "Mitfahrer"
    },
    {
      "id": "nm2916919",
      "name": "Burak Yigit",
      "character": "Bibelforscher"
    },
    {
      "id": "nm1877776",
      "name": "Maryam Zaree",
      "character": "Bibelforscher"
    },
    {
      "id": "nm1106132",
      "name": "Sema Poyraz",
      "character": "Bibelforscher"
    },
    {
      "id": "nm6350529",
      "name": "Henning St\u00f6ve",
      "character": "Lagerfeuers\u00e4nger"
    },
    {
      "id": "nm1855384",
      "name": "David Sieveking",
      "character": "Popkritiker"
    },
    {
      "id": "nm0089777",
      "name": "Hans-Christoph Blumenberg",
      "character": "Makler Winter"
    },
    {
      "id": "nm1070602",
      "name": "Franziska Weisz",
      "character": "Gentrifikation"
    },
    {
      "id": "nm1892726",
      "name": "Oliver Baumgarten",
      "character": "Gentrifikationsassistent"
    },
    {
      "id": "nm0633772",
      "name": "Daniel Nocke",
      "character": "Nachbar /              Chef"
    },
    {
      "id": "nm3394560",
      "name": "D\u00f6rthe Eickelberg",
      "character": "Susanne"
    },
    {
      "id": "nm1840944",
      "name": "Robert Thalheim",
      "character": "Makler Fr\u00fchjahr"
    },
    {
      "id": "nm1899257",
      "name": "Nikolaj Nikitin",
      "character": "Makler Fr\u00fchjahr"
    },
    {
      "id": "nm3114500",
      "name": "Christian Klandt",
      "character": "Makler Fr\u00fchjahr"
    },
    {
      "id": "nm3464744",
      "name": "Maximilian Erlenwein",
      "character": "WG-Bewerber"
    },
    {
      "id": "nm2275000",
      "name": "Christian Schwochow",
      "character": "WG-Bewerber"
    },
    {
      "id": "nm5648825",
      "name": "Nora Schmidt",
      "character": "Model"
    },
    {
      "id": "nm5648863",
      "name": "Karla Kutzner",
      "character": "Viktoria"
    },
    {
      "id": "nm5648694",
      "name": "Alexander Fouresti\u00e9",
      "character": "Mann mit Sofa"
    },
    {
      "id": "nm5648685",
      "name": "Christian Breitkreutz",
      "character": "Mann mit Sofa"
    },
    {
      "id": "nm0377452",
      "name": "Barbara Hennings",
      "character": "Gabi (Mutter Michael)"
    },
    {
      "id": "nm2546059",
      "name": "Burhan Qurbani",
      "character": "Philipp II."
    },
    {
      "id": "nm5279439",
      "name": "Toby Ashraf",
      "character": "Stefan"
    },
    {
      "id": "nm0237527",
      "name": "Andreas Dresen",
      "character": "Galerist"
    },
    {
      "id": "nm3394271",
      "name": "Leni Wesselman",
      "character": "Muse       (as Leni Lijsje Wesselman)"
    },
    {
      "id": "nm5648782",
      "name": "Antonia Costanzo",
      "character": "Arzthelferin"
    },
    {
      "id": "nm0775858",
      "name": "Karoline Schuch",
      "character": "Frau mit Cabrio"
    }
  ],
  "overview": "Eleven moving dates, eight friends: Philipp, Wiebke, Jessica, Maria, Swantje, Michael, Thomas, Dina \u2013 all in their twenties and mutually lonesome. And always searching: For a new city, a new job, an own apartment, a new, or even an old love. The search is never-ending, and so they repeatedly find themselves at a ritual gathering: someone moving. Boxes are shifted from one side of Berlin to the other, or the length and breadth of Germany, from one abode to the next as one life is exchanged for another. In 3 ZIMMER/K\u00dcCHE/BAD, director Dietrich Br\u00fcggemann portrays existences in which relationships, social networks and backdrops are in a constant state of flux; where best friends are the only, and therefore the most valuable constant. Humorous sketches of the self-conception of a generation for whom moving has become the symbol of a life on the go.",
  "storyline": "Eight friends help each other repeatedly move house. One year of moving, from apartment to apartment, from shared flat to shared flat. These changes of the apartment are also a changes of relations -some break, others grow.",
  "plot": null,
  "synopsis": null
}