{
  "imdb_id": "tt2210088",
  "tmdb_id": "273937",
  "douban_id": null,
  "title": "Crusty 16: Outback Attack (2012)",
  "genres": [
    "Documentary",
    "Sport"
  ],
  "country": "USA",
  "version": [
    {
      "runtime": "60 min",
      "description": ""
    }
  ],
  "imdb_rating": null,
  "director": [
    {
      "id": "nm1908348",
      "name": "Jon Freeman"
    },
    {
      "id": "nm2325980",
      "name": "Dana Nicholson"
    }
  ],
  "writer": [
    {
      "id": "nm1908348",
      "name": "Jon Freeman",
      "description": "writer"
    },
    {
      "id": "nm4303484",
      "name": "Jonathan Grant Wheeler",
      "description": "writer"
    }
  ],
  "cast": [
    {
      "id": "nm2536670",
      "name": "Robbie Maddison",
      "character": "Himself"
    },
    {
      "id": "nm5130999",
      "name": "Steve Mini",
      "character": "Himself"
    },
    {
      "id": "nm5130116",
      "name": "Kain Saul",
      "character": "Himself"
    },
    {
      "id": "nm5130360",
      "name": "Matt Schubring",
      "character": "Himself"
    },
    {
      "id": "nm3888742",
      "name": "Cameron Sinclaire",
      "character": "Himself"
    },
    {
      "id": "nm5129997",
      "name": "Jackson Strong",
      "character": "Himself"
    },
    {
      "id": "nm4290588",
      "name": "Graham Tracey",
      "character": "Narrator       (voice)"
    },
    {
      "id": "nm5129341",
      "name": "Blake Williams",
      "character": "Himself"
    }
  ],
  "overview": "The Crusty boys are back at it. Showcasing the best of the best from this fertile island. Witness the do or die attitude that catapulted these extraordinary Aussies onto the worldwide stage!",
  "storyline": "The Crusty boys are back at it, going end over end, over the top, downunder! The long awaited return of the new Crusty Demons Film has arrived. After traveling all around the world and jumping over, in and through some of the most exotic and coveted locations ever discovered, Film makers Jon Freeman and Dana Nicholson decided to dedicate this film to sandy beaches, red dirt and the laid-back outlook of Australia!",
  "plot": null,
  "synopsis": null
}