{
  "imdb_id": "tt2290067",
  "tmdb_id": "262390",
  "douban_id": null,
  "title": "\"Storyville\" 112 Weddings (TV Episode 2014)",
  "genres": [
    "Documentary",
    "Biography"
  ],
  "country": "USA",
  "version": [
    {
      "runtime": "95 min",
      "description": ""
    },
    {
      "runtime": "59 min",
      "description": "TV"
    }
  ],
  "imdb_rating": 6.6,
  "director": [
    {
      "id": "nm0088710",
      "name": "Doug Block"
    }
  ],
  "writer": [
    {
      "id": "nm0088710",
      "name": "Doug Block",
      "description": "writer"
    }
  ],
  "cast": [
    {
      "id": "nm0088710",
      "name": "Doug Block",
      "character": "Himself"
    },
    {
      "id": "nm5084109",
      "name": "Augie Alexander",
      "character": ""
    },
    {
      "id": "nm6880614",
      "name": "Erica Beckman",
      "character": ""
    },
    {
      "id": "nm6880615",
      "name": "Jonathan Blake",
      "character": ""
    },
    {
      "id": "nm2743733",
      "name": "David Bromberg",
      "character": "Himself - Interviewee"
    },
    {
      "id": "nm6692365",
      "name": "Alexander Caillet",
      "character": ""
    },
    {
      "id": "nm6692366",
      "name": "Janice Caillet",
      "character": ""
    },
    {
      "id": "nm6880613",
      "name": "Anna Conlan",
      "character": ""
    },
    {
      "id": "nm6880599",
      "name": "Heather Dodge",
      "character": ""
    },
    {
      "id": "nm5795609",
      "name": "Sam Dodge",
      "character": ""
    },
    {
      "id": "nm6880612",
      "name": "David Engwall",
      "character": ""
    },
    {
      "id": "nm2240808",
      "name": "Adam Hark",
      "character": ""
    },
    {
      "id": "nm6880610",
      "name": "Danielle Hark",
      "character": ""
    },
    {
      "id": "nm3680192",
      "name": "Jennifer Hyjack",
      "character": ""
    },
    {
      "id": "nm6880603",
      "name": "Dennis Langbein",
      "character": ""
    },
    {
      "id": "nm6880602",
      "name": "Olivia Langbein",
      "character": ""
    },
    {
      "id": "nm6880609",
      "name": "Steve Odierna",
      "character": ""
    },
    {
      "id": "nm6880608",
      "name": "Sue Odierna",
      "character": ""
    },
    {
      "id": "nm6880611",
      "name": "Galina Portnoym",
      "character": ""
    },
    {
      "id": "nm6880607",
      "name": "Tom Roberts",
      "character": ""
    },
    {
      "id": "nm6880606",
      "name": "Yoonhee Roberts",
      "character": ""
    },
    {
      "id": "nm6880601",
      "name": "Paul Shapiro",
      "character": ""
    },
    {
      "id": "nm6880600",
      "name": "Rachel Shapiro",
      "character": ""
    },
    {
      "id": "nm6880604",
      "name": "Jodi Smart",
      "character": ""
    },
    {
      "id": "nm6880605",
      "name": "Michael Smart",
      "character": ""
    }
  ],
  "overview": "After two decades of filming weddings Doug had long wondered what became of those couples.. Are they still together? Is married life what they thought it would be? How have they navigated the inevitable ups and downs of marriage over the long haul? Driven by deep curiosity to answer these questions, he begins to track down and interview his wedding couples, juxtaposing wedding day flashbacks with present-day reality as he explores themes of love and marital commitment and to ask them all the same question: After years of being married, what would be your advice be for a young couple soon to be married?",
  "storyline": "After two decades of filming weddings Doug had long wondered what became of those couples.. Are they still together? Is married life what they thought it would be? How have they navigated the inevitable ups and downs of marriage over the long haul? Driven by deep curiosity to answer these questions, he begins to track down and interview his wedding couples, juxtaposing wedding day flashbacks with present-day reality as he explores themes of love and marital commitment and to ask them all the same question: After years of being married, what would be your advice be for a young couple soon to be married?",
  "plot": null,
  "synopsis": null
}