{
  "imdb_id": "tt2245223",
  "tmdb_id": "98064",
  "douban_id": null,
  "title": "The Source Family (2012)",
  "genres": [
    "Documentary",
    "Music"
  ],
  "country": "USA",
  "version": [
    {
      "runtime": "98 min",
      "description": ""
    }
  ],
  "imdb_rating": 6.9,
  "director": [
    {
      "id": "nm4904219",
      "name": "Maria Demopoulos"
    },
    {
      "id": "nm0998340",
      "name": "Jodi Wille"
    }
  ],
  "writer": null,
  "cast": [
    {
      "id": "nm5713401",
      "name": "Ahom Aquarian",
      "character": "Herself"
    },
    {
      "id": "nm4016681",
      "name": "Isis Aquarian",
      "character": "Herself"
    },
    {
      "id": "nm1861470",
      "name": "Elena Michaels",
      "character": "Electra Aquarian /              Herself"
    },
    {
      "id": "nm2242149",
      "name": "Father Yod",
      "character": "Himself"
    }
  ],
  "overview": "A feature documentary film set in Hollywood, examining a radical experiment in '70s utopian living. The Source Family were the darlings of the Sunset Strip until their communal living, outsider ideals and spiritual leader Father Yod's 13 wives became an issue with local authorities. They fled to Hawaii, leading to their dramatic demise.",
  "storyline": "A feature documentary film set in Hollywood, examining a radical experiment in '70s utopian living. The Source Family were the darlings of the Sunset Strip until their communal living, outsider ideals and spiritual leader Father Yod's 13 wives became an issue with local authorities. They fled to Hawaii, leading to their dramatic demise.",
  "plot": null,
  "synopsis": null
}