{
  "imdb_id": "tt2253038",
  "tmdb_id": "144473",
  "douban_id": null,
  "title": "Lan Kwai Fong 2 (2012)",
  "genres": [
    "Comedy",
    "Drama",
    "Romance"
  ],
  "country": "Hong Kong",
  "version": [
    {
      "runtime": "100 min",
      "description": ""
    }
  ],
  "imdb_rating": 4.8,
  "director": [
    {
      "id": "nm4577722",
      "name": "Wilson Chin"
    }
  ],
  "writer": [
    {
      "id": "nm3020927",
      "name": "Fung Lam",
      "description": "screenplay"
    },
    {
      "id": "nm2734866",
      "name": "Mark Wu",
      "description": "screenplay"
    }
  ],
  "cast": [
    {
      "id": "nm3534265",
      "name": "Shiga Lin",
      "character": "Summer Lui"
    },
    {
      "id": "nm3084874",
      "name": "Chor-yiu Kwan",
      "character": "Rain"
    },
    {
      "id": "nm3169028",
      "name": "Sammy Sum",
      "character": "Don"
    },
    {
      "id": "nm5328404",
      "name": "Izumi Liu",
      "character": "Siri"
    },
    {
      "id": "nm6624682",
      "name": "Avis Chan",
      "character": "Avis"
    },
    {
      "id": "nm6624683",
      "name": "Boey Chan",
      "character": "QQ"
    },
    {
      "id": "nm5481317",
      "name": "Dominic Ho",
      "character": "Fai"
    },
    {
      "id": "nm0328636",
      "name": "Goo-Bi GC",
      "character": "Winnie"
    },
    {
      "id": "nm6624685",
      "name": "Adason Lo",
      "character": "A Wei"
    },
    {
      "id": "nm9485412",
      "name": "Tatyana B.",
      "character": "Tatyana"
    },
    {
      "id": "nm3651996",
      "name": "Calinda Chan",
      "character": "Linda"
    },
    {
      "id": "nm5635326",
      "name": "Sita Chan",
      "character": "Seta"
    },
    {
      "id": "nm5473283",
      "name": "Max Yiu-Lik Choi",
      "character": ""
    },
    {
      "id": "nm4336134",
      "name": "Chi-Hong Chow",
      "character": "A Bo"
    },
    {
      "id": "nm7011773",
      "name": "Jason Chung",
      "character": "(as Yat-Hin Chung)"
    },
    {
      "id": "nm1837617",
      "name": "Ricky Fan",
      "character": ""
    },
    {
      "id": "nm6624686",
      "name": "Jaime Fong",
      "character": "Jojo"
    },
    {
      "id": "nm1159570",
      "name": "Lik-Sun Fong",
      "character": ""
    },
    {
      "id": "nm0453584",
      "name": "Kong Kam",
      "character": "Hung       (as Jin Gang)"
    },
    {
      "id": "nm0473324",
      "name": "Leo Ku",
      "character": ""
    },
    {
      "id": "nm4037150",
      "name": "Christine Kuo",
      "character": ""
    },
    {
      "id": "nm5643338",
      "name": "Coffee Lam",
      "character": ""
    },
    {
      "id": "nm6160548",
      "name": "Liddy Li",
      "character": ""
    },
    {
      "id": "nm5644420",
      "name": "Connie Man",
      "character": "Connie"
    },
    {
      "id": "nm6624684",
      "name": "Linah Matsuoka",
      "character": "Maxim"
    },
    {
      "id": "nm6682283",
      "name": "Owen Ng",
      "character": ""
    },
    {
      "id": "nm0811610",
      "name": "William Wing Hong So",
      "character": ""
    },
    {
      "id": "nm6997723",
      "name": "Kin-Ming Tang",
      "character": "Max Lui"
    },
    {
      "id": "nm4832857",
      "name": "Gregory Wong",
      "character": ""
    },
    {
      "id": "nm5275729",
      "name": "Angelina Zhang",
      "character": "Angelina"
    }
  ],
  "overview": "Promiscuous things going on every night at LKF. Tonight, a photographer hits it off with a girl that just broke up with her rich ex-boyfriend; an office boy in advertising mistakes his cell phone for a pretty married woman\u2019s; a broker gets to know a prostitute a lot more than he should; a patrol officer comes across a female DJ working at a night club, they\u2019re like familiar strangers to each other.",
  "storyline": "Promiscuous things going on every night at LKF. Tonight, a photographer hits it off with a girl that just broke up with her rich ex-boyfriend; an office boy in advertising mistakes his cell phone for a pretty married woman's; a broker gets to know a prostitute a lot more than he should; a patrol officer comes across a female DJ working at a night club, they're like familiar strangers to each other.",
  "plot": null,
  "synopsis": null
}