{
  "imdb_id": "tt2369025",
  "tmdb_id": "133878",
  "douban_id": null,
  "title": "La Playa DC (2012)",
  "genres": [
    "Drama"
  ],
  "country": "Colombia",
  "version": [
    {
      "runtime": "90 min",
      "description": ""
    }
  ],
  "imdb_rating": 6.1,
  "director": [
    {
      "id": "nm3504479",
      "name": "Juan Andr\u00e9s Arango Garcia"
    }
  ],
  "writer": [
    {
      "id": "nm3504479",
      "name": "Juan Andr\u00e9s Arango Garcia",
      "description": "screenplay"
    }
  ],
  "cast": [
    {
      "id": "nm5011867",
      "name": "Luis Carlos Guevara",
      "character": "Tom\u00e1s"
    },
    {
      "id": "nm5013204",
      "name": "Jam\u00e9s Sol\u00eds",
      "character": "Chaco"
    },
    {
      "id": "nm6872481",
      "name": "Andr\u00e9s Murillo",
      "character": "Jairo"
    },
    {
      "id": "nm6483891",
      "name": "Einer Cot\u00e9s",
      "character": "Nelson"
    },
    {
      "id": "nm6483892",
      "name": "Hamilton Qui\u00f1ones",
      "character": "Dany"
    },
    {
      "id": "nm6483893",
      "name": "Jhonatan Alexis Tejada",
      "character": "J\u00edbaro William"
    },
    {
      "id": "nm6483894",
      "name": "Lucy Chaverra",
      "character": "Yenifer"
    },
    {
      "id": "nm6483895",
      "name": "Luis Andr\u00e9s Garrido",
      "character": "J\u00edbaro Carlos"
    },
    {
      "id": "nm6961549",
      "name": "Orlando Ram\u00edrez",
      "character": "Don Humberto"
    },
    {
      "id": "nm6337523",
      "name": "Pastora D\u00edaz",
      "character": "A\u00edda"
    },
    {
      "id": "nm5256679",
      "name": "Karent Hinestroza",
      "character": "Voz A\u00edda"
    },
    {
      "id": "nm0145697",
      "name": "Sain Castro",
      "character": "Roel"
    },
    {
      "id": "nm1271211",
      "name": "Teuda Bara",
      "character": "Dona Mar\u00eda"
    },
    {
      "id": "nm6961550",
      "name": "Ver\u00f3nica Castellanos Farieta",
      "character": "Milena"
    },
    {
      "id": "nm6961551",
      "name": "Wendy Moreno",
      "character": "Norfalia"
    },
    {
      "id": "nm4370427",
      "name": "Andr\u00e9s Murillo",
      "character": ""
    }
  ],
  "overview": "Tomas, an Afro-Colombian teenager who fled the country's Pacific coast pushed out by the war, faces the difficulties of growing up in a city if exclusion and racism. When Jairo, his younger brother and closest friend disappears, Tomas plunges in the streets of the city. His search becomes an initiatory journey that compels him to face his past and to leave aside the influence of his is brothers in order to find his own identity. Through this journey, Tomas reveals a unique perspective of a vibrant and unstable city that, like Tomas, stands on the threshold between what once was and what might be.",
  "storyline": "Tomas, an Afro-Colombian teenager who fled the country's Pacific coast pushed out by the war, faces the difficulties of growing up in a city if exclusion and racism. When Jairo, his younger brother and closest friend disappears, Tomas plunges in the streets of the city. His search becomes an initiatory journey that compels him to face his past and to leave aside the influence of his is brothers in order to find his own identity. Through this journey, Tomas reveals a unique perspective of a vibrant and unstable city that, like Tomas, stands on the threshold between what once was and what might be.",
  "plot": null,
  "synopsis": null
}