{
  "imdb_id": "tt2314414",
  "tmdb_id": "176075",
  "douban_id": null,
  "title": "Sake",
  "genres": [
    "Comedy",
    "Drama"
  ],
  "country": "USA",
  "version": [
    {
      "runtime": "83 min",
      "description": ""
    }
  ],
  "imdb_rating": 5.7,
  "director": [
    {
      "id": "nm1867760",
      "name": "Junya Sakino"
    }
  ],
  "writer": [
    {
      "id": "nm2379335",
      "name": "Jeff Mizushima",
      "description": "screenplay"
    }
  ],
  "cast": [
    {
      "id": "nm1204924",
      "name": "Gaku Hamada",
      "character": "Naoto"
    },
    {
      "id": "nm1603142",
      "name": "Eugene Kim",
      "character": "Sebastian"
    },
    {
      "id": "nm3062315",
      "name": "Marlane Barnes",
      "character": "Joslyn"
    },
    {
      "id": "nm3981496",
      "name": "Josh Brodis",
      "character": "Michael"
    },
    {
      "id": "nm0218942",
      "name": "Denden",
      "character": "Masa"
    },
    {
      "id": "nm2610425",
      "name": "Chrissie Fit",
      "character": "Edie"
    },
    {
      "id": "nm1013476",
      "name": "Samantha Quan",
      "character": "Tamiko"
    },
    {
      "id": "nm0913812",
      "name": "Hiroyuki Watanabe",
      "character": "Takanori"
    },
    {
      "id": "nm2565039",
      "name": "Jessika Van",
      "character": "Annie"
    },
    {
      "id": "nm2020675",
      "name": "Jenn Liu",
      "character": "Olivia"
    },
    {
      "id": "nm1042946",
      "name": "Michael Patrick McGill",
      "character": "Officer"
    },
    {
      "id": "nm1399960",
      "name": "Dat Phan",
      "character": "Long Wang"
    },
    {
      "id": "nm1298556",
      "name": "Mary Carey",
      "character": "Ms. Robinson"
    },
    {
      "id": "nm5037272",
      "name": "D A Allen",
      "character": "Restaurant Patron"
    },
    {
      "id": "nm5426808",
      "name": "Andreas Arristos",
      "character": "Bar Patron       (as Garsha Arristos)"
    },
    {
      "id": "nm5506542",
      "name": "Garrett Bowman",
      "character": ""
    },
    {
      "id": "nm3255821",
      "name": "Aaron Burt",
      "character": ""
    },
    {
      "id": "nm4361152",
      "name": "Matthias Chrans",
      "character": "Kev"
    },
    {
      "id": "nm1797556",
      "name": "Benjamin Ciaramello",
      "character": "Travis"
    },
    {
      "id": "nm2583362",
      "name": "Anthony Kuan",
      "character": "Anthony"
    },
    {
      "id": "nm4495842",
      "name": "Tyler Lepley",
      "character": "Bar Patron"
    },
    {
      "id": "nm3351267",
      "name": "Laura Long",
      "character": "Sparkling Dress Woman"
    },
    {
      "id": "nm2382149",
      "name": "Ryan McCann",
      "character": "Bradley"
    }
  ],
  "overview": "A sarcastic and self-deprecating Asian-American must take his naive Japanese cousin on a road trip along the California coast to find his ex-girlfriend.",
  "storyline": "Sake-Bomb is a cocktail created by dropping a shot of sake into a pint of beer. It's also a comedic road movie about a sarcastic Asian American and his Japanese cousin. Sebastian is a bitter, self-deprecating wannabe Internet star from Los Angeles. He is recently dumped by his girlfriend and on the look out for someone new. When his cousin Naoto, a naive sake maker from Japan, shows up to find his own ex-girlfriend, Sebastian takes him to northern California to find her. They are a clash of cultures waiting to happen. Someone has to break first. Together they meet a colorful group of characters as they come to grips with who they are and the true nature of the girlfriends they're pursuing.",
  "plot": "After his girlfriend dumps him, Sebastian, a cynical and bitter Asian-American vlogger, meets his cousin Naoto, a Japanese tourist. Naoto has come to America to follow his ex-girlfriend, who left him without any explanation. Seeking answers for their respective relationship issues, the two embark on a road trip that results in culture clash between the two cousins and wider American culture.",
  "synopsis": null
}