{
  "imdb_id": "tt2300684",
  "tmdb_id": "202983",
  "douban_id": null,
  "title": "Le renard jaune (2013)",
  "genres": [
    "Crime",
    "Drama"
  ],
  "country": "France",
  "version": [
    {
      "runtime": "84 min",
      "description": ""
    }
  ],
  "imdb_rating": 5.8,
  "director": [
    {
      "id": "nm0006620",
      "name": "Jean-Pierre Mocky"
    }
  ],
  "writer": [
    {
      "id": "nm0006620",
      "name": "Jean-Pierre Mocky",
      "description": "writer"
    }
  ],
  "cast": [
    {
      "id": "nm0092184",
      "name": "Richard Bohringer",
      "character": "Charles Senac"
    },
    {
      "id": "nm0105475",
      "name": "Claude Brasseur",
      "character": "Le commandant"
    },
    {
      "id": "nm0156697",
      "name": "Philippe Chevallier",
      "character": "Polo"
    },
    {
      "id": "nm0001095",
      "name": "B\u00e9atrice Dalle",
      "character": "B\u00e9atrice (Brigitte)"
    },
    {
      "id": "nm0225899",
      "name": "Fr\u00e9d\u00e9ric Diefenthal",
      "character": "Poulin"
    },
    {
      "id": "nm0241383",
      "name": "Antoine Dul\u00e9ry",
      "character": "L\u00e9o"
    },
    {
      "id": "nm0491763",
      "name": "Dominique Lavanant",
      "character": "Val\u00e9rie"
    },
    {
      "id": "nm0003909",
      "name": "Michael Lonsdale",
      "character": "Jean Virno"
    },
    {
      "id": "nm0836682",
      "name": "Robinson St\u00e9venin",
      "character": "Phil"
    },
    {
      "id": "nm0836681",
      "name": "Jean-Fran\u00e7ois St\u00e9venin",
      "character": "Inspecteur Giraud"
    },
    {
      "id": "nm0008430",
      "name": "Jean Abeill\u00e9",
      "character": "Jacques"
    },
    {
      "id": "nm4846888",
      "name": "Jo\u00eblle Haddad Champeyroux",
      "character": "La kiosquiere       (as Joelle Champeyroux)"
    },
    {
      "id": "nm6133391",
      "name": "Christine Zavan",
      "character": "La patronne"
    },
    {
      "id": "nm5189836",
      "name": "Marie-Caroline Le Garrec",
      "character": "Alexia       (as Marie Caroline Le Garrec)"
    },
    {
      "id": "nm5076824",
      "name": "Renaud Bouchery",
      "character": "Vincent"
    },
    {
      "id": "nm5076749",
      "name": "Maryvonne Hamida",
      "character": "La concierge"
    },
    {
      "id": "nm4591915",
      "name": "Fran\u00e7ois Viette",
      "character": "Rom\u00e9o, le gamin"
    },
    {
      "id": "nm2634277",
      "name": "Rapha\u00ebl Scheer",
      "character": "Le stagiaire chez Giraud"
    },
    {
      "id": "nm1128019",
      "name": "Fabrice de la Villeherv\u00e9",
      "character": "Le l\u00e9giste"
    },
    {
      "id": "nm1106820",
      "name": "Laurent Biras",
      "character": "Billy"
    },
    {
      "id": "nm6133392",
      "name": "Laurent Poubanne",
      "character": "Le cur\u00e9"
    },
    {
      "id": "nm0078097",
      "name": "Fran\u00e7oise Bertin",
      "character": "La dame de la morgue"
    },
    {
      "id": "nm4268373",
      "name": "Lionel Laget",
      "character": "L'assistant \u00e0 la morgue"
    },
    {
      "id": "nm0686409",
      "name": "Dominique Plaideau",
      "character": "Le reporter TV"
    },
    {
      "id": "nm5189017",
      "name": "J\u00e9r\u00f4me Len\u00f4tre",
      "character": "Le gros monsieur       (as J\u00e9r\u00f4me Lenotre)"
    },
    {
      "id": "nm0100530",
      "name": "Alain Bouzigues",
      "character": "Roger, le journaliste"
    },
    {
      "id": "nm0081535",
      "name": "Christophe Bier",
      "character": "L'\u00e9diteur       (as Christophe Beer)"
    },
    {
      "id": "nm0059564",
      "name": "Patricia Barzyk",
      "character": "Doris"
    },
    {
      "id": "nm4980526",
      "name": "Arthur Defays",
      "character": "Le jeune po\u00e8te"
    },
    {
      "id": "nm2267849",
      "name": "Jean-Louis Andrieux",
      "character": "L'inspecteur des Renseignements G\u00e9n\u00e9raux"
    }
  ],
  "overview": null,
  "storyline": null,
  "plot": null,
  "synopsis": null
}