{
  "imdb_id": "tt2387589",
  "tmdb_id": "241261",
  "douban_id": null,
  "title": "The Girl on the Train (2016)",
  "genres": [
    "Thriller"
  ],
  "country": "USA",
  "version": [
    {
      "runtime": "80 min",
      "description": ""
    }
  ],
  "imdb_rating": 4.3,
  "director": [
    {
      "id": "nm0104487",
      "name": "Larry Brand"
    }
  ],
  "writer": [
    {
      "id": "nm0104487",
      "name": "Larry Brand",
      "description": "written by"
    }
  ],
  "cast": [
    {
      "id": "nm0193738",
      "name": "Henry Ian Cusick",
      "character": "Danny Hart"
    },
    {
      "id": "nm0043704",
      "name": "Nicki Aycox",
      "character": "Lexi"
    },
    {
      "id": "nm0002332",
      "name": "Stephen Lang",
      "character": "Det. Lloyd Martin"
    },
    {
      "id": "nm0546868",
      "name": "David Margulies",
      "character": "Morris Herzman"
    },
    {
      "id": "nm2531628",
      "name": "Charles Aitken",
      "character": "Spider"
    },
    {
      "id": "nm0080866",
      "name": "James Biberi",
      "character": "Cabbie"
    },
    {
      "id": "nm0118430",
      "name": "Waltrudis Buck",
      "character": "Rina Herzman"
    },
    {
      "id": "nm2826072",
      "name": "John L. Payne",
      "character": "Carl Pruitt       (as John Payne)"
    },
    {
      "id": "nm1685220",
      "name": "Tom Morrissey",
      "character": "Enigmatic Old Man"
    },
    {
      "id": "nm4540694",
      "name": "Nathalie Lyon",
      "character": "Lottery Girl"
    },
    {
      "id": "nm0297557",
      "name": "John Fugelsang",
      "character": "Lottery Guy"
    },
    {
      "id": "nm5487068",
      "name": "Alex Vega",
      "character": "Big Man"
    },
    {
      "id": "nm3769506",
      "name": "Jennifer Nuccitelli",
      "character": "Lexi's Mother       (as Jennifer Lynn Nuccitelli)"
    },
    {
      "id": "nm5077957",
      "name": "Maria Chinappi",
      "character": "Young Lexi"
    }
  ],
  "overview": "When documentary filmmaker Danny Hart boards a train at Grand Central Station he has no reason to expect anything more than a pleasant ride to upstate New York to interview the subjects for his latest project. But a chance encounter with a mysterious young woman leads him on a journey of a very different sort. Within the blink of an eye his life of complacency is left behind for a world in which the line between fantasy and reality is blurred...a world of intrigue, danger, and the possibility of blood",
  "storyline": "A documentary filmmaker boards a train at Grand Central Terminal, heading to upstate New York to interview the subjects of his latest project. A chance encounter with a mysterious young woman leads him on a journey of a very different sort, and within the blink of an eye, Hart is forced to leave his complacent life behind for a world in which the line between fantasy and reality is blurred. As Hart tells his strange story to a police detective he finds himself being questioned as Martin tries to discover whether Hart is the victim or the suspect in the strange affair.",
  "plot": null,
  "synopsis": null
}