{
  "imdb_id": "tt2317401",
  "tmdb_id": "132168",
  "douban_id": null,
  "title": "Shambala (2012)",
  "genres": [
    "Drama"
  ],
  "country": "Thailand",
  "version": [],
  "imdb_rating": 7.2,
  "director": [
    {
      "id": "nm4962293",
      "name": "Panjapong Kongkanoy"
    }
  ],
  "writer": [
    {
      "id": "nm4962293",
      "name": "Panjapong Kongkanoy",
      "description": null
    },
    {
      "id": "nm2856173",
      "name": "Nut Nualpang",
      "description": null
    }
  ],
  "cast": [
    {
      "id": "nm0263594",
      "name": "Ananda Everingham",
      "character": "Tin (Elder Brother)"
    },
    {
      "id": "nm2060328",
      "name": "Sunny Suwanmethanont",
      "character": "Wut"
    },
    {
      "id": "nm1751523",
      "name": "Ase Wang",
      "character": "Jane (Elder Brother's Girlfriend)"
    },
    {
      "id": "nm5235524",
      "name": "Nalintip Permpattarasakul",
      "character": "Nam"
    }
  ],
  "overview": "Two estranged brothers take a road trip through Tibet together. In that high altitude country, the younger brother, Wut, is looking for a mythical place called Shambhala with the belief that its magical power will help cure his dying girlfriend. His older brother, Tin, has a painful past and assuages his soul by heavy drinking",
  "storyline": null,
  "plot": null,
  "synopsis": null
}