{
  "imdb_id": "tt2346480",
  "tmdb_id": "315291",
  "douban_id": null,
  "title": "Jennifer Lopez: Dance Again (TV Movie 2014)",
  "genres": [
    "Documentary",
    "Music"
  ],
  "country": "USA",
  "version": [
    {
      "runtime": "86 min",
      "description": ""
    }
  ],
  "imdb_rating": 6.7,
  "director": [
    {
      "id": "nm0448507",
      "name": "Ted Kenney"
    }
  ],
  "writer": null,
  "cast": [
    {
      "id": "nm0000182",
      "name": "Jennifer Lopez",
      "character": "Herself"
    },
    {
      "id": "nm6796998",
      "name": "Bryant Siono",
      "character": "Himself - Band: Bass"
    },
    {
      "id": "nm7136180",
      "name": "Carnell Harrel",
      "character": "Himself - Band: Keyboard #1"
    },
    {
      "id": "nm7136181",
      "name": "Norman Jackson",
      "character": "Himself - Band: Keyboard #2"
    },
    {
      "id": "nm7136182",
      "name": "Charles Streeter",
      "character": "Himself - Band: Drums"
    },
    {
      "id": "nm4249684",
      "name": "Adam Hawley",
      "character": "Himself - Band: Guitar"
    },
    {
      "id": "nm6184096",
      "name": "Fausto Cuevas",
      "character": "Himself - Band: Percussionist       (as Fausto Cuevas III)"
    },
    {
      "id": "nm6676232",
      "name": "Erin Stevenson",
      "character": "Herself - Background Vocalist"
    },
    {
      "id": "nm7136183",
      "name": "Fannie Belle Johnson",
      "character": "Herself - Background Vocalist"
    },
    {
      "id": "nm1381517",
      "name": "Gilbert Saldivar",
      "character": "Himself - Dance Captain       (as Gilbert Saldivar Jr.)"
    },
    {
      "id": "nm5937770",
      "name": "Jose Hernandez",
      "character": "Himself - Dancer"
    },
    {
      "id": "nm5971289",
      "name": "Cat Rendic",
      "character": "Herself - Dancer"
    },
    {
      "id": "nm3724236",
      "name": "Khasan Brailsford",
      "character": "Himself - Dancer"
    },
    {
      "id": "nm2627561",
      "name": "Jimmy R.O. Smith",
      "character": "Himself - Dancer       (as Jimmy Smith)"
    },
    {
      "id": "nm2920503",
      "name": "Chase Benz",
      "character": "Himself - Dancer"
    },
    {
      "id": "nm2293259",
      "name": "John Silver",
      "character": "Himself - Dancer"
    },
    {
      "id": "nm3649695",
      "name": "Shannon Holtzapffel",
      "character": "Himself - Dancer"
    },
    {
      "id": "nm4802953",
      "name": "Tera Perez",
      "character": "Herself - Dancer"
    },
    {
      "id": "nm6040949",
      "name": "Lake Smits",
      "character": "Himself - Dancer"
    },
    {
      "id": "nm4972288",
      "name": "George Jones Jr.",
      "character": "Himself - Dancer"
    },
    {
      "id": "nm1018804",
      "name": "Tiana Rios",
      "character": "Herself - Cousin       (as Tiana)"
    },
    {
      "id": "nm3088591",
      "name": "David L\u00f3pez",
      "character": "Himself - Dad       (as David)"
    },
    {
      "id": "nm7136184",
      "name": "Lupe L\u00f3pez",
      "character": "Herself - Mom       (as Lupe)"
    },
    {
      "id": "nm7136185",
      "name": "Leslie Scholl",
      "character": "Herself - Sister       (as Leslie)"
    },
    {
      "id": "nm0780435",
      "name": "Ryan Seacrest",
      "character": "Himself"
    },
    {
      "id": "nm5242754",
      "name": "Emme Mu\u00f1iz",
      "character": "Herself       (as Emme)"
    },
    {
      "id": "nm5244393",
      "name": "Max Mu\u00f1iz",
      "character": "Himself       (as Max)"
    },
    {
      "id": "nm1193098",
      "name": "Randy Jackson",
      "character": "Himself"
    },
    {
      "id": "nm0530223",
      "name": "Lynda Lopez",
      "character": "Herself - Sister       (as Lynda)"
    },
    {
      "id": "nm3854355",
      "name": "Kuk Harrell",
      "character": "Himself - Vocal Producer       (as Kuk)"
    },
    {
      "id": "nm0575656",
      "name": "Benny Medina",
      "character": "Himself - Manager       (as Benny)"
    },
    {
      "id": "nm0004711",
      "name": "Marc Anthony",
      "character": "Himself"
    },
    {
      "id": "nm5385923",
      "name": "Tianna Saldana Peters",
      "character": "Stormy"
    },
    {
      "id": "nm3432415",
      "name": "Casper Smart",
      "character": "Himself"
    }
  ],
  "overview": "A documentary that chronicles Jennifer Lopez's life on and off-stage during her first ever world tour.",
  "storyline": "Jennifer Lopez: Dance Again offers an insight into one of the most famous entertainers in the world, combining high-energy musical performances with a raw and candid look at Lopez's personal and professional life over a defining six-month period. Special behind-the-scenes moments capture the challenge of going on her first world tour with her two young children, parents and closest friends in tow, beginning in South America and ending in Puerto Rico, where she held her first concert 11 years earlier.",
  "plot": null,
  "synopsis": null
}