{
  "imdb_id": "tt2366131",
  "tmdb_id": "247290",
  "douban_id": null,
  "title": "Kill Buljo 2 (2013)",
  "genres": [
    "Comedy"
  ],
  "country": "Norway",
  "version": [
    {
      "runtime": "88 min",
      "description": ""
    }
  ],
  "imdb_rating": 5.0,
  "director": [
    {
      "id": "nm0388473",
      "name": "Vegar Hoel"
    }
  ],
  "writer": [
    {
      "id": "nm2552337",
      "name": "Stig Frode Henriksen",
      "description": null
    },
    {
      "id": "nm2482088",
      "name": "Tommy Wirkola",
      "description": null
    }
  ],
  "cast": [
    {
      "id": "nm2070336",
      "name": "Ingrid Bols\u00f8 Berdal",
      "character": "Anniken Skaiwalker"
    },
    {
      "id": "nm2482088",
      "name": "Tommy Wirkola",
      "character": "Sid Wisl\u00f8ff"
    },
    {
      "id": "nm1355643",
      "name": "Jeppe Beck Laursen",
      "character": "Hans Ollo       (as Jeppe Laursen)"
    },
    {
      "id": "nm1554995",
      "name": "Christian Rubeck",
      "character": "Bleik Carrington"
    },
    {
      "id": "nm0388473",
      "name": "Vegar Hoel",
      "character": "Obi Wank Tjernobyl"
    },
    {
      "id": "nm2552337",
      "name": "Stig Frode Henriksen",
      "character": "Jompa Tormann"
    },
    {
      "id": "nm1851772",
      "name": "Ewa Da Cruz",
      "character": "Randi"
    },
    {
      "id": "nm2505635",
      "name": "\u00d8rjan Gamst",
      "character": "Bukaka"
    },
    {
      "id": "nm2277766",
      "name": "Ivar Lykke",
      "character": "Major Tits"
    },
    {
      "id": "nm3617298",
      "name": "Daniel Berge Halvorsen",
      "character": "Handsome Bob"
    },
    {
      "id": "nm0392567",
      "name": "Triana Iglesias Holten",
      "character": "Fr\u00f8ydis"
    },
    {
      "id": "nm2547443",
      "name": "J\u00f8rn Tore Nilsen",
      "character": "Cato"
    },
    {
      "id": "nm1504755",
      "name": "Kim S. Falck-J\u00f8rgensen",
      "character": "Tante Hasj"
    },
    {
      "id": "nm0276534",
      "name": "Kristian Figenschow",
      "character": "Waldemar       (rumored)"
    },
    {
      "id": "nm2507523",
      "name": "Frank Arne Olsen",
      "character": "Pappa Buljo"
    }
  ],
  "overview": "Jompa Tormann is back, and everything is better, except the humor, which is even worse than in the first movie of vengeance.",
  "storyline": "Jompa Tormann is back, and everything is better, except the humor, which is even worse than in the first movie of vengeance.",
  "plot": null,
  "synopsis": null
}