{
  "imdb_id": "tt2330654",
  "tmdb_id": "251324",
  "douban_id": null,
  "title": "Blood Type: Unknown (2013)",
  "genres": [
    "Drama"
  ],
  "country": "USA",
  "version": [
    {
      "runtime": "90 min",
      "description": ""
    }
  ],
  "imdb_rating": 4.2,
  "director": [
    {
      "id": "nm2980409",
      "name": "Doug Penikas"
    }
  ],
  "writer": [
    {
      "id": "nm2980409",
      "name": "Doug Penikas",
      "description": null
    }
  ],
  "cast": [
    {
      "id": "nm3957052",
      "name": "Jenna Kanell",
      "character": "Caitlyn Landale"
    },
    {
      "id": "nm2980409",
      "name": "Doug Penikas",
      "character": "Adam Godfrey"
    },
    {
      "id": "nm2983678",
      "name": "Leanna Pareja",
      "character": "Alice Buchanan"
    },
    {
      "id": "nm0817818",
      "name": "Sean Spence",
      "character": "Father Brian"
    },
    {
      "id": "nm3305077",
      "name": "Ryan Barr",
      "character": "Andrew"
    },
    {
      "id": "nm3553486",
      "name": "Mario E. Garcia",
      "character": "Officer Raster"
    },
    {
      "id": "nm2606631",
      "name": "Rae Latt",
      "character": "Jean Landale"
    },
    {
      "id": "nm0495698",
      "name": "Henry LeBlanc",
      "character": "George Landale"
    },
    {
      "id": "nm0537204",
      "name": "William Stone Mahoney",
      "character": "Frank Connor"
    },
    {
      "id": "nm1920671",
      "name": "Chuck Manus",
      "character": "Bartender"
    },
    {
      "id": "nm5207421",
      "name": "Eddie Miller",
      "character": "Joe"
    },
    {
      "id": "nm2320221",
      "name": "Charan Prabhakar",
      "character": "Eric"
    },
    {
      "id": "nm3126560",
      "name": "Serge Savinovic",
      "character": "Drake McDowell       (as Sergio Savinovic)"
    },
    {
      "id": "nm1958869",
      "name": "Chelsea Switzer",
      "character": "Gemma Connor"
    },
    {
      "id": "nm2687492",
      "name": "Meranda Walden",
      "character": "Ms. Jennings"
    },
    {
      "id": "nm1640119",
      "name": "Rickey G. Williams",
      "character": "Dr. Hopkins"
    }
  ],
  "overview": "A drama about love, secrets, and acceptance Blood Type: Unknown follows wannabe novelist Caitlyn Landale on her journey to embracing her dreams. Wondering if life is not as exciting or magical as her stories, her views are forever altered when she meets the bitter-viewed Adam Godfrey. But when her feelings for the mysterious Adam Godfrey grow unconditionally strong she soon finds herself captured in a four centuries old secret that she never expected.",
  "storyline": "Are soul mates real or just a romantic fantasy? That's the question haunting college freshman Caitlyn Landale. When Caitlyn's young idealistic beliefs about true love are passionately challenged by the bitter Adam Godfrey, she soon finds herself captured in a romance that spans the test of time.",
  "plot": null,
  "synopsis": null
}