{
  "imdb_id": "tt2361348",
  "tmdb_id": "128122",
  "douban_id": null,
  "title": "The Lebanese Rocket Society (2012)",
  "genres": [
    "Documentary"
  ],
  "country": "Lebanon",
  "version": [
    {
      "runtime": "93 min",
      "description": ""
    }
  ],
  "imdb_rating": 6.7,
  "director": [
    {
      "id": "nm0352858",
      "name": "Joana Hadjithomas"
    },
    {
      "id": "nm0430307",
      "name": "Khalil Joreige"
    }
  ],
  "writer": null,
  "cast": [
    {
      "id": "nm5262604",
      "name": "Hampar Karageozian",
      "character": ""
    },
    {
      "id": "nm5262642",
      "name": "Harry Koundakjian",
      "character": ""
    },
    {
      "id": "nm1394275",
      "name": "Manoug Manougian",
      "character": ""
    },
    {
      "id": "nm5262625",
      "name": "John Markarian",
      "character": ""
    },
    {
      "id": "nm5262594",
      "name": "Joseph Sfeir",
      "character": ""
    },
    {
      "id": "nm2986073",
      "name": "Jana Wehbe",
      "character": ""
    }
  ],
  "overview": "Lebanon's brief flirtation with space travel in the 1960s becomes a poignant metaphor for the Arab world's utopian dreams in this riveting documentary. (TIFF)",
  "storyline": "From 1960 to 1966, a space project was undertaken in Lebanon. Several rockets, which became larger and more powerful with time, were launched from the hills surrounding Beirut by a group of scientists, university students and army experts. This group, led by Manoug Manougian, was called: The Lebanese Rocket Society.",
  "plot": null,
  "synopsis": null
}