{
  "imdb_id": "tt2325014",
  "tmdb_id": "255298",
  "douban_id": null,
  "title": "Rabid Love (2013)",
  "genres": [
    "Horror",
    "Thriller"
  ],
  "country": "USA",
  "version": [
    {
      "runtime": "90 min",
      "description": ""
    }
  ],
  "imdb_rating": 3.2,
  "director": [
    {
      "id": "nm3134589",
      "name": "Paul J. Porter"
    }
  ],
  "writer": [
    {
      "id": "nm3082812",
      "name": "Hayley Derryberry",
      "description": "story"
    },
    {
      "id": "nm3134589",
      "name": "Paul J. Porter",
      "description": "writer"
    }
  ],
  "cast": [
    {
      "id": "nm3082812",
      "name": "Hayley Derryberry",
      "character": "Heather Ross"
    },
    {
      "id": "nm1939136",
      "name": "Jessica Sonneborn",
      "character": "Julie Allen"
    },
    {
      "id": "nm1975871",
      "name": "Brandon Stacy",
      "character": "David"
    },
    {
      "id": "nm0358717",
      "name": "Josh Hammond",
      "character": "Adam Markley"
    },
    {
      "id": "nm2838283",
      "name": "Hannah Landberg",
      "character": "Summer Watson"
    },
    {
      "id": "nm2698763",
      "name": "Brian Reece",
      "character": "Sheriff Francis Sinclair"
    },
    {
      "id": "nm0993700",
      "name": "Noel Thurman",
      "character": "Sandra Ross"
    },
    {
      "id": "nm0102153",
      "name": "Alexandra Boylan",
      "character": "Kristen"
    },
    {
      "id": "nm2294409",
      "name": "Raquel Cantu",
      "character": "Nicky"
    },
    {
      "id": "nm2349697",
      "name": "Joe Backer",
      "character": "Store Clerk"
    },
    {
      "id": "nm3856319",
      "name": "Chris Bylsma",
      "character": "Ben"
    },
    {
      "id": "nm3655078",
      "name": "Megan Hensley",
      "character": "Lisa"
    },
    {
      "id": "nm4113340",
      "name": "Ali Lofquist",
      "character": "Stephanie"
    },
    {
      "id": "nm2727043",
      "name": "Lori Mann",
      "character": "Sheriff's Secretary"
    },
    {
      "id": "nm3134589",
      "name": "Paul J. Porter",
      "character": "John Allen"
    },
    {
      "id": "nm3915960",
      "name": "Natalie Turner",
      "character": "Amy"
    },
    {
      "id": "nm5204896",
      "name": "Lance L. Ziesch",
      "character": "Gas Station Attendant"
    }
  ],
  "overview": "Five recent college grads go for one last vacation in the woods during the summer of 1984 and one of them is infected with a mad scientist's synthetic rabies virus.",
  "storyline": "When Heather Ross and her lifelong friends take one final trip out to a cabin in the woods before they go their separate ways after graduating from college, the weekend takes an unexpected turn when people start disappearing. Is one of their own responsible? How about the killer bear that's rumored to be in the woods? Maybe one of the seemingly unstable hunters that have been drawn to the area and are out to get the bear? Join Heather and the gang as they find out where their loyalties truly lie and discover the secrets of the forest that might become a grave for all of them!",
  "plot": null,
  "synopsis": null
}