{
  "imdb_id": "tt2384328",
  "tmdb_id": "186974",
  "douban_id": null,
  "title": "Sarah Prefers to Run (2013)",
  "genres": [
    "Drama",
    "Romance",
    "Sport"
  ],
  "country": "Canada",
  "version": [
    {
      "runtime": "97 min",
      "description": ""
    }
  ],
  "imdb_rating": 6.3,
  "director": [
    {
      "id": "nm3459189",
      "name": "Chlo\u00e9 Robichaud"
    }
  ],
  "writer": [
    {
      "id": "nm3459189",
      "name": "Chlo\u00e9 Robichaud",
      "description": "screenplay"
    }
  ],
  "cast": [
    {
      "id": "nm1538828",
      "name": "Sophie Desmarais",
      "character": "Sarah Lepage"
    },
    {
      "id": "nm3912762",
      "name": "Jean-S\u00e9bastien Courchesne",
      "character": "Antoine Breton"
    },
    {
      "id": "nm4630698",
      "name": "Genevi\u00e8ve Boivin-Roussy",
      "character": "Zoey Gagnon"
    },
    {
      "id": "nm1118078",
      "name": "H\u00e9l\u00e8ne Florent",
      "character": "Isabelle"
    },
    {
      "id": "nm0484307",
      "name": "Micheline Lanct\u00f4t",
      "character": "Entra\u00eeneure McGill"
    },
    {
      "id": "nm1833753",
      "name": "Eve Duranceau",
      "character": "Fanny"
    },
    {
      "id": "nm1450428",
      "name": "Pierre-Luc Lafontaine",
      "character": "Sean"
    },
    {
      "id": "nm0332259",
      "name": "Beno\u00eet Gouin",
      "character": "Richard"
    },
    {
      "id": "nm4318381",
      "name": "France Pilote",
      "character": "Greffi\u00e8re"
    },
    {
      "id": "nm2695398",
      "name": "Fred-Eric Salvail",
      "character": "M\u00e9decin       (as Fred-\u00c9ric Savail)"
    },
    {
      "id": "nm2190654",
      "name": "Joseph Bellerose",
      "character": "Cardiologue"
    },
    {
      "id": "nm3208346",
      "name": "Catherine Renaud",
      "character": "Entra\u00eeneure junior"
    },
    {
      "id": "nm1764072",
      "name": "Julianne C\u00f4t\u00e9",
      "character": "Fran\u00e7oise (athl\u00e8te coll\u00e9giale 1)"
    },
    {
      "id": "nm3500149",
      "name": "Alexa-Jeanne Dub\u00e9",
      "character": "Camille (athl\u00e8te coll\u00e9giale 2)"
    },
    {
      "id": "nm3420605",
      "name": "Carla Turcotte",
      "character": "Laurence (athl\u00e8te coll\u00e9giale 3)"
    },
    {
      "id": "nm5723595",
      "name": "Naomie Turcotte",
      "character": "Marie, soeur d'Antoine"
    },
    {
      "id": "nm1000945",
      "name": "Artur Gorishti",
      "character": "Fleuriste"
    },
    {
      "id": "nm5126323",
      "name": "Louis Labarre",
      "character": "Gars party"
    },
    {
      "id": "nm3988609",
      "name": "Andr\u00e9 Beaupr\u00e9",
      "character": "G\u00e9rant du resto"
    },
    {
      "id": "nm5724066",
      "name": "Dany Tremblay",
      "character": "Client"
    },
    {
      "id": "nm5722744",
      "name": "France Fortin",
      "character": "Cliente"
    },
    {
      "id": "nm5724247",
      "name": "Audrey Bellehumeur",
      "character": "Athl\u00e8te douche"
    },
    {
      "id": "nm5723465",
      "name": "Ginette Hach\u00e9",
      "character": "Caissi\u00e8re"
    },
    {
      "id": "nm5723938",
      "name": "Gabrielle Lessard",
      "character": "Coureuse suppl\u00e9mentaire 1"
    },
    {
      "id": "nm5723376",
      "name": "Danielle Leseaux-Farmer",
      "character": "Coureuse suppl\u00e9mentaire 2"
    },
    {
      "id": "nm2143810",
      "name": "Sarah Pellerin",
      "character": "Coureuse suppl\u00e9mentaire 3"
    },
    {
      "id": "nm5722845",
      "name": "Nadia Rochefort",
      "character": "Coureuse McGill 1"
    },
    {
      "id": "nm5722816",
      "name": "Laurie Aylwin-Desc\u00f4teaux",
      "character": "Coureuse McGill 2"
    },
    {
      "id": "nm5723393",
      "name": "Alexandre Desmarais",
      "character": "Coureuse McGill 3"
    },
    {
      "id": "nm5722768",
      "name": "Carolina Ts\u00e9",
      "character": "Coureuse McGill 4"
    },
    {
      "id": "nm5724393",
      "name": "Claudelle Pr\u00e9vost-Cormier",
      "character": "Coureuse McGill 5"
    },
    {
      "id": "nm5722215",
      "name": "Anne-Laure M\u00e9nard",
      "character": "Coureuse McGill 6"
    },
    {
      "id": "nm5723745",
      "name": "Jessica Portofilio",
      "character": "Coureuse McGill 7"
    }
  ],
  "overview": "When Sarah has a chance to go to a first class university and to join its premiere athletic club, her suburban mother is fearful of the change and refuses to help financially. But Sarah's roommate knows that they will get a grant if they marry. Sarah agrees but only to discover that her true heart lies elsewhere. Sarah prefers to run.",
  "storyline": "The film is about the pursuit of a goal and tackles the anxieties of a young athlete who lives only for the race.",
  "plot": "After coming in with top marks at her training camp Sarah (Sophie Desmarais) is encouraged to go to McGill University to train. When she brings up the idea to her parents they shoot her down telling her they don't have the money. Sarah talks with her co-worker Antoine (Jean-S\u00e9bastien Courchesne) about wanting to go to Montreal. He decides to move with her in order to help her financially. On their way to Montreal Antoine suggests that they marry in order to obtain financing available to young couple in university. Sarah shrugs him off.\n\nOnce at school Sarah quickly becomes overwhelmed with the financial responsibilities of being enrolled in the running program. She meets a fellow runner named Isabelle and befriends her. She decides to marry Antoine for the money.\n\nAt a student party Sarah watches Isabelle and begins to feel her heart speed up. She is taken to the hospital by Antoine where she learns that she has a heart condition that could prevent her from running. Back at home she kisses Antoine and the two have sex. The following day Sarah brushes him off telling him that sleeping with him was a one time thing. Antoine plays off his feelings however later he gets drunk and confesses that he loves Sarah despite himself. Antoine decides that he cannot continue living with Sarah and asks for a divorce. At the same time he tells her he will continue paying for their apartment for a few months until she can land on her feet.\n\nBefore a track session Sarah stands in the bathroom looking at the heart monitoring equipment she is supposed to wear in order to measure whether he heart is reaching dangerous levels when she is running. She decides not to wear it and to continue running anyway.",
  "synopsis": null
}