{
  "imdb_id": "tt2369573",
  "tmdb_id": "263103",
  "douban_id": null,
  "title": "Zombie Hood (2013)",
  "genres": [
    "Horror"
  ],
  "country": "UK",
  "version": [
    {
      "runtime": "90 min",
      "description": ""
    }
  ],
  "imdb_rating": 4.5,
  "director": [
    {
      "id": "nm5012384",
      "name": "Steve Best"
    }
  ],
  "writer": [
    {
      "id": "nm5012384",
      "name": "Steve Best",
      "description": null
    },
    {
      "id": "nm5013310",
      "name": "Pedram Karimfazli",
      "description": "co-creator"
    }
  ],
  "cast": [
    {
      "id": "nm5012504",
      "name": "Edward Nudd",
      "character": "Dermott"
    },
    {
      "id": "nm5013174",
      "name": "Jade Blocksidge",
      "character": "Candi"
    },
    {
      "id": "nm4111810",
      "name": "Tom Murton",
      "character": "Sam"
    },
    {
      "id": "nm4296214",
      "name": "Richard Lee O'Donnell",
      "character": "Rik"
    },
    {
      "id": "nm3198931",
      "name": "Harry Keeling",
      "character": "Bill"
    },
    {
      "id": "nm3823731",
      "name": "Alexandra Lyon",
      "character": "Kelly"
    },
    {
      "id": "nm4721170",
      "name": "Alice Joyce",
      "character": "Melanie"
    },
    {
      "id": "nm5013753",
      "name": "Adelle Overton",
      "character": "Ella"
    },
    {
      "id": "nm5011953",
      "name": "Daniela Tlumacova",
      "character": "Claire"
    },
    {
      "id": "nm3587650",
      "name": "Dean Tate",
      "character": "Luke"
    },
    {
      "id": "nm3742499",
      "name": "Marcus Akin",
      "character": "Mitch"
    },
    {
      "id": "nm5013175",
      "name": "Sarah Astill",
      "character": "Georgina"
    },
    {
      "id": "nm5014073",
      "name": "Ian Hitchens",
      "character": "Ross"
    },
    {
      "id": "nm5013177",
      "name": "Sophie Hyde",
      "character": "Kate"
    },
    {
      "id": "nm5014143",
      "name": "Sue Prunty",
      "character": "Brenda"
    },
    {
      "id": "nm5012860",
      "name": "Lauren Marie",
      "character": "Rachel"
    },
    {
      "id": "nm5012498",
      "name": "Lindsey Parr",
      "character": "Mother"
    },
    {
      "id": "nm5012201",
      "name": "Craig Newson",
      "character": "Paul"
    },
    {
      "id": "nm4501331",
      "name": "Shafina Patel",
      "character": "Katrina"
    },
    {
      "id": "nm5012651",
      "name": "Steve Askey",
      "character": "Boyfriend"
    },
    {
      "id": "nm5012564",
      "name": "Richard Coen",
      "character": "Pete"
    },
    {
      "id": "nm5012282",
      "name": "Paige Tracey",
      "character": "TV Reporter"
    },
    {
      "id": "nm5023046",
      "name": "Stuart Whelan",
      "character": "David"
    },
    {
      "id": "nm4983394",
      "name": "Andy Calderwood",
      "character": "Terry"
    },
    {
      "id": "nm5017584",
      "name": "Mike Connell",
      "character": "James"
    },
    {
      "id": "nm5017178",
      "name": "Aston Fisher",
      "character": "Sharon"
    },
    {
      "id": "nm5017313",
      "name": "Charlotte Handley",
      "character": "Sarah"
    },
    {
      "id": "nm5017131",
      "name": "John Large",
      "character": "Bouncer"
    },
    {
      "id": "nm4539006",
      "name": "Annabel Pidduck",
      "character": "Samantha"
    },
    {
      "id": "nm5017103",
      "name": "Sarah Pretty",
      "character": "Tracy"
    },
    {
      "id": "nm5017246",
      "name": "Gemma Rowe",
      "character": "Del"
    },
    {
      "id": "nm5096033",
      "name": "In Isolation",
      "character": "Themselves"
    },
    {
      "id": "nm3562625",
      "name": "David 'dwyz' Wayman",
      "character": "Homeless Guy"
    },
    {
      "id": "nm5013690",
      "name": "Dan Brand",
      "character": "Farmer"
    },
    {
      "id": "nm5013826",
      "name": "Darren Maffucci",
      "character": "Protector"
    },
    {
      "id": "nm5028016",
      "name": "Shari Overton",
      "character": "Megan"
    },
    {
      "id": "nm5508880",
      "name": "Olivia Blake",
      "character": "Little Girl (1)"
    },
    {
      "id": "nm5433382",
      "name": "Jennifer Brown",
      "character": "Little Girl (2)"
    },
    {
      "id": "nm5432156",
      "name": "Emily Cook",
      "character": "Little Girl (3)"
    },
    {
      "id": "nm5002476",
      "name": "Paul Sutton",
      "character": "Zombie"
    },
    {
      "id": "nm6485257",
      "name": "Charlie Askew",
      "character": "Sleepover Girl Zombie"
    },
    {
      "id": "nm5163830",
      "name": "Kelly Buckley",
      "character": "Zombie"
    },
    {
      "id": "nm10190718",
      "name": "Daniel Cook",
      "character": "Zombie"
    },
    {
      "id": "nm5433109",
      "name": "Douglas Cubin",
      "character": "Zombie Extra       (as Doug Cubin)"
    },
    {
      "id": "nm4834130",
      "name": "Keiron Goodwin",
      "character": "Zombie Extra"
    },
    {
      "id": "nm6047004",
      "name": "Nicky Hayes",
      "character": "Zombie"
    },
    {
      "id": "nm5512373",
      "name": "Kay Ian",
      "character": "Zombie"
    },
    {
      "id": "nm4866791",
      "name": "Rob Lane",
      "character": "Zombie"
    },
    {
      "id": "nm4319570",
      "name": "Craig Oxley",
      "character": "Zombie"
    },
    {
      "id": "nm5475402",
      "name": "Michelle Darkin Price",
      "character": "Zombie"
    },
    {
      "id": "nm5136958",
      "name": "Alex Reed",
      "character": "Zombie"
    },
    {
      "id": "nm6552943",
      "name": "Matthew Waldeck",
      "character": "Zombie"
    }
  ],
  "overview": "Zombie Hood begins on the eve of a worldwide zombie outbreak with a small group of survivors escaping the city. With food being in short supply, the survivors must risk visiting populated areas in an effort to stave off starvation.",
  "storyline": "The initial infection begins after the virus spreads through a nightclub and is quickly transmitted throughout the city. After a night of disturbances across the whole of the United Kingdom, the police and emergency services lose control of the situation, with hospitals overrun and the dead coming back to life to attack and devour the living. With the cities now the domain of the undead, the survivors flee the built up areas and take refuge in the countryside and small villages. Zombie Hood follows the story of a small group of survivors who are thrown together in the outskirts of Nottingham. Like Robin Hood and his merry men, the rag tag band look to Sherwood Forest for sanctuary, but soon find out that even the countryside isn't a safe haven. With food and supplies in short demand, the group find themselves arguing over their plans for survival, which isn't helped by Sam, a wayward teenager with a confused and dangerous personality. Dermott, a police officer, attempts to take ...",
  "plot": null,
  "synopsis": null
}