{
  "imdb_id": "tt2325518",
  "tmdb_id": "191619",
  "douban_id": null,
  "title": "Beneath (2013)",
  "genres": [
    "Horror",
    "Sci-Fi",
    "Thriller"
  ],
  "country": "USA",
  "version": [
    {
      "runtime": "90 min",
      "description": ""
    }
  ],
  "imdb_rating": 3.8,
  "director": [
    {
      "id": "nm0275244",
      "name": "Larry Fessenden"
    }
  ],
  "writer": [
    {
      "id": "nm0199744",
      "name": "Tony Daniel",
      "description": null
    },
    {
      "id": "nm0807535",
      "name": "Brian D. Smith",
      "description": null
    }
  ],
  "cast": [
    {
      "id": "nm4683167",
      "name": "Daniel Zovatto",
      "character": "Johnny"
    },
    {
      "id": "nm1216253",
      "name": "Bonnie Dennison",
      "character": "Kitty"
    },
    {
      "id": "nm3580129",
      "name": "Chris Conroy",
      "character": "Matt"
    },
    {
      "id": "nm3314975",
      "name": "Jon Orsini",
      "character": "Simon       (as Jonny Orsini)"
    },
    {
      "id": "nm1969645",
      "name": "Griffin Newman",
      "character": "Zeke"
    },
    {
      "id": "nm0743092",
      "name": "Mackenzie Rosman",
      "character": "Deb"
    },
    {
      "id": "nm0546797",
      "name": "Mark Margolis",
      "character": "Mr. Parks"
    },
    {
      "id": "nm3000313",
      "name": "Jack Fessenden",
      "character": "Boy in Photo"
    },
    {
      "id": "nm1657200",
      "name": "Graham Reznick",
      "character": "Local Newscaster"
    }
  ],
  "overview": "Six high school seniors celebrating with day's excursion find themselves on rowboat attacked by man-eating fish and must decide who must be sacrificed as they fight their way back to shore.",
  "storyline": "After six teens graduate from high school, they decide to spend one final outing with each other on a rowboat in a lake before they go their separate ways. However, after a man-eating fish kills one of them and destroys their oars, they find themselves trapped in the middle of the lake. Soon afterwards, they realize they have to determine who is to be thrown into the water as a distraction, so the rest of the group can paddle to shore.",
  "plot": null,
  "synopsis": null
}