{
  "imdb_id": "tt2358937",
  "tmdb_id": "213224",
  "douban_id": null,
  "title": "Cannibal Diner (2012)",
  "genres": [
    "Horror",
    "Mystery",
    "Thriller"
  ],
  "country": "Germany",
  "version": [
    {
      "runtime": "75 min",
      "description": "original"
    }
  ],
  "imdb_rating": 2.2,
  "director": [
    {
      "id": "nm2628300",
      "name": "Frank W. Montag"
    }
  ],
  "writer": [
    {
      "id": "nm4545493",
      "name": "Mario von Czapiewski",
      "description": null
    }
  ],
  "cast": [
    {
      "id": "nm5002272",
      "name": "Alexandra Lesch",
      "character": "Kati"
    },
    {
      "id": "nm4848249",
      "name": "Kristiana Rohder",
      "character": "Tanja"
    },
    {
      "id": "nm5001363",
      "name": "Lara Baum",
      "character": "Celine"
    },
    {
      "id": "nm3999994",
      "name": "Indira Madison",
      "character": "Jill"
    },
    {
      "id": "nm5002170",
      "name": "Alexandra Jordan",
      "character": "Mele"
    },
    {
      "id": "nm5005120",
      "name": "Violetta Schurawlow",
      "character": "Dahlia"
    },
    {
      "id": "nm5002334",
      "name": "Mike Zick",
      "character": "Cannibal"
    },
    {
      "id": "nm5001200",
      "name": "Dominik Schneider",
      "character": "The Cook"
    },
    {
      "id": "nm5001193",
      "name": "Celina Klemenz",
      "character": "The Girl"
    },
    {
      "id": "nm5001051",
      "name": "Sascha Litter",
      "character": "Cannibal #2"
    },
    {
      "id": "nm5001334",
      "name": "Jessica Klauss",
      "character": "Female Vagabond"
    }
  ],
  "overview": "A group of models find themselves trapped in a factory inhabited by a cannibalistic degenerated family.",
  "storyline": "Kati is a young model on her way to a birthday party for her little sister Celine. Tanja, Kati's best friend, and other friends want to celebrate and camp near the woods. While preparing the party, the girls get attacked by strangers. Kati, still on the way to the camping place, loses her way in the woods and is led on to the wrong track by a vagabond. When her car is stolen afterwards, Kati finds herself lost in the deep forest and arrives at an old factory, where a clan of cannibals is already preparing their feast's main course - Kati's friends.",
  "plot": null,
  "synopsis": null
}