{
  "imdb_id": "tt2356500",
  "tmdb_id": "172729",
  "douban_id": null,
  "title": "An American Terror (2014)",
  "genres": [
    "Drama",
    "Horror",
    "Mystery",
    "Thriller"
  ],
  "country": "USA",
  "version": [
    {
      "runtime": "85 min",
      "description": ""
    }
  ],
  "imdb_rating": null,
  "director": [
    {
      "id": "nm1815707",
      "name": "Haylar Garcia"
    }
  ],
  "writer": [
    {
      "id": "nm1815707",
      "name": "Haylar Garcia",
      "description": null
    }
  ],
  "cast": [
    {
      "id": "nm5132083",
      "name": "Graham Emmons",
      "character": "Josh Levin"
    },
    {
      "id": "nm5704164",
      "name": "Louise Macdonald",
      "character": "Tasha Baldwin"
    },
    {
      "id": "nm0859921",
      "name": "Brian Thompson",
      "character": "The Junker"
    },
    {
      "id": "nm5236798",
      "name": "Joe Abplanalp",
      "character": "Ray Falk"
    },
    {
      "id": "nm5235858",
      "name": "Taylor Hulett",
      "character": "Sammy Masters"
    },
    {
      "id": "nm8617760",
      "name": "Nathan Green",
      "character": "Brandon"
    },
    {
      "id": "nm8617761",
      "name": "James Miller",
      "character": "Miller"
    },
    {
      "id": "nm2651505",
      "name": "Jennifer Wilde",
      "character": "Josh's Mom"
    },
    {
      "id": "nm8617762",
      "name": "Jeff Nicholson",
      "character": "Josh's Dad"
    },
    {
      "id": "nm5237466",
      "name": "Roland Salameh",
      "character": "TV Thug and ATF Agent 3"
    },
    {
      "id": "nm8617763",
      "name": "Jason Weiss",
      "character": "TV Cop"
    },
    {
      "id": "nm3675395",
      "name": "Troy Alan",
      "character": "Hardware Store Clerk"
    },
    {
      "id": "nm6553629",
      "name": "Alex Demos",
      "character": "Convenience Store Clerk       (as T. Alex Demos)"
    },
    {
      "id": "nm4464799",
      "name": "Michael Haskins",
      "character": "Denver Cop"
    },
    {
      "id": "nm3114876",
      "name": "Patrick Sheridan",
      "character": "Teacher"
    },
    {
      "id": "nm8617764",
      "name": "Courtney Frahm",
      "character": "Cheerleader Terri"
    },
    {
      "id": "nm8027824",
      "name": "Maddie Davis",
      "character": "Cheerleader Maddie"
    },
    {
      "id": "nm4617982",
      "name": "Scott K. Leslie",
      "character": "Jock 1"
    },
    {
      "id": "nm8617765",
      "name": "Scott Schmeits",
      "character": "Jock 2"
    },
    {
      "id": "nm8617766",
      "name": "Sam Swartz",
      "character": "Jock 3"
    },
    {
      "id": "nm8617767",
      "name": "Kyle Cox",
      "character": "Dream Victim Boy"
    },
    {
      "id": "nm3172188",
      "name": "Sasha V. Aronson",
      "character": "Dream Victim Girl       (as Sasha Aronson)"
    },
    {
      "id": "nm5008254",
      "name": "Bianca Armbruster",
      "character": "Junker Table Victim"
    },
    {
      "id": "nm8617768",
      "name": "Alan Anderson",
      "character": "Firefighter 1"
    },
    {
      "id": "nm4984099",
      "name": "Nicole Bergeron",
      "character": "Firefighter 2"
    },
    {
      "id": "nm8617769",
      "name": "Joe Cadiz",
      "character": "Firefighter 3"
    },
    {
      "id": "nm8617770",
      "name": "Jeffrey L. Rehman",
      "character": "Firefighter 4"
    },
    {
      "id": "nm8617771",
      "name": "Kyle Petau",
      "character": "Firefighter 5"
    },
    {
      "id": "nm8599304",
      "name": "Dale McCoy",
      "character": "FBI Agent 1       (as Dale Mccoy)"
    },
    {
      "id": "nm2160651",
      "name": "Allen McLain",
      "character": "FBI Agent 2       (as Allen Mclain)"
    },
    {
      "id": "nm8617772",
      "name": "Keesh Pankey",
      "character": "FBI Agent 3"
    },
    {
      "id": "nm2548477",
      "name": "Chris Rink",
      "character": "ATF Agent 1"
    },
    {
      "id": "nm1883873",
      "name": "Jim Milligan",
      "character": "ATF Agent 2"
    },
    {
      "id": "nm0805718",
      "name": "Sam Sleiman",
      "character": "ATF Agent 4"
    },
    {
      "id": "nm1699361",
      "name": "Kathryn Gould",
      "character": "Ray's Mom"
    },
    {
      "id": "nm1815707",
      "name": "Haylar Garcia",
      "character": "Additional Junker Vocalizationa       (voice)"
    },
    {
      "id": "nm8617773",
      "name": "Cyrano",
      "character": "Cyrano the Cat"
    }
  ],
  "overview": "Josh wakes each day to a series of Hells. Between uncaring parents and bullying at school he has little to live for. After a brutal event and ensuing humiliation of an online video, Josh and his friends decide to take revenge by staging a massacre at the homecoming dance. Searching for weapons, they find a man who perpetuates a far more murderous darkness than even their plot might suggest. Trapped in his lair, and finding a kidnapped girl from the opposite clique, the boys learn a lot about each other\u2019s character and their own. Even if Josh can rescue the captive cheerleader, he must still lead them both out in time to stop his friend from completing the pact to massacre their school. An American Terror is an explosive and surprising modern day horror mash-up. Totally and relentlessly disquieting \u2013 great atmosphere and sound and perfectly gruesome.",
  "storyline": "A group of friends hatch a plan to get revenge on the bullies who have been tormenting them. In doing so, they stumble upon an underground torture chamber filled with unspeakable horrors. Trapped by a madman, they are used to fulfill his demented, bloody fantasies one at a time. Their only hope for survival is to fight back and find a way to escape the killer's bloody grip.",
  "plot": null,
  "synopsis": null
}