{
  "imdb_id": "tt2320968",
  "tmdb_id": "218736",
  "douban_id": null,
  "title": "Back on Track (2013)",
  "genres": [
    "Comedy",
    "Drama",
    "Sport"
  ],
  "country": "Germany",
  "version": [
    {
      "runtime": "114 min",
      "description": ""
    }
  ],
  "imdb_rating": 7.2,
  "director": [
    {
      "id": "nm0726136",
      "name": "Kilian Riedhof"
    }
  ],
  "writer": [
    {
      "id": "nm0726136",
      "name": "Kilian Riedhof",
      "description": "screenplay &"
    },
    {
      "id": "nm1135385",
      "name": "Marc Bl\u00f6baum",
      "description": "screenplay"
    },
    {
      "id": "nm1065484",
      "name": "Peter Hinderth\u00fcr",
      "description": "collaboration on screenplay"
    }
  ],
  "cast": [
    {
      "id": "nm0356448",
      "name": "Dieter Hallervorden",
      "character": "Paul Averhoff"
    },
    {
      "id": "nm0782320",
      "name": "Tatja Seibt",
      "character": "Margot Averhoff"
    },
    {
      "id": "nm0538443",
      "name": "Heike Makatsch",
      "character": "Birgit Averhoff"
    },
    {
      "id": "nm1860446",
      "name": "Katharina Lorenz",
      "character": "Frau M\u00fcller"
    },
    {
      "id": "nm0765911",
      "name": "Katrin Sa\u00df",
      "character": "Rita       (as Katrin Sass)"
    },
    {
      "id": "nm1035643",
      "name": "Frederick Lau",
      "character": "Tobias"
    },
    {
      "id": "nm0577958",
      "name": "Otto Mellies",
      "character": "Rudolf"
    },
    {
      "id": "nm0127302",
      "name": "Annekathrin B\u00fcrger",
      "character": "Frau Mordhorst"
    },
    {
      "id": "nm1293922",
      "name": "Maria M\u00e4gdefrau",
      "character": "Frau Labinski"
    },
    {
      "id": "nm0473200",
      "name": "Heinz W. Kr\u00fcckeberg",
      "character": "Fritzchen"
    },
    {
      "id": "nm0603191",
      "name": "Barbara Morawiecz",
      "character": "Frau K\u00fchnemund"
    },
    {
      "id": "nm0623854",
      "name": "Mehdi Nebbou",
      "character": "Gerome"
    },
    {
      "id": "nm1002721",
      "name": "J\u00f6rg Hartmann",
      "character": "Dr. Groenwoldt"
    },
    {
      "id": "nm0065835",
      "name": "Reinhold Beckmann",
      "character": "Himself"
    },
    {
      "id": "nm1099156",
      "name": "Matthias Opdenh\u00f6vel",
      "character": "Himself"
    },
    {
      "id": "nm1078064",
      "name": "Arnel Taci",
      "character": "Junger Jogger"
    },
    {
      "id": "nm2236171",
      "name": "Tilla Kratochwil",
      "character": "Dame am Tresen"
    },
    {
      "id": "nm2355647",
      "name": "Wolfgang Grossmann",
      "character": "Arzt"
    },
    {
      "id": "nm7030362",
      "name": "Frank Binke",
      "character": "Sohn Mordhorst"
    },
    {
      "id": "nm7030363",
      "name": "Lutz Wasewitz",
      "character": "Mann im Sessel"
    },
    {
      "id": "nm4645079",
      "name": "Carolin Boltz",
      "character": "Pflegerin 1"
    },
    {
      "id": "nm7030364",
      "name": "Renata Brckan",
      "character": "Pflegerin 2"
    },
    {
      "id": "nm7030365",
      "name": "Katharina Gnatzky",
      "character": "Pflegerin 3"
    },
    {
      "id": "nm4937225",
      "name": "Wencke Synak",
      "character": "Runner in the park"
    },
    {
      "id": "nm3037642",
      "name": "Alexander Yassin",
      "character": "Business Class Passagier"
    }
  ],
  "overview": "A former Olympic champion wants to compete in the Berlin Marathon one last time.",
  "storyline": "A former Olympic champion wants to compete in the Berlin Marathon one last time.",
  "plot": null,
  "synopsis": null
}