{
  "imdb_id": "tt2462276",
  "tmdb_id": "367686",
  "douban_id": null,
  "title": "The Anthropologist (2015)",
  "genres": [
    "Documentary",
    "Adventure",
    "Comedy",
    "Drama"
  ],
  "country": "Russia",
  "version": [
    {
      "runtime": "78 min",
      "description": ""
    }
  ],
  "imdb_rating": 9.2,
  "director": [
    {
      "id": "nm1170261",
      "name": "Seth Kramer"
    },
    {
      "id": "nm1231174",
      "name": "Daniel A. Miller"
    },
    {
      "id": "nm1015339",
      "name": "Jeremy Newberger"
    }
  ],
  "writer": [
    {
      "id": "nm1231174",
      "name": "Daniel A. Miller",
      "description": "writer"
    }
  ],
  "cast": [
    {
      "id": "nm4657484",
      "name": "Mary Catherine Bateson",
      "character": ""
    },
    {
      "id": "nm6894995",
      "name": "Susan Crate",
      "character": ""
    },
    {
      "id": "nm0574907",
      "name": "Margaret Mead",
      "character": "Herself       (archive footage)"
    },
    {
      "id": "nm6894994",
      "name": "Kathryn Yegorov-Crate",
      "character": ""
    }
  ],
  "overview": "Margaret Mead is the best known anthropologist of all time. How can her legacy guide a species that today faces unprecedented changes to its environment? THE ANTHROPOLOGIST is a follow up to the Sundance hit and Emmy nominee THE LINGUISTS.",
  "storyline": "THE ANTHROPOLOGIST considers the fate of the planet from the perspective of an American teenager. Over five years, she travels alongside her mother, an anthropologist studying the impact of climate change on indigenous communities.",
  "plot": null,
  "synopsis": null
}