{
  "imdb_id": "tt2409812",
  "tmdb_id": "330995",
  "douban_id": null,
  "title": "Flutter (2014)",
  "genres": [
    "Drama"
  ],
  "country": "USA",
  "version": [
    {
      "runtime": "96 min",
      "description": ""
    }
  ],
  "imdb_rating": 5.9,
  "director": [
    {
      "id": "nm0400016",
      "name": "Eric Hueber"
    }
  ],
  "writer": [
    {
      "id": "nm3912973",
      "name": "Tony Franklin Jr.",
      "description": "story as Tony Franklin"
    },
    {
      "id": "nm0400016",
      "name": "Eric Hueber",
      "description": "story"
    },
    {
      "id": "nm0400016",
      "name": "Eric Hueber",
      "description": "writer"
    }
  ],
  "cast": [
    {
      "id": "nm1272826",
      "name": "Lindsay Pulsipher",
      "character": "JoLynn"
    },
    {
      "id": "nm0607703",
      "name": "Glenn Morshower",
      "character": "Mark"
    },
    {
      "id": "nm1889973",
      "name": "Charles Baker",
      "character": "Lonny"
    },
    {
      "id": "nm3032642",
      "name": "Clem Beard",
      "character": "Bingo Gentleman"
    },
    {
      "id": "nm2731241",
      "name": "Jon Bonzor",
      "character": "County Police Officer"
    },
    {
      "id": "nm8099862",
      "name": "Tamera Brown",
      "character": "City Police Officer 3"
    },
    {
      "id": "nm5287478",
      "name": "Raymond Estes",
      "character": "Bingo Winner"
    },
    {
      "id": "nm1322761",
      "name": "Denton Blane Everett",
      "character": "Blake"
    },
    {
      "id": "nm0355155",
      "name": "Charles Halford",
      "character": "Curtis"
    },
    {
      "id": "nm2868656",
      "name": "John Holt Hall",
      "character": "City Police Officer 1"
    },
    {
      "id": "nm0358996",
      "name": "James Hampton",
      "character": "Leon"
    },
    {
      "id": "nm2548518",
      "name": "George Hooker",
      "character": "Bingo Security Guard"
    },
    {
      "id": "nm5286308",
      "name": "Johnathan Huth Jr.",
      "character": "Johnathan"
    },
    {
      "id": "nm2477934",
      "name": "Marcus Hysmith",
      "character": "Wes"
    },
    {
      "id": "nm0483541",
      "name": "Kathy Lamkin",
      "character": "Sylvia"
    },
    {
      "id": "nm1161281",
      "name": "Denise Lee",
      "character": "Gale"
    },
    {
      "id": "nm0500894",
      "name": "Brad Leland",
      "character": "Dr. Hughes"
    },
    {
      "id": "nm0513010",
      "name": "Rex Linn",
      "character": "Sheriff 'Cougar' Cole"
    },
    {
      "id": "nm0560896",
      "name": "Brad Maule",
      "character": "Bingo Bill"
    },
    {
      "id": "nm3612763",
      "name": "Reis Myers McCormick",
      "character": "Linda"
    },
    {
      "id": "nm3450044",
      "name": "Howard New",
      "character": "Man in Bus Station"
    },
    {
      "id": "nm8099861",
      "name": "Brandon Newton",
      "character": "City Police Officer 2"
    },
    {
      "id": "nm0687146",
      "name": "Jesse Plemons",
      "character": "David"
    },
    {
      "id": "nm8099860",
      "name": "Darrell Silverthorn",
      "character": "Bingo Caller"
    },
    {
      "id": "nm2644040",
      "name": "Mary Skaggs",
      "character": "Waitress"
    },
    {
      "id": "nm5646628",
      "name": "Jasmine Stringham",
      "character": "Kim"
    },
    {
      "id": "nm2493443",
      "name": "Cassie Shea Watson",
      "character": "Natalie"
    },
    {
      "id": "nm8099863",
      "name": "Lee Wheeler",
      "character": "Pawn Shop Broker"
    },
    {
      "id": "nm0924784",
      "name": "Farah White",
      "character": "Lauren"
    },
    {
      "id": "nm0934910",
      "name": "Rachel Winfree",
      "character": "Bingo Player"
    },
    {
      "id": "nm8099864",
      "name": "Baber Zakzok",
      "character": "Convenience Store Clerk"
    }
  ],
  "overview": "With her husband away indefinitely, a young mother struggles to nurture her son in the face of poverty, isolation and incarceration. FLUTTER explores the truest love on earth-the love of a mother and child.",
  "storyline": "Johnathan is a nine-year-old boy who loves sea monsters, and his 300 lb. pet pig, named Wee Wee. Unlike most kids, Johnathan has nystagmus, which makes his eyes \"flutter.\" He also suffers from severe narrow angle glaucoma; an acute condition that if untreated can lead to permanent blindness. JoLynn cares for Johnathan alone while her singer/songwriter husband David travels in search of his big break. To treat Johnathan, she grows hydroponic marijuana to relieve the painful intraocular pressure Glaucoma causes. She cooks the marijuana into brownies and feeds them to him in secret. David's parents, Mark and Linda, live nearby and provide for JoLynn and Johnathan as best they can on a fixed income. Linda is highly critical of JoLynn's ability to raise Johnathan. During her son's absence, Johnathan has become more undisciplined than Linda would like. While Mark tries to keep the peace, he is torn between his wife and their daughter-in-law, who he loves deeply. When JoLynn discovers that ...",
  "plot": "A film without color, a boy and a girl must abandon their friendship to pursue their dreams. In this short animation, a young boy takes a flying leap away from normal, waves goodbye to his classmates, and disappears into the cityscape and beyond. At the same time, a young girl is inspired to reinvent her space with art.",
  "synopsis": null
}