{
  "imdb_id": "tt2400284",
  "tmdb_id": "145239",
  "douban_id": null,
  "title": "Lyubov s aktsentom (2012)",
  "genres": [
    "Comedy"
  ],
  "country": "Russia",
  "version": [
    {
      "runtime": "100 min",
      "description": ""
    }
  ],
  "imdb_rating": 5.5,
  "director": [
    {
      "id": "nm2475544",
      "name": "Rezo Gigineishvili"
    }
  ],
  "writer": [
    {
      "id": "nm2475544",
      "name": "Rezo Gigineishvili",
      "description": null
    },
    {
      "id": "nm2715287",
      "name": "Alisa Khmelnitskaya",
      "description": null
    },
    {
      "id": "nm5123833",
      "name": "Davit Turashvili",
      "description": null
    }
  ],
  "cast": [
    {
      "id": "nm4307022",
      "name": "Zaza Asanishvili",
      "character": ""
    },
    {
      "id": "nm4186588",
      "name": "Viktor Barbakadze",
      "character": ""
    },
    {
      "id": "nm2616592",
      "name": "Svetlana Bondarchuk",
      "character": ""
    },
    {
      "id": "nm0106857",
      "name": "Nani Bregvadze",
      "character": ""
    },
    {
      "id": "nm4121075",
      "name": "Tinatin Dalakishvili",
      "character": "Lesi       (as Tina Dalakishvili)"
    },
    {
      "id": "nm3362705",
      "name": "Nikita Efremov",
      "character": ""
    },
    {
      "id": "nm3873609",
      "name": "Gia Gogishvili",
      "character": ""
    },
    {
      "id": "nm1004496",
      "name": "Gia Japaridze",
      "character": ""
    },
    {
      "id": "nm4294336",
      "name": "Giorgi Kalandarishvili",
      "character": ""
    },
    {
      "id": "nm3672612",
      "name": "Lasha Kankava",
      "character": "Coach of the Ukrainian Women Basketball Team"
    },
    {
      "id": "nm0452041",
      "name": "Gio Khutsishvili",
      "character": ""
    },
    {
      "id": "nm0452795",
      "name": "Vakhtang Kikabidze",
      "character": ""
    },
    {
      "id": "nm2375656",
      "name": "Giorgi Kipshidze",
      "character": ""
    },
    {
      "id": "nm1011461",
      "name": "Guga Kotetishvili",
      "character": ""
    },
    {
      "id": "nm2182629",
      "name": "Olga Legrand",
      "character": ""
    },
    {
      "id": "nm2067091",
      "name": "Misha Meskhi",
      "character": ""
    },
    {
      "id": "nm0586485",
      "name": "Anna Mikhalkova",
      "character": ""
    },
    {
      "id": "nm0586486",
      "name": "Nadezhda Mikhalkova",
      "character": ""
    },
    {
      "id": "nm0632457",
      "name": "Merab Ninidze",
      "character": ""
    },
    {
      "id": "nm5276267",
      "name": "Sofiya Nizharadze",
      "character": ""
    },
    {
      "id": "nm6765168",
      "name": "Onise Oniani",
      "character": ""
    },
    {
      "id": "nm1404509",
      "name": "Irina Pegova",
      "character": ""
    },
    {
      "id": "nm1381657",
      "name": "Duta Skhirtladze",
      "character": ""
    },
    {
      "id": "nm0804102",
      "name": "Tamari Skhirtladze",
      "character": ""
    },
    {
      "id": "nm0810638",
      "name": "Artur Smolyaninov",
      "character": ""
    },
    {
      "id": "nm6711438",
      "name": "Iliko Sukhishvili Jr.",
      "character": "Iliko       (as Iliko Sukhishvili)"
    },
    {
      "id": "nm6765169",
      "name": "Zuka Tsirekidze",
      "character": ""
    },
    {
      "id": "nm0946157",
      "name": "Filipp Yankovskiy",
      "character": ""
    }
  ],
  "overview": "A story about love beyond any borders...",
  "storyline": "Colorfully rich, and emotionally deep, \"Love with Accent\" is a film that explores several very different love stories. These are true stories of human feelings, bright and passionate, mature and merciless. They range from the na\u00efve and absurd, to the odd and comical, to the lucky, to the melancholy.",
  "plot": null,
  "synopsis": null
}