{
  "imdb_id": "tt2459920",
  "tmdb_id": "248694",
  "douban_id": null,
  "title": "Truth (2013)",
  "genres": [
    "Drama",
    "Romance",
    "Thriller"
  ],
  "country": "USA",
  "version": [
    {
      "runtime": "94 min",
      "description": ""
    }
  ],
  "imdb_rating": 5.0,
  "director": [
    {
      "id": "nm0604344",
      "name": "Rob Moretti"
    }
  ],
  "writer": [
    {
      "id": "nm0604344",
      "name": "Rob Moretti",
      "description": null
    }
  ],
  "cast": [
    {
      "id": "nm2177959",
      "name": "Rebekah Aramini",
      "character": "Leah Dorian"
    },
    {
      "id": "nm0048273",
      "name": "Blanche Baker",
      "character": "Dr. Carter Moore"
    },
    {
      "id": "nm5400835",
      "name": "Angel Brazier",
      "character": "Cafe Patron"
    },
    {
      "id": "nm5883529",
      "name": "Kimberly Colyer",
      "character": "Cafe Patron"
    },
    {
      "id": "nm5637457",
      "name": "Ricky DeRosa",
      "character": "Mental Ward Patient"
    },
    {
      "id": "nm1326751",
      "name": "Suzanne DiDonna",
      "character": "Caleb's Mother"
    },
    {
      "id": "nm5883533",
      "name": "Ciara Foley",
      "character": "Baby Shower Guest"
    },
    {
      "id": "nm5883534",
      "name": "Erin Foley",
      "character": "Baby Shower Guest"
    },
    {
      "id": "nm5883532",
      "name": "Katherine Foley",
      "character": "Baby Shower Guest"
    },
    {
      "id": "nm5883535",
      "name": "Katie Foley",
      "character": "Baby Shower Guest"
    },
    {
      "id": "nm3412811",
      "name": "Maura Foley",
      "character": "Baby Shower Guest"
    },
    {
      "id": "nm5883528",
      "name": "Timothy Gulick",
      "character": "Cafe Patron"
    },
    {
      "id": "nm1851320",
      "name": "Sean Paul Lockhart",
      "character": "Caleb"
    },
    {
      "id": "nm6817191",
      "name": "Alice Lotoast",
      "character": "Casey Green"
    },
    {
      "id": "nm5412944",
      "name": "Philip Joseph McElroy",
      "character": "Young Caleb"
    },
    {
      "id": "nm5883530",
      "name": "Taylor Mollica",
      "character": "Mental Ward Patient"
    },
    {
      "id": "nm0604344",
      "name": "Rob Moretti",
      "character": "Jeremy Dorian"
    },
    {
      "id": "nm4109456",
      "name": "John Pope",
      "character": "Mental Ward Patient       (as John J. Pope)"
    },
    {
      "id": "nm2098648",
      "name": "Max Rhyser",
      "character": "Man in Cafe"
    },
    {
      "id": "nm5883527",
      "name": "Trisha Sinnett",
      "character": "Cafe Patron"
    },
    {
      "id": "nm5662481",
      "name": "John Van Steen",
      "character": "Orderly"
    }
  ],
  "overview": "A suspenseful, psychological thriller, \"Truth\" exposes the hidden demons buried deep inside each and every one of us. After a chance encounter over the Internet, Caleb (Sean Paul Lockhart, \"Milk\", \"Judas Kiss\", \"Chillerama\") meets and falls head over heels for Jeremy (Rob Moretti, \"Crutch\", \"An Affirmative Act\", \"Snapshot\"), and soon the line between love and lies blur. Struggling to keep his past a secret, including his mentally ill mother, Caleb slowly succumbs to his darker side. A sudden turn of events finds Jeremy held captive, until Caleb's quest for the truth be revealed. The film also stars Emmy Winner\u00ae Blanche Baker, (\"16 Candles\", \"Raw Deal\", \"Taking Chances\").",
  "storyline": "A suspenseful, psychological thriller, \"Truth\" exposes the hidden demons buried deep inside each and every one of us. After a chance encounter over the Internet, Caleb, who suffers from borderline personality disorder, meets and falls head over heels for Jeremy, and soon the line between love and lies blur. Struggling to keep his past a secret, including his mentally ill mother, Caleb slowly succumbs to his darker side. A sudden turn of events finds Jeremy held captive, until Caleb's quest for the truth be revealed.",
  "plot": "After a chance encounter over the internet, Caleb (Sean Paul Lockhart), who suffers from borderline personality disorder, meets and falls head over heels for Jeremy Rob Moretti, and soon the line between love and lies blur. Struggling to keep his past a secret, including his mentally ill mother, Caleb slowly succumbs to his darker side. A sudden turn of events finds Jeremy held captive, until Caleb's quest for the truth is revealed.",
  "synopsis": null
}