{
  "imdb_id": "tt2460440",
  "tmdb_id": "280805",
  "douban_id": null,
  "title": "A Film About Kids and Music. Sant Andreu Jazz Band (2012)",
  "genres": [
    "Music"
  ],
  "country": "Spain",
  "version": [
    {
      "runtime": "101 min",
      "description": ""
    }
  ],
  "imdb_rating": 9.1,
  "director": [
    {
      "id": "nm5327902",
      "name": "Ramon Tort"
    }
  ],
  "writer": [
    {
      "id": "nm5328417",
      "name": "Borja Du\u00f1\u00f3",
      "description": null
    },
    {
      "id": "nm5327902",
      "name": "Ramon Tort",
      "description": null
    }
  ],
  "cast": [
    {
      "id": "nm4399959",
      "name": "Joan Chamorro",
      "character": "Himself"
    },
    {
      "id": "nm5327986",
      "name": "Jesse Davis",
      "character": "Himself"
    },
    {
      "id": "nm4161503",
      "name": "Ricard Gili",
      "character": "Himself"
    },
    {
      "id": "nm0330670",
      "name": "Wycliffe Gordon",
      "character": "Himself"
    },
    {
      "id": "nm5327720",
      "name": "Terell Stafford",
      "character": "Himself"
    }
  ],
  "overview": "A Film About Kids and Music is a project arising from a music class. Conducted by Joan Chamorro, the big band brings together children between 6 and 18 years old, around a classic jazz repertoire with lots of swing, which gained the public\u2019s attention and sold-out some of the most important music auditoriums in Spain.",
  "storyline": null,
  "plot": null,
  "synopsis": null
}