{
  "imdb_id": "tt2403880",
  "tmdb_id": "199604",
  "douban_id": null,
  "title": "The Girl from the Wardrobe (2012)",
  "genres": [
    "Drama"
  ],
  "country": "Poland",
  "version": [
    {
      "runtime": "90 min",
      "description": ""
    }
  ],
  "imdb_rating": 6.8,
  "director": [
    {
      "id": "nm2317803",
      "name": "Bodo Kox"
    }
  ],
  "writer": [
    {
      "id": "nm2317803",
      "name": "Bodo Kox",
      "description": "writer"
    }
  ],
  "cast": [
    {
      "id": "nm1351206",
      "name": "Wojciech Mecwaldowski",
      "character": "Tomek"
    },
    {
      "id": "nm1644158",
      "name": "Piotr Glowacki",
      "character": "Jacek"
    },
    {
      "id": "nm5006908",
      "name": "Magdalena R\u00f3zanska",
      "character": "Magda"
    },
    {
      "id": "nm1455087",
      "name": "Eryk Lubos",
      "character": "Krzysztof"
    },
    {
      "id": "nm0768100",
      "name": "Teresa Sawicka",
      "character": "Kwiatkowska"
    },
    {
      "id": "nm2848201",
      "name": "Olga Boladz",
      "character": "Aga"
    },
    {
      "id": "nm2208394",
      "name": "Magdalena Poplawska",
      "character": "Anna"
    },
    {
      "id": "nm2432160",
      "name": "Sebastian Stankiewicz",
      "character": "Andrzej"
    },
    {
      "id": "nm0435536",
      "name": "Wojciech Kalarus",
      "character": "Dr. Piotrowski"
    },
    {
      "id": "nm4841747",
      "name": "Marcela Stanko",
      "character": "Weronika"
    },
    {
      "id": "nm5617419",
      "name": "Tomas Mayer",
      "character": "Swedish company's manager"
    },
    {
      "id": "nm0648190",
      "name": "Edyta Olsz\u00f3wka",
      "character": "Actress"
    },
    {
      "id": "nm1561638",
      "name": "Andrzej Makowiecki",
      "character": "Expert of art"
    },
    {
      "id": "nm2340153",
      "name": "Modest Rucinski",
      "character": "Director Oskar Boszko"
    },
    {
      "id": "nm0929504",
      "name": "Delfina Wilkonska",
      "character": "Girl"
    },
    {
      "id": "nm4502311",
      "name": "Paulina Galazka",
      "character": "Girl"
    },
    {
      "id": "nm3987698",
      "name": "Grzegorz Goch",
      "character": "Irate Man       (as Grzegorz Twar\u00f3g)"
    },
    {
      "id": "nm5105099",
      "name": "Marcin Kowalczyk",
      "character": "Irate Man"
    },
    {
      "id": "nm2758180",
      "name": "Magdalena Wozniak",
      "character": "Shop assistant"
    }
  ],
  "overview": "This is the story of three characters (brothers Tomek and Jacek and their neighbor Magda), each of them is in their own way lonely and alienated. The title character makes herself secluded. Tomek's alienation results from his neurological disease, and Jacek contacts the world mainly via the Internet. This is also a film about love. Love of one brother to the other and of one alienated human being to the other. All together it creates a very universal picture with a Polish entourage.",
  "storyline": "This is the story of three characters: Tomek and Jacek are brothers, and Magda is their neighbour. Each of them is in their own way lonely and alienated. Magda, who likes sitting in her wardrobe, isolates herself from the outside world and even attempts suicide. Tomek's alienation is caused by his neurological disease, and Jacek contacts the world mainly via the Internet. Their lives change unexpectedly when Jacek has a business meeting and asks Magda to take care of his autistic brother.",
  "plot": null,
  "synopsis": null
}