{
  "imdb_id": "tt2400441",
  "tmdb_id": "276550",
  "douban_id": null,
  "title": "Susie's Hope (2013)",
  "genres": [
    "Drama",
    "Family"
  ],
  "country": "USA",
  "version": [
    {
      "runtime": "105 min",
      "description": ""
    }
  ],
  "imdb_rating": 7.8,
  "director": [
    {
      "id": "nm0715916",
      "name": "Jerry Rees"
    }
  ],
  "writer": [
    {
      "id": "nm0715916",
      "name": "Jerry Rees",
      "description": "as Jerry W. Rees and"
    },
    {
      "id": "nm3066539",
      "name": "Dan A.R. Kelly",
      "description": null
    }
  ],
  "cast": [
    {
      "id": "nm0891275",
      "name": "Emmanuelle Vaugier",
      "character": "Donna Lawrence"
    },
    {
      "id": "nm0420792",
      "name": "Burgess Jenkins",
      "character": "Roy Lawrence"
    },
    {
      "id": "nm0004632",
      "name": "Andrea Powell",
      "character": "Ramona Hodges"
    },
    {
      "id": "nm1717835",
      "name": "Willette Thompson",
      "character": "Marsha Williams"
    },
    {
      "id": "nm2396793",
      "name": "Gregory Waller",
      "character": "Hank"
    },
    {
      "id": "nm0086650",
      "name": "Megan Blake",
      "character": "Ally"
    },
    {
      "id": "nm0035794",
      "name": "Lee Armstrong",
      "character": "Public Defender"
    },
    {
      "id": "nm2817581",
      "name": "Dave Blamy",
      "character": "Chris Parrish"
    },
    {
      "id": "nm5381535",
      "name": "Vonii Bristow",
      "character": "Brian"
    },
    {
      "id": "nm3722317",
      "name": "Brandy Renee Brown",
      "character": "Brittany"
    },
    {
      "id": "nm4445676",
      "name": "Lacy Camp",
      "character": "E.R. Receptionist"
    },
    {
      "id": "nm4828824",
      "name": "Jim Dadosky",
      "character": "Officer Gagnon"
    },
    {
      "id": "nm3885473",
      "name": "Lee Darnell",
      "character": "Bailiff"
    },
    {
      "id": "nm3922769",
      "name": "Wendy L. Foster",
      "character": "Newswoman       (as Wendy Foster)"
    },
    {
      "id": "nm1395903",
      "name": "Tamara Hopkins",
      "character": "Local Woman       (as Tammy Hopkins)"
    },
    {
      "id": "nm6148118",
      "name": "Todd Ice",
      "character": "Bar Customer"
    },
    {
      "id": "nm4835385",
      "name": "Ian Isaksson",
      "character": "Vet Tech"
    },
    {
      "id": "nm4044252",
      "name": "Cranston Johnson",
      "character": "Shawn Griffin"
    },
    {
      "id": "nm3110119",
      "name": "Stephen Kay",
      "character": "Lawyer"
    },
    {
      "id": "nm2582379",
      "name": "Jerry Keys",
      "character": "Construction worker"
    },
    {
      "id": "nm5229028",
      "name": "Susie Lawrence",
      "character": "Susie"
    },
    {
      "id": "nm3034638",
      "name": "Janine Lorraine",
      "character": "Vet Nurse       (as Janine Lorraine)"
    },
    {
      "id": "nm0551173",
      "name": "Shannon Marshall",
      "character": "Veterinarian"
    },
    {
      "id": "nm5077462",
      "name": "Jenny Lee McGalliard",
      "character": "Shelter Receptionist       (as Jenny Wright)"
    },
    {
      "id": "nm0629634",
      "name": "Lance E. Nichols",
      "character": "Judge Randolph"
    },
    {
      "id": "nm3941253",
      "name": "Kevin Otos",
      "character": "Dr. Wallace"
    },
    {
      "id": "nm1807049",
      "name": "Rod Pearson",
      "character": "Bartender"
    },
    {
      "id": "nm0699092",
      "name": "Jon Provost",
      "character": "Sen. Don Vaughan"
    },
    {
      "id": "nm5077431",
      "name": "Sarah Rosenberg",
      "character": "Little Girl"
    },
    {
      "id": "nm10439419",
      "name": "Jason Slayton",
      "character": "Head Bartender"
    },
    {
      "id": "nm5071733",
      "name": "Smiley",
      "character": "Himself - Super Smiley"
    },
    {
      "id": "nm1340045",
      "name": "Chip Straka",
      "character": "Vernon"
    },
    {
      "id": "nm0854962",
      "name": "Dzeni Teng",
      "character": "Nurse"
    },
    {
      "id": "nm5440875",
      "name": "Suparna Thies",
      "character": "E.R. Nurse       (as Sue Thies)"
    },
    {
      "id": "nm0869627",
      "name": "Michael Tourek",
      "character": "Officer O'Madden"
    },
    {
      "id": "nm4773491",
      "name": "Millie Wannamaker",
      "character": "Shopper"
    },
    {
      "id": "nm5065245",
      "name": "Jacob Williams",
      "character": "Derrick"
    }
  ],
  "overview": "Family - In this family tale based on a true story, a woman who suffered a violent pit bull attack comes to terms with the harrowing experience by adopting a puppy that was severely beaten, burned and left to die. -  Emmanuelle Vaugier, Burgess Jenkins, Andrea Powell",
  "storyline": "A survivor of a pit bull attack, Donna Lawrence, adopts a pit bull-mix puppy, Susie, that has been beaten, set on fire, and left for dead. Together, they learn to heal, love, and forgive as they lead a historic effort to seek justice and protection for all animals.",
  "plot": null,
  "synopsis": null
}