{
  "imdb_id": "tt2449180",
  "tmdb_id": "128893",
  "douban_id": null,
  "title": "My True Friend (2012)",
  "genres": [
    "Action"
  ],
  "country": "Thailand",
  "version": [
    {
      "runtime": "103 min",
      "description": ""
    }
  ],
  "imdb_rating": 7.1,
  "director": [
    {
      "id": "nm4177196",
      "name": "Atsajun Sattakovit"
    }
  ],
  "writer": null,
  "cast": [
    {
      "id": "nm8280490",
      "name": "Ranee Campen",
      "character": "Dew"
    },
    {
      "id": "nm7469735",
      "name": "Natcha Juntapan",
      "character": "Song"
    },
    {
      "id": "nm2859853",
      "name": "Mario Maurer",
      "character": "Gun"
    },
    {
      "id": "nm9822290",
      "name": "Kamolned Ruengsri",
      "character": ""
    },
    {
      "id": "nm5320199",
      "name": "Mo Monchanok Saengchaipiangpen",
      "character": "Name"
    }
  ],
  "overview": "A story of friendship between two friends that misleads them to be involved in a gangster society",
  "storyline": "Story of friendship between two friends, that misleads them to be involved in a gangster society.",
  "plot": null,
  "synopsis": null
}