{
  "imdb_id": "tt2463692",
  "tmdb_id": "230714",
  "douban_id": null,
  "title": "When I Was Alive (2014)",
  "genres": [
    "Drama",
    "Horror",
    "Musical",
    "Thriller"
  ],
  "country": "Brazil",
  "version": [
    {
      "runtime": "108 min",
      "description": ""
    }
  ],
  "imdb_rating": 6.4,
  "director": [
    {
      "id": "nm1824290",
      "name": "Marco Dutra"
    }
  ],
  "writer": [
    {
      "id": "nm2681575",
      "name": "Gabriela Amaral",
      "description": "screenplay as Gabriela Amaral Almeida"
    },
    {
      "id": "nm1824290",
      "name": "Marco Dutra",
      "description": "screenplay"
    },
    {
      "id": "nm1961482",
      "name": "Louren\u00e7o Mutarelli",
      "description": "novel"
    }
  ],
  "cast": [
    {
      "id": "nm0265155",
      "name": "Ant\u00f4nio Fagundes",
      "character": "S\u00eanior"
    },
    {
      "id": "nm2671364",
      "name": "Marat Descartes",
      "character": "J\u00fanior"
    },
    {
      "id": "nm0762455",
      "name": "Sandy",
      "character": "Bruna"
    },
    {
      "id": "nm2669374",
      "name": "Gilda Nomacce",
      "character": "Miranda"
    },
    {
      "id": "nm2674069",
      "name": "Helena Albergaria",
      "character": "Olga"
    },
    {
      "id": "nm2809405",
      "name": "Kiko Bertholini",
      "character": "Pedro"
    },
    {
      "id": "nm2060071",
      "name": "Tuna Dwek",
      "character": "Lurdinha"
    },
    {
      "id": "nm5445963",
      "name": "Rony Koren",
      "character": "Paulinho"
    },
    {
      "id": "nm1790304",
      "name": "Eduardo Gomes",
      "character": "Pa-Zuzu"
    },
    {
      "id": "nm5445449",
      "name": "Carlos Albergaria",
      "character": "J\u00fanior crian\u00e7a"
    },
    {
      "id": "nm5445189",
      "name": "Marc Libeskind",
      "character": "Pedro crian\u00e7a"
    },
    {
      "id": "nm1961482",
      "name": "Louren\u00e7o Mutarelli",
      "character": "Donato"
    },
    {
      "id": "nm1417917",
      "name": "Lilian Blanc",
      "character": "Enfermeira"
    },
    {
      "id": "nm1795697",
      "name": "Caetano Gotardo",
      "character": "Silmar"
    },
    {
      "id": "nm5445673",
      "name": "Carla Kinzo",
      "character": "Silmara"
    },
    {
      "id": "nm1213036",
      "name": "Sabrina Greve",
      "character": "M\u00e1rcia"
    },
    {
      "id": "nm6082649",
      "name": "Vitor Dutra",
      "character": "Caio"
    },
    {
      "id": "nm2187163",
      "name": "Rosana Dutra",
      "character": "Tia estranha"
    },
    {
      "id": "nm6131643",
      "name": "Laerte Dutra",
      "character": "Tio estranho"
    },
    {
      "id": "nm2677651",
      "name": "Jo\u00e3o Marcos de Almeida",
      "character": "Louco"
    },
    {
      "id": "nm7533740",
      "name": "Fernando Oliveira",
      "character": "Voz"
    }
  ],
  "overview": "After losing his job and the end of his marriage, J\u00fanior returns to his father's house. But that is not his childhood house anymore. His old room has been rented by a young woman and the place feels unwelcome and oppressive. J\u00fanior develops and obsession for his family history, as strange things start happening in the house.",
  "storyline": "After losing his marriage and job, Junior moves back to his father's house, where the attractive tenant Bruna is living. The finding of objects that belonged to his dead mother drives Junior into a descent towards madness.",
  "plot": null,
  "synopsis": null
}