{
  "imdb_id": "tt2439946",
  "tmdb_id": "145738",
  "douban_id": null,
  "title": "40 Days and Nights (2012)",
  "genres": [
    "Action",
    "Adventure",
    "Sci-Fi",
    "Thriller"
  ],
  "country": "USA",
  "version": [
    {
      "runtime": "86 min",
      "description": ""
    }
  ],
  "imdb_rating": 2.4,
  "director": [
    {
      "id": "nm0311927",
      "name": "Peter Geiger"
    }
  ],
  "writer": [
    {
      "id": "nm4437450",
      "name": "H. Perry Horton",
      "description": "screenplay"
    }
  ],
  "cast": [
    {
      "id": "nm0141450",
      "name": "Alex Carter",
      "character": "John"
    },
    {
      "id": "nm0444621",
      "name": "Monica Keena",
      "character": "Tessa"
    },
    {
      "id": "nm3175913",
      "name": "Alex Arleo",
      "character": "Roger"
    },
    {
      "id": "nm1791206",
      "name": "Alex Ball",
      "character": "Welker"
    },
    {
      "id": "nm3455188",
      "name": "Victoria Barabas",
      "character": "Oates"
    },
    {
      "id": "nm1981117",
      "name": "Ty Barnett",
      "character": "Amato"
    },
    {
      "id": "nm4703907",
      "name": "David Bittick",
      "character": "Guard"
    },
    {
      "id": "nm2436199",
      "name": "Adam Burch",
      "character": "Purchase"
    },
    {
      "id": "nm1080835",
      "name": "Hector Luis Bustamante",
      "character": "Bruce       (as Hector Bustamante)"
    },
    {
      "id": "nm3250464",
      "name": "Christianna Carmine",
      "character": "Lynn"
    },
    {
      "id": "nm1989257",
      "name": "Marcus Choi",
      "character": "Williams"
    },
    {
      "id": "nm3192864",
      "name": "Emily Davenport",
      "character": "Jennifer"
    },
    {
      "id": "nm3602411",
      "name": "Evan Dumouchel",
      "character": "David"
    },
    {
      "id": "nm2993943",
      "name": "Susannah Hart Jones",
      "character": "Kiley"
    },
    {
      "id": "nm0398293",
      "name": "Scott Hoxby",
      "character": "Admiral Wallace"
    },
    {
      "id": "nm0413743",
      "name": "Kevin Jackson",
      "character": "Captain Bridges"
    },
    {
      "id": "nm3314207",
      "name": "Jonah Keal",
      "character": "Brad"
    },
    {
      "id": "nm4913817",
      "name": "Hina Khan",
      "character": "Spencer"
    },
    {
      "id": "nm3304337",
      "name": "Jon Kondelik",
      "character": "Dave"
    },
    {
      "id": "nm4998866",
      "name": "Dominic Ledesma",
      "character": "Hyams"
    },
    {
      "id": "nm3485101",
      "name": "Mitch Lerner",
      "character": "Freeman"
    },
    {
      "id": "nm1839980",
      "name": "Kaiwi Lyman",
      "character": "Baggins       (as Kaiwi Lyman-Mersereau)"
    },
    {
      "id": "nm1567255",
      "name": "Rose McConnell",
      "character": "Donna       (as Kimberly McConnell)"
    },
    {
      "id": "nm1618597",
      "name": "Emilio Palame",
      "character": "Efram"
    },
    {
      "id": "nm2550918",
      "name": "Rich Paul",
      "character": "Communications Officer"
    },
    {
      "id": "nm4252694",
      "name": "Andrew Pirozzi",
      "character": "Ian"
    },
    {
      "id": "nm2908215",
      "name": "Emily Sandifer",
      "character": "Maddie"
    },
    {
      "id": "nm2632064",
      "name": "Aurelia Scheppers",
      "character": "Kelly"
    },
    {
      "id": "nm0782457",
      "name": "Tom Seidman",
      "character": "Ralph"
    },
    {
      "id": "nm2721185",
      "name": "Derek Shaun",
      "character": "Anderson"
    },
    {
      "id": "nm2688088",
      "name": "Kristian Steel",
      "character": "Chad"
    },
    {
      "id": "nm1205188",
      "name": "David Venafro",
      "character": "Gregson       (as Dave Venafro)"
    },
    {
      "id": "nm1384079",
      "name": "Dylan Vox",
      "character": "Tyler"
    },
    {
      "id": "nm2050965",
      "name": "Hilary Wagner",
      "character": "Amanda"
    },
    {
      "id": "nm1426874",
      "name": "Delpaneaux Wills",
      "character": "Fishel"
    },
    {
      "id": "nm5403305",
      "name": "Paul Addicott",
      "character": "Background person"
    },
    {
      "id": "nm5403298",
      "name": "Olga Antnova",
      "character": "Background person"
    },
    {
      "id": "nm5403691",
      "name": "Joan Baca",
      "character": "Background person"
    },
    {
      "id": "nm3057710",
      "name": "Brian Bell",
      "character": "Survivor"
    }
  ],
  "overview": "When a colossal tectonic shift causes the sea level to start rising, a microbiologist gathers the DNA of as many species as she can, while the military creates an \"ark\" in a desperate attempt to preserve life on Earth.",
  "storyline": "When a colossal tectonic shift causes the sea level to start rising, a microbiologist gathers the DNA of as many species as she can, while the military creates an \"ark\" in a desperate attempt to preserve life on Earth.",
  "plot": "This section needs expansion. You can help by adding to it. (March 2015)\nWhen a massive tectonic shift triggers a tsunami capable of swallowing whole continents, the military creates an ark capable of holding only 50,000 people and the DNA of every species possible while the storm consumes most of the world.",
  "synopsis": null
}