{
  "imdb_id": "tt2408134",
  "tmdb_id": "223988",
  "douban_id": null,
  "title": "V8",
  "genres": [
    "Action",
    "Adventure",
    "Family"
  ],
  "country": "Germany",
  "version": [
    {
      "runtime": "106 min",
      "description": ""
    }
  ],
  "imdb_rating": 4.6,
  "director": [
    {
      "id": "nm0556076",
      "name": "Joachim Masannek"
    }
  ],
  "writer": [
    {
      "id": "nm0556076",
      "name": "Joachim Masannek",
      "description": "written by"
    }
  ],
  "cast": [
    {
      "id": "nm5288080",
      "name": "Georg Sulzer",
      "character": "David Michele       (as Georg A. Sulzer)"
    },
    {
      "id": "nm1708900",
      "name": "Maya Lauterbach",
      "character": "Luca Michele"
    },
    {
      "id": "nm5288163",
      "name": "Samuel Jakob",
      "character": "Robin V. Acht"
    },
    {
      "id": "nm3447994",
      "name": "Klara Merkel",
      "character": "Kiki Lilou"
    },
    {
      "id": "nm2180198",
      "name": "Nick Romeo Reimann",
      "character": "Hell GTI"
    },
    {
      "id": "nm3632586",
      "name": "Emilio Sakraya",
      "character": "Naik I. Dadidas       (as Emilio Moutaoukkil)"
    },
    {
      "id": "nm2547483",
      "name": "Tom Ho\u00dfbach",
      "character": "Weber die Spinne       (as Tom Hossbach)"
    },
    {
      "id": "nm4234470",
      "name": "Paul Alh\u00e4user",
      "character": "Da Vinci"
    },
    {
      "id": "nm2400296",
      "name": "Janina Fautz",
      "character": "Liv"
    },
    {
      "id": "nm3752812",
      "name": "Chelsea Mensah",
      "character": "Lotta"
    },
    {
      "id": "nm0849180",
      "name": "Mina Tander",
      "character": "Andalee Schrott"
    },
    {
      "id": "nm3796477",
      "name": "Michelle Monballijn",
      "character": "Angelina Michele"
    },
    {
      "id": "nm0100196",
      "name": "Adam Bousdoukos",
      "character": "Angelo Michele"
    },
    {
      "id": "nm0867341",
      "name": "J\u00fcrgen Tonkel",
      "character": "Sam Kamschik"
    },
    {
      "id": "nm2574635",
      "name": "Antonello de Muro",
      "character": "Frodo Bilboa"
    },
    {
      "id": "nm0911163",
      "name": "Irina Wanka",
      "character": "Schneiderin"
    },
    {
      "id": "nm4440425",
      "name": "Max Valentin Wilczek",
      "character": "Junge mit Wasserbombe"
    },
    {
      "id": "nm1004043",
      "name": "Raban Bieling",
      "character": "Milchmann"
    },
    {
      "id": "nm0378698",
      "name": "Christoph Maria Herbst",
      "character": "Kommissar Habicht"
    },
    {
      "id": "nm0491596",
      "name": "Heiner Lauterbach",
      "character": "Rasmus V. Acht"
    },
    {
      "id": "nm0870780",
      "name": "Christian Tramitz",
      "character": "J.R. Cotton"
    },
    {
      "id": "nm1940831",
      "name": "Hans Joachim Stuck",
      "character": "W\u00e4chter des Galgenbergs"
    },
    {
      "id": "nm0725274",
      "name": "Ilja Richter",
      "character": "Pan /              Talentscout"
    },
    {
      "id": "nm1441697",
      "name": "Kevin Iannotta",
      "character": ""
    }
  ],
  "overview": null,
  "storyline": "A group of children create an illegal car race, while trying to hide from the police.",
  "plot": null,
  "synopsis": null
}