{
  "imdb_id": "tt2421698",
  "tmdb_id": "288479",
  "douban_id": null,
  "title": "Present (2013)",
  "genres": [
    "Comedy",
    "Drama"
  ],
  "country": "USA",
  "version": [
    {
      "runtime": "83 min",
      "description": ""
    }
  ],
  "imdb_rating": null,
  "director": [
    {
      "id": "nm5298110",
      "name": "Joe Chang"
    }
  ],
  "writer": [
    {
      "id": "nm5298110",
      "name": "Joe Chang",
      "description": "writer"
    }
  ],
  "cast": [
    {
      "id": "nm5299634",
      "name": "Faith Callaway",
      "character": "Dorothy Crane"
    },
    {
      "id": "nm5298190",
      "name": "Nesey Gallons",
      "character": "Daniel Crane"
    },
    {
      "id": "nm1975139",
      "name": "Teadora Nikolova",
      "character": "Teaadora"
    },
    {
      "id": "nm5299299",
      "name": "Mariana Templin",
      "character": "Cassie"
    }
  ],
  "overview": "Daniel Crane is a semi-famous performance artist traveling and touring around the country, entertaining small audiences in the living rooms of houses with his awkward and sometimes alienating acts. On Halloween weekend, he finds himself back home, staying with his kid sister, Dorothy.  Along with Dorothy's roommate Cassie, they set out on a trip their old hometown, discovering the things they once remembered are vanishing, and realizing things they've kept inside themselves since childhood never go away.",
  "storyline": "On Halloween weekend, a traveling performance artist and his kid sister revisit the childhood hometown where they grew up, discovering the things they once remembered are vanishing, and things they've kept inside themselves never go away.",
  "plot": null,
  "synopsis": null
}