{
  "imdb_id": "tt2518848",
  "tmdb_id": "172767",
  "douban_id": null,
  "title": "500 MPH Storm (2013)",
  "genres": [
    "Action",
    "Adventure",
    "Drama",
    "Sci-Fi",
    "Thriller"
  ],
  "country": "USA",
  "version": [
    {
      "runtime": "86 min",
      "description": ""
    }
  ],
  "imdb_rating": 2.2,
  "director": [
    {
      "id": "nm2662079",
      "name": "Daniel Lusko"
    }
  ],
  "writer": [
    {
      "id": "nm0497694",
      "name": "Kuang Lee",
      "description": "screenplay as K. Lee &"
    },
    {
      "id": "nm5397959",
      "name": "Hank Woon Jr.",
      "description": "screenplay as Hank Woon"
    }
  ],
  "cast": [
    {
      "id": "nm0000680",
      "name": "Casper Van Dien",
      "character": "Nathan Sims"
    },
    {
      "id": "nm0004729",
      "name": "Michael Beach",
      "character": "Simon Caprisi"
    },
    {
      "id": "nm1919727",
      "name": "Sarah Lieving",
      "character": "Mona Sims"
    },
    {
      "id": "nm4568747",
      "name": "Bryan Head",
      "character": "Johnny Sims"
    },
    {
      "id": "nm0580884",
      "name": "Keith Meriweather",
      "character": "Captain Wright"
    },
    {
      "id": "nm1080822",
      "name": "Chad Brummett",
      "character": "Gage"
    },
    {
      "id": "nm3851171",
      "name": "James Lawrence Sicard",
      "character": "Specialist Tudor       (as James Sicard)"
    },
    {
      "id": "nm3074541",
      "name": "Dale O'Malley",
      "character": "Tech Oxenberg"
    },
    {
      "id": "nm3082812",
      "name": "Hayley Derryberry",
      "character": "Tech Lewis"
    },
    {
      "id": "nm1790494",
      "name": "Alex Knight",
      "character": "Sergeant Gentile"
    },
    {
      "id": "nm3779270",
      "name": "Jeremiah Wood",
      "character": "Science Tech #1       (as Jeremiah Z. Wood)"
    },
    {
      "id": "nm5255326",
      "name": "Lawrence Kruckeberg",
      "character": "Science Tech #2       (as Lawrence 'Law' Kruckeberg)"
    },
    {
      "id": "nm3765124",
      "name": "Stephen Turselli",
      "character": "Science Tech #3"
    },
    {
      "id": "nm5411791",
      "name": "Gerard Pitpitan",
      "character": "Science Tech #4"
    },
    {
      "id": "nm1738669",
      "name": "Kim Trujillo",
      "character": "Reporter"
    },
    {
      "id": "nm3139964",
      "name": "Morgan Estill",
      "character": "Cameraman"
    },
    {
      "id": "nm4050585",
      "name": "Tommy Goodwin",
      "character": "Panicked Man"
    },
    {
      "id": "nm3134589",
      "name": "Paul J. Porter",
      "character": "Sergeant First Class Buchanan"
    },
    {
      "id": "nm5411924",
      "name": "Paul Modesto",
      "character": "Sergeant First Class Modesto"
    },
    {
      "id": "nm2599541",
      "name": "Jermaine Washington",
      "character": "Soldier"
    },
    {
      "id": "nm2342362",
      "name": "Galen Hutchison",
      "character": "Soldier"
    },
    {
      "id": "nm3355097",
      "name": "Lava Buckley",
      "character": "Soldier"
    },
    {
      "id": "nm5411772",
      "name": "Dawn Haway",
      "character": "Soldier"
    },
    {
      "id": "nm5411833",
      "name": "Candice Parson",
      "character": "Soldier       (as Pfc. Parson)"
    },
    {
      "id": "nm5411853",
      "name": "Olivia Aragon",
      "character": "Soldier"
    },
    {
      "id": "nm5411869",
      "name": "Ashley Sisneros",
      "character": "Soldier"
    },
    {
      "id": "nm4562756",
      "name": "Nick Gilman",
      "character": "Soldier       (as Pfc. Gilman)"
    },
    {
      "id": "nm5411896",
      "name": "Arik Aguirre",
      "character": "Soldier       (as Arik Anders)"
    },
    {
      "id": "nm4897669",
      "name": "Jim Wisniewski",
      "character": "Refugee #1       (as Jim W-ski)"
    },
    {
      "id": "nm5411778",
      "name": "Amie Barnes",
      "character": "Refugee #2"
    },
    {
      "id": "nm2753323",
      "name": "Malik Daniels",
      "character": "Refugee #3"
    },
    {
      "id": "nm5411938",
      "name": "Michael Thomas",
      "character": "Refugee #4"
    },
    {
      "id": "nm5244828",
      "name": "Johnny Sharifi",
      "character": "Refugee #5"
    },
    {
      "id": "nm2781929",
      "name": "Jim Wade",
      "character": "Survivor"
    },
    {
      "id": "nm5589764",
      "name": "Fabi\u00e1n Valle",
      "character": "Survivor       (as Fabian Valle)"
    },
    {
      "id": "nm5672379",
      "name": "Sean Jolan",
      "character": "Survivor"
    },
    {
      "id": "nm2553708",
      "name": "Marilyn Bennett",
      "character": "Survivor"
    },
    {
      "id": "nm5673338",
      "name": "Joseph Lovato",
      "character": "Survivor"
    },
    {
      "id": "nm6807976",
      "name": "Sharon Reed",
      "character": "Survivor"
    },
    {
      "id": "nm5672641",
      "name": "David J. Hamby",
      "character": "Survivor"
    },
    {
      "id": "nm4515715",
      "name": "Mark Tarrant",
      "character": "Survivor"
    },
    {
      "id": "nm5673182",
      "name": "Arthur Moller",
      "character": "Balloon Pilot"
    },
    {
      "id": "nm5714106",
      "name": "Ethan Shanisha",
      "character": "Balloon Fiesta Patron       (as Everette Scott Ortize)"
    },
    {
      "id": "nm5671783",
      "name": "J.P. Labatut",
      "character": "Balloon Fiesta Patron"
    },
    {
      "id": "nm5610541",
      "name": "Don Salt",
      "character": "Balloon Fiesta Patron       (as Donald Salt)"
    },
    {
      "id": "nm2075924",
      "name": "Sarah Minnich",
      "character": "Balloon Fiesta Patron"
    },
    {
      "id": "nm5464251",
      "name": "Crystal Miller",
      "character": "Balloon Fiesta Patron"
    },
    {
      "id": "nm5442589",
      "name": "Daniel Cunningham",
      "character": "Balloon Fiesta Patron"
    },
    {
      "id": "nm5407257",
      "name": "Rebekah Apodaca",
      "character": "Balloon Fiesta Patron"
    },
    {
      "id": "nm5672820",
      "name": "Dalton Carter",
      "character": "Balloon Fiesta Patron"
    },
    {
      "id": "nm5672952",
      "name": "Zepi",
      "character": "Rope Tugger"
    },
    {
      "id": "nm4282616",
      "name": "Courtney Hagen",
      "character": "Reporter 1       (voice)"
    },
    {
      "id": "nm7495237",
      "name": "Anna Rasmussen",
      "character": "Reporter 2       (voice)"
    },
    {
      "id": "nm4493306",
      "name": "Michael Hardman",
      "character": "Reporter 3 /              Ryan Johnson       (voice)"
    },
    {
      "id": "nm5221346",
      "name": "Maeve Harris",
      "character": "Control       (voice)"
    },
    {
      "id": "nm7495238",
      "name": "Chris Ortiz",
      "character": "Technician       (voice)"
    },
    {
      "id": "nm0493295",
      "name": "Joseph J. Lawson",
      "character": "Tudor       (voice)"
    }
  ],
  "overview": "When an energy experiment goes haywire, a rash of massive hurricanes rips across North America. A high school science teacher must get his family to safety before the hurricanes merge, creating a \"hypercane\" with the power to wipe the US off the map.",
  "storyline": "When an energy experiment goes haywire, a rash of massive hurricanes rips across North America. A special project scientist must get his family to safety before the hurricanes merge, creating a \"hypercane\" with the power to wipe the US off the map.",
  "plot": null,
  "synopsis": null
}