{
  "imdb_id": "tt2577854",
  "tmdb_id": "228294",
  "douban_id": null,
  "title": "Now Add Honey (2015)",
  "genres": [
    "Comedy"
  ],
  "country": "Australia",
  "version": [
    {
      "runtime": "100 min",
      "description": ""
    }
  ],
  "imdb_rating": 4.7,
  "director": [
    {
      "id": "nm0394053",
      "name": "Wayne Hope"
    }
  ],
  "writer": [
    {
      "id": "nm0125114",
      "name": "Robyn Butler",
      "description": "written by"
    }
  ],
  "cast": [
    {
      "id": "nm0125114",
      "name": "Robyn Butler",
      "character": "Caroline Morgan"
    },
    {
      "id": "nm5798277",
      "name": "Lucinda Armstrong Hall",
      "character": "Harriet Morgan"
    },
    {
      "id": "nm4867258",
      "name": "Lucy Fry",
      "character": "Honey Halloway"
    },
    {
      "id": "nm1591283",
      "name": "Hamish Blake",
      "character": "Alex Kilstein"
    },
    {
      "id": "nm3503282",
      "name": "Philippa Coulthard",
      "character": "Clare Morgan"
    },
    {
      "id": "nm0860997",
      "name": "Erik Thomson",
      "character": "Richard Morgan"
    },
    {
      "id": "nm2171632",
      "name": "Lucy Durack",
      "character": "Katie Halloway"
    },
    {
      "id": "nm0760151",
      "name": "Angus Sampson",
      "character": "Mick Croyston"
    },
    {
      "id": "nm0493159",
      "name": "Ben Lawson",
      "character": "Joshua Redlich"
    },
    {
      "id": "nm2694682",
      "name": "Ash Ricardo",
      "character": "Mindi"
    },
    {
      "id": "nm1884762",
      "name": "Faustina Agolley",
      "character": "Sian"
    },
    {
      "id": "nm3134866",
      "name": "Adam Dixon",
      "character": "Roy"
    },
    {
      "id": "nm4270386",
      "name": "Christopher Teixeiras",
      "character": "Doug       (as Christopher Teixeira)"
    },
    {
      "id": "nm0005577",
      "name": "Portia de Rossi",
      "character": "Beth Morgan"
    },
    {
      "id": "nm0330765",
      "name": "Sandy Gore",
      "character": "Diane"
    },
    {
      "id": "nm5857257",
      "name": "Lily Sage",
      "character": "Diane's Assistant       (as Bethany Sherwell)"
    },
    {
      "id": "nm0356116",
      "name": "Stephen Hall",
      "character": "Hotel Concierge"
    },
    {
      "id": "nm2765956",
      "name": "Dave Thornton",
      "character": "Detective Smith"
    },
    {
      "id": "nm2245095",
      "name": "John McCullough",
      "character": "Businessman"
    },
    {
      "id": "nm0535741",
      "name": "Robbie Magasiva",
      "character": "Sebastian Tasi"
    },
    {
      "id": "nm0275913",
      "name": "David Field",
      "character": "Roger Gardam"
    },
    {
      "id": "nm1324400",
      "name": "Emily Taheny",
      "character": "Detective Davis"
    },
    {
      "id": "nm5867703",
      "name": "Craig Brookshaw",
      "character": "Pastry Chef"
    },
    {
      "id": "nm7379953",
      "name": "Quin Ellery",
      "character": "Ryan       (as Quin Ellery Smith)"
    },
    {
      "id": "nm3749163",
      "name": "Luke McGregor",
      "character": "Charles"
    },
    {
      "id": "nm1580884",
      "name": "Heidi Arena",
      "character": "Rhonda"
    },
    {
      "id": "nm5057941",
      "name": "James Bridgen",
      "character": "Rehab Detective"
    },
    {
      "id": "nm4740991",
      "name": "Laura Peric",
      "character": "Keisha"
    },
    {
      "id": "nm8210468",
      "name": "Ric Pragnell",
      "character": "Farmer"
    },
    {
      "id": "nm3205371",
      "name": "Richard Anastasios",
      "character": "Skater"
    },
    {
      "id": "nm1152693",
      "name": "Ferdinand Hoang",
      "character": "Singaporean Businessman"
    },
    {
      "id": "nm0589529",
      "name": "Xaris Miller",
      "character": "Consuela from Citibank"
    },
    {
      "id": "nm2928569",
      "name": "Robbie Clissold",
      "character": "Mirror Repairmen"
    },
    {
      "id": "nm5842436",
      "name": "Ba Aliou",
      "character": "Dancer"
    },
    {
      "id": "nm8210469",
      "name": "Nicholas Soperlario",
      "character": "Dancer"
    },
    {
      "id": "nm5842437",
      "name": "Nicholas Phillips",
      "character": "Dancer"
    },
    {
      "id": "nm1763861",
      "name": "Ben Schumann",
      "character": "Liam"
    },
    {
      "id": "nm3833850",
      "name": "Nicholas Dubberley",
      "character": "Gerald"
    },
    {
      "id": "nm1625102",
      "name": "Wayne Cartwright",
      "character": "Chef"
    },
    {
      "id": "nm8210470",
      "name": "Jordan Stack",
      "character": "Young Chef"
    },
    {
      "id": "nm8210471",
      "name": "Alanah McNally",
      "character": "Vanessa"
    },
    {
      "id": "nm4038279",
      "name": "Samantha Morley",
      "character": "Vanessa's Mother"
    },
    {
      "id": "nm5453285",
      "name": "Melissa Hill",
      "character": "Girl at Bakery"
    },
    {
      "id": "nm3326539",
      "name": "Darcie Elle Catania",
      "character": "Amelia       (as Darcie Catania)"
    },
    {
      "id": "nm3441009",
      "name": "Charlotte Victoria",
      "character": "Meg"
    },
    {
      "id": "nm0790466",
      "name": "Marty Sheargold",
      "character": "Gavin"
    },
    {
      "id": "nm3438486",
      "name": "Lisa N Edwards",
      "character": "Seb's Ex-Wife       (as Lisa Edwards)"
    },
    {
      "id": "nm0755569",
      "name": "Warwick Sadler",
      "character": "Taxi Driver"
    },
    {
      "id": "nm5267077",
      "name": "Samantha Shields",
      "character": "Make-up Artist"
    },
    {
      "id": "nm3650286",
      "name": "Tim Potter",
      "character": "Eric"
    },
    {
      "id": "nm8210473",
      "name": "Scott Abdullatif",
      "character": "Qantas Staff"
    },
    {
      "id": "nm8210474",
      "name": "Sharon Ashcroft",
      "character": "Qantas Staff"
    },
    {
      "id": "nm8210475",
      "name": "Teagan Dye",
      "character": "Qantas Staff"
    },
    {
      "id": "nm8210476",
      "name": "Angela Harding",
      "character": "Qantas Staff"
    },
    {
      "id": "nm8210477",
      "name": "Bianca Petrovski",
      "character": "Qantas Staff"
    }
  ],
  "overview": "When a pop-star cousin comes to stay, a family's once normal life changes drastically.",
  "storyline": "Caroline Morgan is delighted when her sister, Beth, brings her movie star daughter, Honey Halloway, home for a visit. But when Beth is suddenly sent to rehab, Caroline is forced to have Honey move in to her suburban home. Honey struggles with life without an entourage, and her cousins, Clare and Harriet, struggle with a movie star hogging the bathroom. But after Honey leads Caroline to uncover a family secret, Caroline struggles most of all, as her life quickly falls apart. Trapped together in the house, a middle-aged woman and a teen starlet must each wrestle with who they really are.",
  "plot": null,
  "synopsis": null
}