{
  "imdb_id": "tt2560440",
  "tmdb_id": "159088",
  "douban_id": null,
  "title": "Before Snowfall (2013)",
  "genres": [
    "Drama"
  ],
  "country": "Norway",
  "version": [
    {
      "runtime": "96 min",
      "description": ""
    }
  ],
  "imdb_rating": 7.2,
  "director": [
    {
      "id": "nm2106742",
      "name": "Hisham Zaman"
    }
  ],
  "writer": [
    {
      "id": "nm2521231",
      "name": "Kjell Ola Dahl",
      "description": null
    },
    {
      "id": "nm2106742",
      "name": "Hisham Zaman",
      "description": null
    }
  ],
  "cast": [
    {
      "id": "nm5406002",
      "name": "Abdullah Taher",
      "character": "Siyar"
    },
    {
      "id": "nm3394052",
      "name": "Suzan Ilir",
      "character": "Evin"
    },
    {
      "id": "nm5406559",
      "name": "Bahar Ozen",
      "character": "Nermin"
    },
    {
      "id": "nm5928713",
      "name": "Ava Abdulsattar",
      "character": "Nergiz"
    },
    {
      "id": "nm5928714",
      "name": "Cabbar Baris",
      "character": "Haydar Fanus"
    },
    {
      "id": "nm5928715",
      "name": "Erdal Ceviz",
      "character": "Reseptionist"
    },
    {
      "id": "nm1363201",
      "name": "Omer Chawshin",
      "character": "Sufi"
    },
    {
      "id": "nm1687405",
      "name": "Billey Demirtas",
      "character": "Hawar"
    },
    {
      "id": "nm3644330",
      "name": "Hassan Dimirci",
      "character": "Champion"
    },
    {
      "id": "nm2521676",
      "name": "Kawa Gilli",
      "character": "Sherko"
    },
    {
      "id": "nm0351511",
      "name": "Eva Medusa G\u00fchne",
      "character": "D\u00f6rthe"
    },
    {
      "id": "nm0702676",
      "name": "Nazmi Kirik",
      "character": "Refugee"
    },
    {
      "id": "nm4309664",
      "name": "Ugur Baris Mehmetoglu",
      "character": "Shoe shiner"
    },
    {
      "id": "nm5463798",
      "name": "Jin Musa",
      "character": "Daughter of Zirek"
    },
    {
      "id": "nm4653023",
      "name": "Bina Qeredaxi",
      "character": "Extra"
    },
    {
      "id": "nm3398349",
      "name": "Mouafaq Rushdie",
      "character": "Sherzad"
    },
    {
      "id": "nm1855405",
      "name": "Volga Sorgu",
      "character": "Karwan"
    },
    {
      "id": "nm7327356",
      "name": "Kadir Talabani",
      "character": "Warehouse employe"
    },
    {
      "id": "nm5463734",
      "name": "Mohammed Tejir",
      "character": "Aga"
    },
    {
      "id": "nm0957396",
      "name": "Zirek",
      "character": "Malo       (as Ahmed Zirek)"
    },
    {
      "id": "nm0960379",
      "name": "Birol \u00dcnel",
      "character": "Greek soldier"
    }
  ],
  "overview": "Before Snowfall starts with a dramatic escape: Eighteen year-old Nermin runs away from her wedding in a village in Iraqi Kurdistan. Being the elder of the family, her younger brother Siyar becomes responsible for finding her and restoring the family reputation. The mission proves a dangerous one for the inexperienced Siyar. First stop is Istanbul, where he meets Elvin, a young girl who becomes his travel companion. On the way from east to west, through Europe and all the way to Norway, Siyar comes to realize his own need for respect, and for love.",
  "storyline": "BEFORE SNOWFALL is a road movie that becomes an odyssey from East to West for young Siyar, a village-boy from Iraqi-Kurdistan. His journey begins when his older sister, Nermin, flees her wedding. Siyar's father is dead, and as the eldest son, he is obliged to set out to find his sister and restore his family honour in the local village. In Istanbul he meets the young girl Evin. They travel together. Their journey through Greece, Germany (Berlin) and Norway makes Siyar's search for his sister a search for dignity and love.",
  "plot": null,
  "synopsis": null
}