{
  "imdb_id": "tt2536846",
  "tmdb_id": "187541",
  "douban_id": null,
  "title": "Call Me Crazy: A Five Film (TV Movie 2013)",
  "genres": [
    "Drama"
  ],
  "country": "USA",
  "version": [
    {
      "runtime": "85 min",
      "description": ""
    }
  ],
  "imdb_rating": 7.0,
  "director": [
    {
      "id": "nm0000368",
      "name": "Laura Dern"
    },
    {
      "id": "nm0397171",
      "name": "Bryce Dallas Howard"
    },
    {
      "id": "nm0001372",
      "name": "Bonnie Hunt"
    },
    {
      "id": "nm0000171",
      "name": "Ashley Judd"
    },
    {
      "id": "nm0536632",
      "name": "Sharon Maguire"
    }
  ],
  "writer": [
    {
      "id": "nm3970389",
      "name": "Deirdre O'Connor",
      "description": "written by segment \"Lucy\""
    },
    {
      "id": "nm0654548",
      "name": "Jan Oxenberg",
      "description": "written by segment \"Grace\""
    },
    {
      "id": "nm0606594",
      "name": "Howard J. Morris",
      "description": "written by segment \"Allison\""
    },
    {
      "id": "nm0323752",
      "name": "Stephen Godchaux",
      "description": "written by segment \"Eddie\""
    },
    {
      "id": "nm0933379",
      "name": "Erin Cressida Wilson",
      "description": "written by segment \"Maggie\""
    }
  ],
  "cast": [
    {
      "id": "nm1617685",
      "name": "Jennifer Hudson",
      "character": "Maggie"
    },
    {
      "id": "nm0405103",
      "name": "Sarah Hyland",
      "character": "Grace"
    },
    {
      "id": "nm0502425",
      "name": "Melissa Leo",
      "character": "Robin"
    },
    {
      "id": "nm0745861",
      "name": "Mitch Rouse",
      "character": "Eddie"
    },
    {
      "id": "nm0818055",
      "name": "Octavia Spencer",
      "character": "Dr. Nance"
    },
    {
      "id": "nm1100839",
      "name": "Sofia Vassilieva",
      "character": "Allison"
    },
    {
      "id": "nm0811242",
      "name": "Brittany Snow",
      "character": "Lucy"
    },
    {
      "id": "nm0001368",
      "name": "Ernie Hudson",
      "character": "Percy"
    },
    {
      "id": "nm0728762",
      "name": "Jason Ritter",
      "character": "Bruce"
    },
    {
      "id": "nm0005443",
      "name": "Jean Smart",
      "character": "Claire"
    },
    {
      "id": "nm0000670",
      "name": "Lea Thompson",
      "character": "Julia"
    },
    {
      "id": "nm1552976",
      "name": "Ken Baumann",
      "character": "Luke"
    },
    {
      "id": "nm2957199",
      "name": "Melissa Farman",
      "character": "Izzy"
    },
    {
      "id": "nm0000429",
      "name": "Melanie Griffith",
      "character": "Kristin"
    },
    {
      "id": "nm1314546",
      "name": "Chelsea Handler",
      "character": "Alex"
    },
    {
      "id": "nm1631435",
      "name": "Aimee Teegarden",
      "character": "Olivia"
    },
    {
      "id": "nm2237841",
      "name": "Rodney Adams",
      "character": "Alan"
    },
    {
      "id": "nm0016579",
      "name": "Renee Albert",
      "character": "Ruby"
    },
    {
      "id": "nm5491568",
      "name": "Lewis John Allen",
      "character": "Judge"
    },
    {
      "id": "nm0043041",
      "name": "James Avery",
      "character": "Dr. Beckett"
    },
    {
      "id": "nm2420725",
      "name": "Tyler Barnes",
      "character": "Store Clerk"
    },
    {
      "id": "nm0070541",
      "name": "Andrea Bendewald",
      "character": "Laura"
    },
    {
      "id": "nm2297394",
      "name": "Haneef Bhatti",
      "character": "Man in Audience"
    },
    {
      "id": "nm1295887",
      "name": "Sean Carrigan",
      "character": "Leonard"
    },
    {
      "id": "nm0151540",
      "name": "Jay Chandrasekhar",
      "character": "Joey"
    },
    {
      "id": "nm1901994",
      "name": "Ida Darvish",
      "character": "Marnie"
    },
    {
      "id": "nm2107803",
      "name": "Cindy Drummond",
      "character": "Nurse"
    },
    {
      "id": "nm3833234",
      "name": "Izzy Eggerling",
      "character": "Young Izzy"
    },
    {
      "id": "nm1715333",
      "name": "Shirell Ferguson-Coleman",
      "character": "Nurse"
    },
    {
      "id": "nm0004929",
      "name": "Dave Foley",
      "character": "Danny"
    },
    {
      "id": "nm5399532",
      "name": "Jacqueline Georgiou",
      "character": "Woman"
    },
    {
      "id": "nm0319231",
      "name": "Richard Gilliland",
      "character": "Hugh"
    },
    {
      "id": "nm5491731",
      "name": "David Grieco",
      "character": "Father"
    },
    {
      "id": "nm4144312",
      "name": "Caleel Harris",
      "character": "Quinn"
    },
    {
      "id": "nm0397212",
      "name": "Clint Howard",
      "character": "Harold"
    },
    {
      "id": "nm0476094",
      "name": "Shishir Kurup",
      "character": "E.R. Doctor"
    },
    {
      "id": "nm1481801",
      "name": "Ross Mathews",
      "character": "MC"
    },
    {
      "id": "nm1501738",
      "name": "Ahna O'Reilly",
      "character": "Bethany"
    },
    {
      "id": "nm0667574",
      "name": "Philip Pavel",
      "character": "Max"
    },
    {
      "id": "nm1172993",
      "name": "Sasha Perl-Raver",
      "character": "Soldier Witness"
    },
    {
      "id": "nm1152355",
      "name": "Nick Santoro",
      "character": "Mall Security"
    },
    {
      "id": "nm1995781",
      "name": "Adam Shapiro",
      "character": "Art Teacher"
    },
    {
      "id": "nm0796533",
      "name": "Devin Sidell",
      "character": "Ivy"
    },
    {
      "id": "nm3158723",
      "name": "Devon Woods",
      "character": "Young Grace"
    }
  ],
  "overview": "A psychotherapist helps a law student cope with schizophrenia in one of five interconnected tales dealing with mental illness.",
  "storyline": "Like its first breast cancer-themed installment, Call Me Crazy aka Five 2/Five More will feature five short films featuring A-list talent both in front and behind the camera. The sequel will address mental illness. Directors include Laura Dern, Bonnie Hunt, Ashley Judd and Bryce Dallas Howard.",
  "plot": null,
  "synopsis": null
}