{
  "imdb_id": "tt2558318",
  "tmdb_id": "270771",
  "douban_id": null,
  "title": "The Last Survivors (2014)",
  "genres": [
    "Action",
    "Thriller"
  ],
  "country": "USA",
  "version": [
    {
      "runtime": "95 min",
      "description": ""
    }
  ],
  "imdb_rating": 5.3,
  "director": [
    {
      "id": "nm1729978",
      "name": "Thomas S. Hammock"
    }
  ],
  "writer": [
    {
      "id": "nm2106079",
      "name": "Jacob Forman",
      "description": "writer"
    },
    {
      "id": "nm1729978",
      "name": "Thomas S. Hammock",
      "description": "as Tom Hammock"
    }
  ],
  "cast": [
    {
      "id": "nm4726634",
      "name": "Haley Lu Richardson",
      "character": "Kendal"
    },
    {
      "id": "nm1559927",
      "name": "Booboo Stewart",
      "character": "Dean"
    },
    {
      "id": "nm1934618",
      "name": "Max Charles",
      "character": "Alby"
    },
    {
      "id": "nm2747803",
      "name": "Nicole Arianna Fox",
      "character": "Brooke       (as Nicole Fox)"
    },
    {
      "id": "nm1211326",
      "name": "Michael McCartney",
      "character": "Cadiz"
    },
    {
      "id": "nm0186225",
      "name": "Barbara Crampton",
      "character": "Grace"
    },
    {
      "id": "nm0557219",
      "name": "Michael Massee",
      "character": "Walker"
    },
    {
      "id": "nm0654240",
      "name": "Rena Owen",
      "character": "Claire"
    },
    {
      "id": "nm0497735",
      "name": "Leo Lee",
      "character": "Judas"
    },
    {
      "id": "nm0919616",
      "name": "Michael Welch",
      "character": "Gabriel"
    },
    {
      "id": "nm0340973",
      "name": "Jon Gries",
      "character": "Carson"
    },
    {
      "id": "nm4232306",
      "name": "Jacqueline Emerson",
      "character": "Skye"
    },
    {
      "id": "nm2122219",
      "name": "Casey Adams",
      "character": "Chance"
    },
    {
      "id": "nm2318148",
      "name": "Sheridan Crist",
      "character": "Mackie"
    },
    {
      "id": "nm4178315",
      "name": "Neal Polister",
      "character": "Thomas"
    },
    {
      "id": "nm1996815",
      "name": "Veronica Sixtos",
      "character": "Azalea"
    },
    {
      "id": "nm9126317",
      "name": "Tooru Nakahira",
      "character": "Simon"
    },
    {
      "id": "nm1640384",
      "name": "Fivel Stewart",
      "character": "Pia"
    },
    {
      "id": "nm0241033",
      "name": "Zack Duhame",
      "character": "Hunter /              Killer 'Corpse'"
    },
    {
      "id": "nm3269134",
      "name": "Sarah Pott",
      "character": "Captive Girl"
    },
    {
      "id": "nm5788549",
      "name": "James Smale",
      "character": "Captive Man"
    },
    {
      "id": "nm5788550",
      "name": "Jedediah Fossil",
      "character": "Long Longford /              Compound worker"
    },
    {
      "id": "nm2224787",
      "name": "Chris Harding",
      "character": "Ford Longford"
    },
    {
      "id": "nm3846706",
      "name": "Billy Federighi",
      "character": "Doug"
    },
    {
      "id": "nm8105962",
      "name": "Chris Matson",
      "character": "Nighthawk Farmer"
    },
    {
      "id": "nm6421020",
      "name": "Lorenzo Mezzacappa",
      "character": "Vagrant Farmer"
    },
    {
      "id": "nm1417392",
      "name": "Adam Wingard",
      "character": "Compound Soldier"
    },
    {
      "id": "nm1440023",
      "name": "Simon Barrett",
      "character": "Compound Soldier"
    },
    {
      "id": "nm0182425",
      "name": "Micah Brenner",
      "character": "Compound Soldier"
    },
    {
      "id": "nm3495473",
      "name": "Andrew Spieler",
      "character": "Water truck /              compound worker"
    },
    {
      "id": "nm5788551",
      "name": "Bruce G. Hammock",
      "character": "Water truck /              compound worker"
    },
    {
      "id": "nm1730425",
      "name": "Dan Hooker",
      "character": "Water truck /              compound worker"
    },
    {
      "id": "nm1828001",
      "name": "Seong-Jin Moon",
      "character": "Water truck /              compound worker       (as Sunny Moon)"
    },
    {
      "id": "nm3851144",
      "name": "Alex Gadd",
      "character": "Water truck /              compound worker"
    },
    {
      "id": "nm0188750",
      "name": "Corky Cronin",
      "character": "Water truck /              compound worker"
    },
    {
      "id": "nm5788552",
      "name": "Gene Litvinoff",
      "character": "Water truck /              compound worker"
    },
    {
      "id": "nm4247708",
      "name": "Shane Leary",
      "character": "Additional Hunter /              Killer"
    },
    {
      "id": "nm2509558",
      "name": "Eric A. Reid",
      "character": "Additional Hunter /              Killer"
    },
    {
      "id": "nm3989047",
      "name": "Zachary Witherspoon",
      "character": "Additional Hunter /              Killer       (as Zach Witherspoon)"
    },
    {
      "id": "nm1782877",
      "name": "Brett Snider",
      "character": "Additional Hunter /              Killer"
    },
    {
      "id": "nm2767583",
      "name": "Dimitri Loginowski",
      "character": "Additional Hunter /              Killer"
    },
    {
      "id": "nm5788546",
      "name": "Bruce Hammock",
      "character": "Farmer"
    },
    {
      "id": "nm5788547",
      "name": "Lassie Hammock",
      "character": "Farmer"
    },
    {
      "id": "nm4043590",
      "name": "Michael J. Wilson",
      "character": "Farmer       (as Michael Wilson)"
    },
    {
      "id": "nm5788548",
      "name": "Ed Noon",
      "character": "Farmer"
    },
    {
      "id": "nm1093570",
      "name": "Seth Caplan",
      "character": "Farmer"
    },
    {
      "id": "nm5802353",
      "name": "Brittany Falardeau",
      "character": "Farmer"
    },
    {
      "id": "nm2770938",
      "name": "Ayo Griffin",
      "character": "Farmer"
    }
  ],
  "overview": "In the near future, society collapses and water becomes scarce. When a greedy water baron starts violently clearing out survivors, Kendal, a 17-year-old teenager, fights the baron's henchman to keep a well open.",
  "storyline": "At the edge of an expansive barren valley, all that remains of The Wallace Farm for Wayward Youth is a few hollowed-out husks of buildings. Seventeen year-old Kendal (Haley Lu Richardson) can barely recall when the Oregon valley was still lush. It's been a decade since the last rainfall, and society at large has dried up and blown away. Kendal and the few others that remain barely scrape by, while dreaming of escape. When a greedy water baron lays claim to what little of the precious resource remains underground, Kendal must decide whether to run and hide or bravely fight for the few cherished people and things she has left.",
  "plot": null,
  "synopsis": null
}