{
  "imdb_id": "tt2599898",
  "tmdb_id": "167658",
  "douban_id": null,
  "title": "My Stuff (2013)",
  "genres": [
    "Documentary",
    "Comedy"
  ],
  "country": "Finland",
  "version": [
    {
      "runtime": "83 min",
      "description": ""
    }
  ],
  "imdb_rating": 6.5,
  "director": [
    {
      "id": "nm5442742",
      "name": "Petri Luukkainen"
    }
  ],
  "writer": [
    {
      "id": "nm5442742",
      "name": "Petri Luukkainen",
      "description": null
    }
  ],
  "cast": [
    {
      "id": "nm5442742",
      "name": "Petri Luukkainen",
      "character": "Himself"
    },
    {
      "id": "nm6185905",
      "name": "Helena Saarinen",
      "character": "Herself"
    },
    {
      "id": "nm5486629",
      "name": "Juho Luukkainen",
      "character": "Himself"
    },
    {
      "id": "nm3098570",
      "name": "Eero L\u00f6yttyj\u00e4rvi",
      "character": "Himself"
    },
    {
      "id": "nm6185906",
      "name": "Petri Purho",
      "character": "Himself"
    },
    {
      "id": "nm6185907",
      "name": "Marja-Riitta M\u00e4nnist\u00f6",
      "character": "Herself"
    },
    {
      "id": "nm1725346",
      "name": "Jesse Jokinen",
      "character": "Himself"
    },
    {
      "id": "nm6185908",
      "name": "Jesse Saarinen",
      "character": "Himself"
    },
    {
      "id": "nm6185909",
      "name": "Maija Lassila",
      "character": "Herself"
    },
    {
      "id": "nm6185910",
      "name": "Anne Tarvainen",
      "character": "Herself"
    },
    {
      "id": "nm6185911",
      "name": "Joona Tolvanen",
      "character": "Himself"
    },
    {
      "id": "nm6185912",
      "name": "Toni M\u00e4kel\u00e4",
      "character": "Himself"
    },
    {
      "id": "nm6185913",
      "name": "Jakke Saarinen",
      "character": "Himself"
    },
    {
      "id": "nm6185914",
      "name": "Eija Saarinen",
      "character": "Herself"
    },
    {
      "id": "nm6185915",
      "name": "Riku T\u00e4htinen",
      "character": "Himself"
    },
    {
      "id": "nm6185916",
      "name": "Kim Grandlund",
      "character": "Himself"
    },
    {
      "id": "nm6185917",
      "name": "Jukka Bergh\u00e4ll",
      "character": "Himself"
    },
    {
      "id": "nm6185918",
      "name": "Rauno M\u00e4nnist\u00f6",
      "character": ""
    }
  ],
  "overview": "Twentysomething Petri got over a break-up by pushing his credit card limit in order to buy stuff. Still, after three years, the anxiety remains, so all things must go into a storage container. For a year, Petri allows himself to retrieve only one item per day. New life begins naked next to a radiator.",
  "storyline": "Petri Luukkainen conducts an experiment with his own life. He packs all his things and puts them in storage. At first naked in an empty apartment, he only allows himself to retrieve one item per day.",
  "plot": null,
  "synopsis": null
}