{
  "imdb_id": "tt2521724",
  "tmdb_id": "180420",
  "douban_id": null,
  "title": "Asphalt Playground (2012)",
  "genres": [
    "Comedy",
    "Crime",
    "Drama"
  ],
  "country": "France",
  "version": [
    {
      "runtime": "97 min",
      "description": ""
    }
  ],
  "imdb_rating": 6.4,
  "director": [
    {
      "id": "nm5367831",
      "name": "Julien Abraham"
    }
  ],
  "writer": [
    {
      "id": "nm5367831",
      "name": "Julien Abraham",
      "description": null
    },
    {
      "id": "nm0464505",
      "name": "Diouc Koma",
      "description": "as Zackarya D.K."
    },
    {
      "id": "nm5367786",
      "name": "Jimmy Laporal-Tr\u00e9sor",
      "description": null
    }
  ],
  "cast": [
    {
      "id": "nm5368103",
      "name": "Azize Diabat\u00e9 Abdoulaye",
      "character": "Mitraillette       (as Azize Abdoulaye Diabate)"
    },
    {
      "id": "nm5116070",
      "name": "Idrissa Diabat\u00e9",
      "character": "Isma"
    },
    {
      "id": "nm5368373",
      "name": "Isma\u00ebl Ouazzani",
      "character": "La Cr\u00eate       (as Ismail Ouazzani Ibrahimi)"
    },
    {
      "id": "nm5518454",
      "name": "Zouher Rahim",
      "character": "Nordine"
    },
    {
      "id": "nm5517254",
      "name": "Ana\u00efs Begue",
      "character": "Oc\u00e9ane"
    },
    {
      "id": "nm1035622",
      "name": "Ibrahim Koma",
      "character": "Djibril"
    },
    {
      "id": "nm0483400",
      "name": "Juliette Lamboley",
      "character": "Lola"
    },
    {
      "id": "nm4285821",
      "name": "David Ribeiro",
      "character": "Narcisse"
    },
    {
      "id": "nm1452260",
      "name": "Steve Tran",
      "character": "Manu"
    },
    {
      "id": "nm3098656",
      "name": "Mahamadou Coulibaly",
      "character": "Mas"
    },
    {
      "id": "nm4630729",
      "name": "Mohad Sanou",
      "character": "Daouda"
    },
    {
      "id": "nm0048076",
      "name": "Arben Bajraktaraj",
      "character": "Gitan"
    },
    {
      "id": "nm0464505",
      "name": "Diouc Koma",
      "character": "Cheveux"
    },
    {
      "id": "nm5517822",
      "name": "Nordine Aidi",
      "character": "Labraise"
    },
    {
      "id": "nm5517340",
      "name": "Ousmane Diedhiou",
      "character": "Karkasse"
    },
    {
      "id": "nm1649894",
      "name": "Martin Pautard",
      "character": "Jo"
    },
    {
      "id": "nm5518502",
      "name": "Neva Kehouane",
      "character": "France-Lise"
    },
    {
      "id": "nm0628866",
      "name": "Marie-Philom\u00e8ne Nga",
      "character": "Mariama"
    },
    {
      "id": "nm0337246",
      "name": "Hammou Gra\u00efa",
      "character": "Aziz"
    },
    {
      "id": "nm5874159",
      "name": "Prudence Mouvi",
      "character": "Goungo"
    },
    {
      "id": "nm3980581",
      "name": "Aude Konan",
      "character": "Djeneba"
    },
    {
      "id": "nm0346983",
      "name": "Patrice Guillain",
      "character": "Jacquot"
    },
    {
      "id": "nm0462672",
      "name": "Patrick Kodjo Topou",
      "character": "Emile"
    },
    {
      "id": "nm1150648",
      "name": "Boris Rehlinger",
      "character": "Jean-Michel"
    },
    {
      "id": "nm5874160",
      "name": "Virginie Soler Kremer",
      "character": "Madame Lyon"
    },
    {
      "id": "nm5874161",
      "name": "Justine Champouret",
      "character": "Grenouille"
    },
    {
      "id": "nm5874162",
      "name": "Melissa de Lacaze",
      "character": "Mata"
    },
    {
      "id": "nm5874163",
      "name": "Briac Pachot",
      "character": "Justin"
    },
    {
      "id": "nm5874164",
      "name": "Jean-Jos\u00e9 Exposito",
      "character": "Proviseur Sandoza"
    },
    {
      "id": "nm5874165",
      "name": "Samba Gassama",
      "character": "Tchoum"
    },
    {
      "id": "nm5874166",
      "name": "Kamel Elmorabet",
      "character": "Chewing-Gum"
    },
    {
      "id": "nm5874167",
      "name": "Catherine Batnguele",
      "character": "Femme traditionnelle"
    },
    {
      "id": "nm5874168",
      "name": "M\u00e9line Barbier",
      "character": "Femme traditionnelle"
    },
    {
      "id": "nm1556472",
      "name": "Dominique Isnard",
      "character": "Linda"
    },
    {
      "id": "nm3948068",
      "name": "Lisa Masker",
      "character": "Sabrina"
    },
    {
      "id": "nm5874169",
      "name": "Yao Metsoko",
      "character": "Oncle Khomassi"
    },
    {
      "id": "nm2468631",
      "name": "Ivan Cori",
      "character": "Lo\u00efc"
    },
    {
      "id": "nm5874170",
      "name": "Foulane Kanoute",
      "character": "Petit teigneux"
    },
    {
      "id": "nm5367786",
      "name": "Jimmy Laporal-Tr\u00e9sor",
      "character": "L'ing\u00e9nieur du son"
    },
    {
      "id": "nm5874171",
      "name": "Miloud Brak",
      "character": "Farouk"
    },
    {
      "id": "nm4150430",
      "name": "Myriam Ajar",
      "character": "L'assistante       (as Myriam Ajar Kerkour)"
    },
    {
      "id": "nm5874172",
      "name": "Kalypha Doumbouya",
      "character": "Professeur de sport"
    },
    {
      "id": "nm0094858",
      "name": "Patrick Bonnel",
      "character": "Ma\u00eetre Constant"
    },
    {
      "id": "nm2298763",
      "name": "Julie Bargeton",
      "character": "L'attach\u00e9e de presse"
    },
    {
      "id": "nm5874173",
      "name": "Almamy Kanout\u00e9",
      "character": "Mams       (as Almamy Kanoute)"
    },
    {
      "id": "nm2900679",
      "name": "Jos\u00e9 Exposito",
      "character": "Proviseur Sandoza"
    },
    {
      "id": "nm7715369",
      "name": "Abdelkader Hoggui",
      "character": "Un homme de main"
    },
    {
      "id": "nm8568252",
      "name": "Vincent Pannetier",
      "character": "Agent RATP"
    }
  ],
  "overview": "Mitraillette is 12 years old and lives in Rose City, a housing estate he would not leave for anything. His whole world comprises his family, especially his 16 year-old cousin Isma, who has taken a fancy to Narcisse, the local crime boss. His older brother Djibril is 22, a student at the Sorbonne who dreams of becoming a lawyer. As for Mitraillette, he has his eye on Oc\u00e9ane, the most beautiful girl in his school...",
  "storyline": "\"Where I come from, when you stop dreaming, you die.\" Twelve-year old Aim\u00e9, nicknamed Machine Gun, is a mischievous kid from a housing project outside Paris, where families live alongside criminals and mothers try to keep their kids out of trouble. The hood isn't an easy place to grow up, but Machine Gun wouldn't trade it for any other! And right now, like all acne-riddled boys his age, his obsession is girls! In fact, he has a major crush on Oceane, the prettiest girl in his class, and would do just about anything to seduce her. In the building across the way lives Mohawk, his best friend, a crafty kid he's known since kindergarten, with whom he likes commentating police operations from the comfort of their windows. There's also Machine Gun's cousin, Isma, a funny and proud kid who spends his days on rooftops, being a lookout for local drug dealers, trying to be like Tony Montana. And his brother Djibril, 22, the family's pride and joy, a brilliant law student who dreams of the good ...",
  "plot": null,
  "synopsis": null
}