{
  "imdb_id": "tt2592910",
  "tmdb_id": "161803",
  "douban_id": null,
  "title": "CM101MMXI Fundamentals (2013)",
  "genres": [
    "Documentary",
    "Comedy"
  ],
  "country": "Turkey",
  "version": [
    {
      "runtime": "139 min",
      "description": ""
    }
  ],
  "imdb_rating": 9.3,
  "director": [
    {
      "id": "nm2339782",
      "name": "Murat Dundar"
    }
  ],
  "writer": [
    {
      "id": "nm0948000",
      "name": "Cem Yilmaz",
      "description": null
    }
  ],
  "cast": [
    {
      "id": "nm0948000",
      "name": "Cem Yilmaz",
      "character": "Himself"
    }
  ],
  "overview": "The funny little details of everyday life; the simple things that makes us laugh. An unforgettable performance from Cem Yilmaz. Yilmaz captures the audience with his hilarious stories about relationships, humankind's struggle with the technology and professional life. Yilmaz proves us that a food delivery or even a funeral might be amusing when considered correctly. Written by Elmalma Brand Communication",
  "storyline": "The funny little details of everyday life; the simple things that makes us laugh. An unforgettable performance from Cem Yilmaz. Yilmaz captures the audience with his hilarious stories about relationships, humankind's struggle with the technology and professional life. Yilmaz proves us that a food delivery or even a funeral might be amusing when considered correctly.",
  "plot": null,
  "synopsis": "The funny details of our ordinary lifes; simple but hillarious moments of pure joy. An extraordinary performance from Cem Yilmaz..."
}