{
  "imdb_id": "tt2589156",
  "tmdb_id": "260099",
  "douban_id": null,
  "title": "Presto far\u00e0 giorno (2014)",
  "genres": [
    "Drama"
  ],
  "country": "Italy",
  "version": [],
  "imdb_rating": null,
  "director": [
    {
      "id": "nm3157162",
      "name": "Giuseppe Ferlito"
    }
  ],
  "writer": [
    {
      "id": "nm3157162",
      "name": "Giuseppe Ferlito",
      "description": "written by"
    }
  ],
  "cast": [
    {
      "id": "nm5443467",
      "name": "Ami Codovini",
      "character": "Mary"
    },
    {
      "id": "nm3436097",
      "name": "Valerio Morigi",
      "character": "Loris"
    },
    {
      "id": "nm1939958",
      "name": "Ludovico Fremont",
      "character": "Cris"
    },
    {
      "id": "nm0143309",
      "name": "Chiara Caselli",
      "character": "Laura"
    },
    {
      "id": "nm4891814",
      "name": "Federica Sarno",
      "character": "Valentina"
    },
    {
      "id": "nm0207065",
      "name": "Gianfranco De Angelis",
      "character": "Giordano"
    },
    {
      "id": "nm0681218",
      "name": "Matilde Piana",
      "character": "Nina"
    },
    {
      "id": "nm0304173",
      "name": "Giuseppe Gandini",
      "character": "Norman"
    },
    {
      "id": "nm2590636",
      "name": "Nathalie Rapti Gomez",
      "character": "Francesca"
    },
    {
      "id": "nm3741853",
      "name": "Janet De Nardis",
      "character": "Federica"
    },
    {
      "id": "nm1245226",
      "name": "Gianantonio Mellone Martinone",
      "character": "Paolino       (as Gianantonio Martinoni)"
    },
    {
      "id": "nm5449650",
      "name": "Teresa Bagnato",
      "character": "Emilia"
    },
    {
      "id": "nm5461707",
      "name": "Riccardo Bergo",
      "character": "Ricky"
    },
    {
      "id": "nm5449730",
      "name": "Davide Gambarini",
      "character": "Fabrizio"
    },
    {
      "id": "nm2835515",
      "name": "Giovanni Lillo",
      "character": "Tommaso"
    },
    {
      "id": "nm6800396",
      "name": "Yaser Mohamed",
      "character": ""
    },
    {
      "id": "nm5449718",
      "name": "Roberta Nevola",
      "character": "Lucy"
    },
    {
      "id": "nm5449735",
      "name": "Angelo Sferrazza",
      "character": "Mattia"
    }
  ],
  "overview": null,
  "storyline": null,
  "plot": null,
  "synopsis": null
}