{
  "imdb_id": "tt2664012",
  "tmdb_id": "165809",
  "douban_id": null,
  "title": "My Blue",
  "genres": [
    "Comedy",
    "Drama"
  ],
  "country": "France",
  "version": [
    {
      "runtime": "83 min",
      "description": ""
    }
  ],
  "imdb_rating": 5.8,
  "director": [
    {
      "id": "nm3320456",
      "name": "Shalimar Preuss"
    }
  ],
  "writer": [
    {
      "id": "nm5568566",
      "name": "Emilie Guilhen",
      "description": "collaboration"
    },
    {
      "id": "nm3320456",
      "name": "Shalimar Preuss",
      "description": null
    }
  ],
  "cast": [
    {
      "id": "nm5495693",
      "name": "Lou Aziosmanoff",
      "character": "Maden"
    },
    {
      "id": "nm1300491",
      "name": "Jocelyn Lagarrigue",
      "character": "Le p\u00e8re"
    },
    {
      "id": "nm5496428",
      "name": "Victor Laforge",
      "character": ""
    },
    {
      "id": "nm5568677",
      "name": "Manon Aziosmanoff",
      "character": ""
    },
    {
      "id": "nm5568703",
      "name": "Nine Aziosmanoff",
      "character": ""
    },
    {
      "id": "nm5568579",
      "name": "S\u00e9drenn Labrousse",
      "character": ""
    },
    {
      "id": "nm5568700",
      "name": "Rapha\u00ebl Lagarrigue",
      "character": ""
    },
    {
      "id": "nm1107189",
      "name": "H\u00e9l\u00e8ne Cinque",
      "character": ""
    },
    {
      "id": "nm1163935",
      "name": "Rebecca Convenant",
      "character": ""
    },
    {
      "id": "nm0590778",
      "name": "Jean-Luc Mimault",
      "character": ""
    },
    {
      "id": "nm5568496",
      "name": "Georges Gu\u00e9neau",
      "character": ""
    }
  ],
  "overview": "The film follows the eldest daughter of a family on holiday as she navigates her growing desires for a prison inmate with her heartfelt but fraying familial love. Under the film\u2019s placid surface is a teenage, and very human, restlessness that suggests impulsive curiosity, yet also wisdom.",
  "storyline": "Maden, 17 years old. Summer holidays on the island. She is waiting for the mail. Between her room and the beach, between her father and cousins, the house, and, very close, the prison.",
  "plot": null,
  "synopsis": null
}