{
  "imdb_id": "tt2642064",
  "tmdb_id": "161327",
  "douban_id": null,
  "title": "Young and Dangerous: Reloaded (2013)",
  "genres": [
    "Crime"
  ],
  "country": "Hong Kong",
  "version": [],
  "imdb_rating": 3.8,
  "director": [
    {
      "id": "nm2326632",
      "name": "Daniel Yee Heng Chan"
    }
  ],
  "writer": [
    {
      "id": "nm2587183",
      "name": "Cowman",
      "description": "created by"
    },
    {
      "id": "nm0939236",
      "name": "Manfred Wong",
      "description": "screenplay"
    }
  ],
  "cast": [
    {
      "id": "nm2920258",
      "name": "Singh Hartihan Bitto",
      "character": "Bitto"
    },
    {
      "id": "nm1167890",
      "name": "Sui-man Chim",
      "character": "Bullshit Jim"
    },
    {
      "id": "nm3895623",
      "name": "Jacqueline Chong",
      "character": "Wasabi       (as Jacquelin Ch'ng)"
    },
    {
      "id": "nm1481335",
      "name": "Denise Ho",
      "character": "Sister 13"
    },
    {
      "id": "nm5481317",
      "name": "Dominic Ho",
      "character": "Dai Tin Yee"
    },
    {
      "id": "nm4956829",
      "name": "Ran Hu",
      "character": "Chiu Ting       (as Yin Woo)"
    },
    {
      "id": "nm0991774",
      "name": "Timmy Hung",
      "character": "Prince Edward"
    },
    {
      "id": "nm4832251",
      "name": "Dolby Ho-Yeung Kwan",
      "character": "Little Turtle"
    },
    {
      "id": "nm0482579",
      "name": "Chi-Sing Lam",
      "character": "Pou-Pan"
    },
    {
      "id": "nm3280573",
      "name": "Shing-Bun Lam",
      "character": "Fatso Lai"
    },
    {
      "id": "nm2748640",
      "name": "Him Law",
      "character": "Chan Ho Nam       (as Chung Him Law)"
    },
    {
      "id": "nm1287780",
      "name": "Lit Wai Leung",
      "character": "Chicken"
    },
    {
      "id": "nm0505013",
      "name": "Winnie Leung",
      "character": "Anna"
    },
    {
      "id": "nm0518074",
      "name": "Ying Kwan Lok",
      "character": "Mr. Lam"
    },
    {
      "id": "nm0521808",
      "name": "Simon Lui",
      "character": "Ghost"
    },
    {
      "id": "nm0504973",
      "name": "Alex Man",
      "character": "Big Chiang"
    },
    {
      "id": "nm1264535",
      "name": "Philip Ng",
      "character": "Big Head"
    },
    {
      "id": "nm0690931",
      "name": "Yuen-Leung Poon",
      "character": "Yiu"
    },
    {
      "id": "nm0801507",
      "name": "Lap-Man Sinn",
      "character": "Little Chiang"
    },
    {
      "id": "nm3169028",
      "name": "Sammy Sum",
      "character": "Ugly Kwan"
    },
    {
      "id": "nm1425442",
      "name": "Bing-Man Tam",
      "character": "Uncle Bing"
    },
    {
      "id": "nm2491077",
      "name": "Yu Ting",
      "character": "Uncle Gut       (as Yue Ding)"
    },
    {
      "id": "nm5328537",
      "name": "Kimmy Fei Tong",
      "character": "Petite       (as Kimmy Tong)"
    },
    {
      "id": "nm0939079",
      "name": "Goon Chung Wong",
      "character": "Brother Bee"
    },
    {
      "id": "nm5481168",
      "name": "Jessica Sze-Man Wong",
      "character": "Jasmine"
    },
    {
      "id": "nm0939327",
      "name": "Shu Tong Wong",
      "character": "Uncle Tong"
    }
  ],
  "overview": "On a dark Mongkok night, May, the cousin of Dai Tin-yee (Dominic Ho), was gang-raped to death by Med King (Deep Ng) and his men. The furious Tin-yee, together with his buddies, Ho-Nam(Him Law), Chicken (Oscar Leung), Pou-Pan (Jazz Lam) tracked down Med King to revenge May\u2019s death. As Med King was under the wing of Ugly Kwan (Sammy Sum), a leader of the Hung Hing triad, Kwan gave orders to get rid of Ho-Nam by all means\u2026.",
  "storyline": "On a dark Mongkok night, May, the cousin of Dai Tin-Yee, was gang-raped to death by Med King and his men. The furious Tin-Yee, together with his buddies, Chan Ho Nam, Chicken, Pou-Pan tracked down Med King to revenge May's death. As Med King was under the wing of Ugly Kwan, a leader of the Hung Hing triad, Kwan gave orders to get rid of Ho-Nam by all means.",
  "plot": null,
  "synopsis": null
}