{
  "imdb_id": "tt2629116",
  "tmdb_id": "289491",
  "douban_id": null,
  "title": "Ek Joke Net 2 (2014)",
  "genres": [
    "Comedy"
  ],
  "country": "South Africa",
  "version": [
    {
      "runtime": "92 min",
      "description": ""
    }
  ],
  "imdb_rating": 7.4,
  "director": [
    {
      "id": "nm2488601",
      "name": "Stefan Nieuwoudt"
    }
  ],
  "writer": [
    {
      "id": "nm2488601",
      "name": "Stefan Nieuwoudt",
      "description": null
    },
    {
      "id": "nm2850327",
      "name": "Hannes Brummer",
      "description": "as Hannes Br\u00fcmmer &"
    },
    {
      "id": "nm3861251",
      "name": "Dries Scholtz",
      "description": null
    },
    {
      "id": "nm2938779",
      "name": "Danie Bester",
      "description": null
    },
    {
      "id": "nm2441713",
      "name": "Melt Sieberhagen",
      "description": "additional writing and"
    },
    {
      "id": "nm4744971",
      "name": "Johan Baird",
      "description": "additional writing"
    }
  ],
  "cast": [
    {
      "id": "nm3597310",
      "name": "Solomon Cupido",
      "character": "Juliano Dilemma /              Various characters /              Himself"
    },
    {
      "id": "nm2850327",
      "name": "Hannes Brummer",
      "character": "Various characters /              Himself       (as Hannes Br\u00fcmmer)"
    },
    {
      "id": "nm3067264",
      "name": "Lelia Etsebeth",
      "character": "Various characters /              Herself"
    },
    {
      "id": "nm5465198",
      "name": "Yolandi Malherbe",
      "character": "Various characters"
    },
    {
      "id": "nm3827844",
      "name": "Richard Lukunku",
      "character": "Various characters"
    },
    {
      "id": "nm4409282",
      "name": "Thokozani Ntuli",
      "character": "Security guard"
    },
    {
      "id": "nm3867748",
      "name": "Bryan Hadwen",
      "character": ""
    },
    {
      "id": "nm3067673",
      "name": "Altus Theart",
      "character": "Varkie, jealous husband"
    },
    {
      "id": "nm5464873",
      "name": "Musa Mthombeni",
      "character": ""
    },
    {
      "id": "nm5465545",
      "name": "Akhumzi Jezile",
      "character": ""
    },
    {
      "id": "nm5464072",
      "name": "Nine Nieuwodt",
      "character": ""
    },
    {
      "id": "nm4132449",
      "name": "Jaun de Jager",
      "character": ""
    },
    {
      "id": "nm1934813",
      "name": "Morn\u00e9 du Toit",
      "character": ""
    },
    {
      "id": "nm3343260",
      "name": "Christel van den Bergh",
      "character": "Thief"
    },
    {
      "id": "nm3647542",
      "name": "Leandie du Randt",
      "character": ""
    },
    {
      "id": "nm5724097",
      "name": "DonnaLee Roberts",
      "character": "Prank victim"
    },
    {
      "id": "nm4342583",
      "name": "Wicus van der Merwe",
      "character": "Prank victim"
    },
    {
      "id": "nm3891891",
      "name": "Emo Adams",
      "character": "Prank victim"
    }
  ],
  "overview": "As a well-intentioned citizen you\u2019d always be willing to help out a fellow South African. But what happens when your good intentions turn out to be in vain when the situation escalates out of control and things go from bad to worse?",
  "storyline": "South Africans get pranked for the second time by the candid kings.Testing their reactions in some akward situations.",
  "plot": null,
  "synopsis": null
}