{
  "imdb_id": "tt2610862",
  "tmdb_id": "222885",
  "douban_id": null,
  "title": "Design Is One: The Vignellis (2012)",
  "genres": [
    "Documentary",
    "Biography"
  ],
  "country": "USA",
  "version": [
    {
      "runtime": "86 min",
      "description": ""
    }
  ],
  "imdb_rating": 6.9,
  "director": [
    {
      "id": "nm0108100",
      "name": "Kathy Brew"
    },
    {
      "id": "nm0346079",
      "name": "Roberto Guerra"
    }
  ],
  "writer": null,
  "cast": [
    {
      "id": "nm3216029",
      "name": "Paola Antonelli",
      "character": "Herself"
    },
    {
      "id": "nm5958177",
      "name": "Barry Bergdoll",
      "character": "Himself"
    },
    {
      "id": "nm2403682",
      "name": "Michael Bierut",
      "character": "Himself"
    },
    {
      "id": "nm2170946",
      "name": "Peter Eisenman",
      "character": "Himself"
    },
    {
      "id": "nm0321843",
      "name": "Milton Glaser",
      "character": "Himself"
    },
    {
      "id": "nm3224069",
      "name": "Jessica Helfand",
      "character": "Herself"
    },
    {
      "id": "nm3223220",
      "name": "Steven Heller",
      "character": "Himself"
    },
    {
      "id": "nm1615630",
      "name": "Richard Meier",
      "character": "Himself"
    },
    {
      "id": "nm3394424",
      "name": "Lella Vignelli",
      "character": "Herself"
    },
    {
      "id": "nm2404969",
      "name": "Massimo Vignelli",
      "character": "Himself"
    }
  ],
  "overview": "As artists and visual architects, husband and wife Massimo and Lella Vignelli have been producing unique and groundbreaking work as brand designers. This up-close documentary reveals their major influence in reshaping our visual environment.",
  "storyline": "Italian-born Massimo and Lella Vignelli are among the world's most influential designers. Throughout their long career, their motto has been, 'If you can't find it, design it' The work covers such a broad spectrum that one could say the Vignellis are known by everybody, even those who don't know their names. From graphics to interiors to products and corporate identities, the film brings us into the work and everyday moments of the Vignellis' world, capturing their intelligence and creativity, as well as their humanity, warmth, and humor.",
  "plot": null,
  "synopsis": null
}