{
  "imdb_id": "tt2630898",
  "tmdb_id": "329750",
  "douban_id": null,
  "title": "(Dis)Honesty: The Truth About Lies (2015)",
  "genres": [
    "Documentary",
    "Drama",
    "News"
  ],
  "country": "USA",
  "version": [
    {
      "runtime": "90 min",
      "description": ""
    },
    {
      "runtime": "52 min",
      "description": "TV\n            2017"
    }
  ],
  "imdb_rating": null,
  "director": [
    {
      "id": "nm0577336",
      "name": "Yael Melamede"
    }
  ],
  "writer": null,
  "cast": [
    {
      "id": "nm4752551",
      "name": "Dan Ariely",
      "character": "Himself"
    }
  ],
  "overview": "A documentary about why people lie. Includes profiles with famous liars.",
  "storyline": "From ticket-fixing in our police departments to test-score scandals in our schools, from our elected leaders' extra-marital affairs to financial schemes undermining our economy, dishonesty seems to be a ubiquitous part of the news. But it's not just true in the headlines - we ALL cheat.",
  "plot": null,
  "synopsis": null
}