{
  "imdb_id": "tt2608998",
  "tmdb_id": "157957",
  "douban_id": null,
  "title": "Chasing the Wind (2013)",
  "genres": [
    "Drama"
  ],
  "country": "Norway",
  "version": [
    {
      "runtime": "91 min",
      "description": ""
    }
  ],
  "imdb_rating": 6.5,
  "director": [
    {
      "id": "nm1847630",
      "name": "Rune Denstad Langlo"
    }
  ],
  "writer": [
    {
      "id": "nm1847630",
      "name": "Rune Denstad Langlo",
      "description": null
    }
  ],
  "cast": [
    {
      "id": "nm4250048",
      "name": "Marie Blokhus",
      "character": "Anna"
    },
    {
      "id": "nm0851422",
      "name": "Sven-Bertil Taube",
      "character": "Johannes"
    },
    {
      "id": "nm4083737",
      "name": "Tobias Santelmann",
      "character": "H\u00e5vard"
    },
    {
      "id": "nm0639159",
      "name": "Frederik Meldal N\u00f8rgaard",
      "character": "Mathias"
    },
    {
      "id": "nm0865539",
      "name": "Per Tofte",
      "character": "Arne S\u00f8rensen"
    },
    {
      "id": "nm0471601",
      "name": "Anders Baasmo Christiansen",
      "character": "Lundgren"
    },
    {
      "id": "nm3337337",
      "name": "Marte Aunemo",
      "character": "Elise"
    },
    {
      "id": "nm4930312",
      "name": "Vilja Krokan Teksum",
      "character": "Emma       (as Vilja Krokann Teksum)"
    },
    {
      "id": "nm2075353",
      "name": "Marianne Mel\u00f8y",
      "character": "Rita"
    },
    {
      "id": "nm8781345",
      "name": "Hanna Gabrielsen",
      "character": "Bestemor"
    },
    {
      "id": "nm8781346",
      "name": "Simon Soifer Schofield",
      "character": "Terje"
    }
  ],
  "overview": "Anna hasn\u2019t seen her family for a decade. When her grandmother dies, she returns home to take care of her grandfather. In the week leading up to the funeral, nothing goes as expected, and Anna is forced to reconsider how she lives her life.",
  "storyline": "It's been ten years since Anna fled her childhood home town, but when her grandmother dies, she has to go back. In the week up to the burial, she's confronted with what made her escaping, and who she was in her meetings with her grumpy grandfather and her deserted boyfriend.",
  "plot": null,
  "synopsis": null
}