{
  "imdb_id": "tt2611160",
  "tmdb_id": "344491",
  "douban_id": null,
  "title": "A Beautiful Now (2015)",
  "genres": [
    "Comedy",
    "Drama",
    "Music",
    "Romance"
  ],
  "country": "USA",
  "version": [
    {
      "runtime": "90 min",
      "description": ""
    }
  ],
  "imdb_rating": 6.6,
  "director": [
    {
      "id": "nm0526749",
      "name": "Daniela Amavia"
    }
  ],
  "writer": [
    {
      "id": "nm0526749",
      "name": "Daniela Amavia",
      "description": "writer"
    },
    {
      "id": "nm0526749",
      "name": "Daniela Amavia",
      "description": null
    }
  ],
  "cast": [
    {
      "id": "nm0817844",
      "name": "Abigail Spencer",
      "character": "Romy"
    },
    {
      "id": "nm2091145",
      "name": "Cheyenne Jackson",
      "character": "David"
    },
    {
      "id": "nm2180792",
      "name": "Collette Wolfe",
      "character": "Ella"
    },
    {
      "id": "nm2180812",
      "name": "Elena Satine",
      "character": "Jaki"
    },
    {
      "id": "nm2395760",
      "name": "Sonja Kinski",
      "character": "Jessica"
    },
    {
      "id": "nm1738176",
      "name": "Patrick Heusinger",
      "character": "Aaron"
    },
    {
      "id": "nm1298458",
      "name": "Guy Burnet",
      "character": "Steve"
    },
    {
      "id": "nm0024511",
      "name": "John Patrick Amedori",
      "character": "Chris"
    },
    {
      "id": "nm4153468",
      "name": "Hana Hayes",
      "character": "Young Romy"
    },
    {
      "id": "nm0311708",
      "name": "Deborah Geffner",
      "character": "David's mother"
    },
    {
      "id": "nm5000411",
      "name": "Andrea Schermoly",
      "character": "Principal Dancer /              Arielle Croyance"
    },
    {
      "id": "nm0224730",
      "name": "Toledo Diamond",
      "character": "Angel of Death"
    },
    {
      "id": "nm3196681",
      "name": "Ali Cobrin",
      "character": "Tracey"
    },
    {
      "id": "nm1404034",
      "name": "Assaf Cohen",
      "character": "Ali"
    },
    {
      "id": "nm0225767",
      "name": "Dawn Didawick",
      "character": "Ballet Teacher"
    },
    {
      "id": "nm0805653",
      "name": "Bobby Slayton",
      "character": "Mr. Rich"
    },
    {
      "id": "nm0085359",
      "name": "Jordan Black",
      "character": "Cody"
    },
    {
      "id": "nm4817980",
      "name": "Norah Burdette",
      "character": "Dancer"
    },
    {
      "id": "nm3950287",
      "name": "Lana Giacose",
      "character": "Alejandra"
    },
    {
      "id": "nm4512596",
      "name": "Anoushka Rava",
      "character": "Iman       (as Anoushka Ravanshad)"
    },
    {
      "id": "nm0745402",
      "name": "Lisa Rotondi",
      "character": "Hannah"
    },
    {
      "id": "nm1757516",
      "name": "John Stevenson",
      "character": "Ben"
    },
    {
      "id": "nm5358598",
      "name": "Donn Stewart",
      "character": "Young H"
    },
    {
      "id": "nm3998424",
      "name": "Victor Turpin",
      "character": "Ricardo"
    }
  ],
  "overview": "A beautiful dancer hangs on the razor's edge between reality and fantasy as she asks her friends to help her figure out the passions and relationships that have shaped who they are and who they will become.",
  "storyline": "\"Beautiful Now\" tells the story of a passionate dancer, Romy, who finds herself contemplating extreme measures when she reaches a crossroads in her life. As she hangs on the razor's edge between reality and fantasy, her fractured group of friends reunite and embark on a shared journey into vibrant and intense memories of their past, helping Romy answer the question: \"if your life flashed before your eyes, would you like what you see?\".",
  "plot": null,
  "synopsis": null
}