{
  "imdb_id": "tt2644202",
  "tmdb_id": "79356",
  "douban_id": null,
  "title": "Vallinam (2014)",
  "genres": [
    "Drama",
    "Sport"
  ],
  "country": "India",
  "version": [
    {
      "runtime": "132 min",
      "description": ""
    }
  ],
  "imdb_rating": 7.0,
  "director": [
    {
      "id": "nm3942648",
      "name": "Arivazhagan Venkatachalam"
    }
  ],
  "writer": [
    {
      "id": "nm3942648",
      "name": "Arivazhagan Venkatachalam",
      "description": null
    }
  ],
  "cast": [
    {
      "id": "nm1150216",
      "name": "Nakhul",
      "character": "Krishna"
    },
    {
      "id": "nm5479440",
      "name": "Mrudhula Basker",
      "character": "Meera"
    },
    {
      "id": "nm4831604",
      "name": "Amzath Khan",
      "character": "Guna"
    },
    {
      "id": "nm3388887",
      "name": "Jagan",
      "character": ""
    },
    {
      "id": "nm4149070",
      "name": "Sidhu Jonnalagadda",
      "character": "Cricket Captain       (as Siddharth Jonnalagadda)"
    },
    {
      "id": "nm6084822",
      "name": "Chandru",
      "character": ""
    },
    {
      "id": "nm0474609",
      "name": "Atul Kulkarni",
      "character": "PT Master"
    },
    {
      "id": "nm1957308",
      "name": "V. Jayaprakash",
      "character": "Jaykay"
    },
    {
      "id": "nm1559594",
      "name": "Y.G. Mahendran",
      "character": "College Principal"
    },
    {
      "id": "nm0080248",
      "name": "Santhana Bharathi",
      "character": ""
    },
    {
      "id": "nm4698377",
      "name": "Mathivanan Rajendran",
      "character": "Basketball Captain"
    },
    {
      "id": "nm3612256",
      "name": "Anupama Kumar",
      "character": "Guna's Mother"
    },
    {
      "id": "nm6328044",
      "name": "Thilak Rammohan",
      "character": "Mansion Friend"
    },
    {
      "id": "nm3942577",
      "name": "Aadhi",
      "character": "Cameo Role"
    },
    {
      "id": "nm5563309",
      "name": "Krishna Kulasekharan",
      "character": "Cameo Role"
    },
    {
      "id": "nm5657068",
      "name": "RJ Balaji",
      "character": "Cameo Role"
    },
    {
      "id": "nm6484967",
      "name": "Anaswara",
      "character": "Anu"
    }
  ],
  "overview": "Krishna, a talented basketball player, moves to a new college after a fatal accident on court. There, he clashes with the college team's egomaniacal cricket team captain, Vamsi, who will not have any other game sharing the limelight with his own sport.",
  "storyline": "Krishna (Nakul) is a good basketball player in Trichy. During a game an accident takes place and his best buddy Shiva (Krishna) dies. To get away from the past, Krishna leaves Trichy and moves to a Chennai college. He finds that cricket is the most favored game and given undue advantage in the college sports curriculum. Slowly, due to circumstances mainly due to the villainous cricket captain (Siddharth Jonnalagadda) he starts basketball team in college. How Krishna's determination and fierce dedication to triumph at all cost forms the rest of the story. He even wins over the rich heroine (Mridula) from the villainous cricket captain.",
  "plot": "The film starts with Krishna (Nakul) and Shiva (Kreshna). They are childhood friends studying in the same college and they are prominent basketball players preparing for a national-level basketball tournament. Following the events of the college, Shiva dies due to heart attack because he was hit by a basketball shot by Krishna. This makes Krishna end his college career. He then joins a new college where a basketball game is teased by a cricket team there. The story lines up when Krishna takes on basketball again and wins the national-level tournament.",
  "synopsis": null
}