{
  "imdb_id": "tt2664226",
  "tmdb_id": "249231",
  "douban_id": null,
  "title": "Hor taew tak 4 (2012)",
  "genres": [
    "Comedy"
  ],
  "country": "Thailand",
  "version": [
    {
      "runtime": "102 min",
      "description": ""
    }
  ],
  "imdb_rating": 5.7,
  "director": [
    {
      "id": "nm1547925",
      "name": "Poj Arnon"
    }
  ],
  "writer": [
    {
      "id": "nm1547925",
      "name": "Poj Arnon",
      "description": null
    }
  ],
  "cast": [
    {
      "id": "nm1993163",
      "name": "Kohtee Aramboy",
      "character": "Pancake"
    },
    {
      "id": "nm2556124",
      "name": "Yingsak Chonglertjetsadawong",
      "character": "Cartoon"
    },
    {
      "id": "nm1979074",
      "name": "Jaturong Mokjok",
      "character": "Taew"
    },
    {
      "id": "nm4336578",
      "name": "Waraphat Phatsathit",
      "character": "Gun       (as Warapat Petchsatit)"
    },
    {
      "id": "nm2562810",
      "name": "Wiradit Srimalai",
      "character": "Namo"
    },
    {
      "id": "nm2321126",
      "name": "Ekkachai Srivichai",
      "character": "Mod Dam"
    },
    {
      "id": "nm1047136",
      "name": "Varuth Waratham",
      "character": "Hangle"
    },
    {
      "id": "nm2713480",
      "name": "Butsarin Yokpraipan",
      "character": "Golf"
    }
  ],
  "overview": "At a haunted apartment block populated mostly by ladyboys and cross-dressers, Taew opens a new apartment but soon someone commits suicide in a room - or maybe its murder. That is the start of crazy and funny haunting incidents and scenes involving a lot of people running away from pursuing ghosts.",
  "storyline": "At a haunted apartment block populated mostly by ladyboys and cross-dressers, Taew opens a new apartment but soon someone commits suicide in a room - or maybe its murder. That is the start of crazy and funny haunting incidents and scenes involving a lot of people running away from pursuing ghosts.",
  "plot": null,
  "synopsis": null
}