{
  "imdb_id": "tt2604346",
  "tmdb_id": "217414",
  "douban_id": null,
  "title": "Qui\u00e9n mat\u00f3 a Bambi? (2013)",
  "genres": [
    "Comedy"
  ],
  "country": "Spain",
  "version": [
    {
      "runtime": "86 min",
      "description": ""
    }
  ],
  "imdb_rating": 5.7,
  "director": [
    {
      "id": "nm1163050",
      "name": "Santi Amodeo"
    }
  ],
  "writer": [
    {
      "id": "nm1163050",
      "name": "Santi Amodeo",
      "description": null
    },
    {
      "id": "nm0198366",
      "name": "Tony Dalton",
      "description": "original screenplay"
    },
    {
      "id": "nm0471690",
      "name": "Kristoff",
      "description": "original screenplay as Kristof Raczy\u00f1ski Tatomir"
    },
    {
      "id": "nm1448814",
      "name": "Alejandro Lozano",
      "description": "original screenplay"
    }
  ],
  "cast": [
    {
      "id": "nm1273697",
      "name": "Quim Guti\u00e9rrez",
      "character": "David"
    },
    {
      "id": "nm2216549",
      "name": "\u00darsula Corber\u00f3",
      "character": "Paula"
    },
    {
      "id": "nm1817705",
      "name": "Bel\u00e9n Ponce de Le\u00f3n",
      "character": "Gabi"
    },
    {
      "id": "nm2212085",
      "name": "Antonio Estrada",
      "character": "Mayordomo"
    },
    {
      "id": "nm0845141",
      "name": "Pedro Mari S\u00e1nchez",
      "character": "Larrea"
    },
    {
      "id": "nm1253636",
      "name": "Juli\u00e1n Villagr\u00e1n",
      "character": "Mudo"
    },
    {
      "id": "nm6711313",
      "name": "Juan Fran Ju\u00e1rez",
      "character": "Compa\u00f1ero Oficina"
    },
    {
      "id": "nm1996586",
      "name": "Cynthia Mart\u00edn",
      "character": "Secretaria"
    },
    {
      "id": "nm0251021",
      "name": "Jos\u00e9 \u00c1ngel Egido",
      "character": "Ram\u00f3n"
    },
    {
      "id": "nm1026062",
      "name": "Sebasti\u00e1n Haro",
      "character": "Director Recursos Humanos"
    },
    {
      "id": "nm0022764",
      "name": "Ernesto Alterio",
      "character": "Edu"
    },
    {
      "id": "nm0891572",
      "name": "Enrico Vecchi",
      "character": "Gigi"
    },
    {
      "id": "nm1254805",
      "name": "Manolo Solo",
      "character": "Taxista Bizco"
    },
    {
      "id": "nm1242939",
      "name": "Clara Lago",
      "character": "Mati"
    },
    {
      "id": "nm0845019",
      "name": "Juan Carlos S\u00e1nchez",
      "character": "Abogado 1"
    },
    {
      "id": "nm1986386",
      "name": "Jos\u00e9 Chaves",
      "character": "Abogado 2       (as Jos\u00e9 Chavez)"
    },
    {
      "id": "nm2319506",
      "name": "Pablo Baena",
      "character": "Abogado 3"
    },
    {
      "id": "nm0609363",
      "name": "Juan Motilla",
      "character": "Abogado 4"
    },
    {
      "id": "nm1962541",
      "name": "Joaqu\u00edn N\u00fa\u00f1ez",
      "character": "Adelardo"
    },
    {
      "id": "nm4847927",
      "name": "Carmina Barrios",
      "character": "Tere"
    },
    {
      "id": "nm2187826",
      "name": "Paco Moreno",
      "character": "Bambi"
    },
    {
      "id": "nm2097714",
      "name": "Mari Paz Sayago",
      "character": "Amiga Gabi"
    },
    {
      "id": "nm4291577",
      "name": "Daniel P\u00e9rez",
      "character": "M\u00fasico Orquesta"
    },
    {
      "id": "nm2633796",
      "name": "Andr\u00e9s Iniesta",
      "character": "Futbolista"
    }
  ],
  "overview": "It tells the story of two young friends who must find a way for the president of the company in which they work (and father of one of them) safe return home, and that is enclosed strange circumstances naked in the trunk of his car.",
  "storyline": "The story of a rich man, a group of kidnappers, and two friends and a lawyer who got themselves into a series of unexpected twists and turns to finally answer the question; Who killed Bambi?",
  "plot": null,
  "synopsis": null
}