{
  "imdb_id": "tt2653166",
  "tmdb_id": "139652",
  "douban_id": null,
  "title": "Sofazr: The Movie",
  "genres": [
    "Comedy",
    "Horror"
  ],
  "country": "Malaysia",
  "version": [
    {
      "runtime": "89 min",
      "description": ""
    }
  ],
  "imdb_rating": null,
  "director": [
    {
      "id": "nm5485719",
      "name": "Tauke Raja Lawak"
    }
  ],
  "writer": null,
  "cast": [
    {
      "id": "nm1004978",
      "name": "Saiful Apek",
      "character": "Apong"
    },
    {
      "id": "nm0046245",
      "name": "A.R. Badul",
      "character": "Doktor Bada"
    },
    {
      "id": "nm3035118",
      "name": "Hamid Gurkha",
      "character": "Pak Abu"
    },
    {
      "id": "nm5491377",
      "name": "Tauke Jambu",
      "character": "Remy"
    },
    {
      "id": "nm5375713",
      "name": "Leez Rosli",
      "character": "Wangi       (as Leez AF4)"
    },
    {
      "id": "nm5485000",
      "name": "Jep Sepahtu",
      "character": "Bob"
    },
    {
      "id": "nm5485652",
      "name": "Herman Tino",
      "character": "Wak"
    },
    {
      "id": "nm2702065",
      "name": "Yassin Yahya",
      "character": "Kudin       (as Yassin Senario)"
    },
    {
      "id": "nm0952085",
      "name": "Zulkifli Zain",
      "character": "Doktor Zul"
    }
  ],
  "overview": "Sofazr, a group of musicians from Malaysia star in their very own movie directed by Tauke Raja Lawak dan Isma Af7. The film is a comedy horror about a group of mentally ill patients who are being haunted by a vengeful spirit. But how would they know that it is a real spirit and not a figment of their imaginations? Can they even protect themselves?",
  "storyline": null,
  "plot": null,
  "synopsis": null
}