{
  "imdb_id": "tt2621714",
  "tmdb_id": "171964",
  "douban_id": null,
  "title": "American Vagabond (2013)",
  "genres": [
    "Documentary"
  ],
  "country": "Finland",
  "version": [
    {
      "runtime": "85 min",
      "description": ""
    }
  ],
  "imdb_rating": 6.8,
  "director": [
    {
      "id": "nm0375155",
      "name": "Susanna Helke"
    }
  ],
  "writer": null,
  "cast": [
    {
      "id": "nm6621792",
      "name": "James Temple",
      "character": "Himself"
    },
    {
      "id": "nm6621793",
      "name": "Tyler Johnson",
      "character": "Himself"
    },
    {
      "id": "nm6621794",
      "name": "Sandy Temple",
      "character": "Herself"
    },
    {
      "id": "nm6621795",
      "name": "Jim Temple",
      "character": "Himself"
    },
    {
      "id": "nm6621796",
      "name": "Barbara Temple",
      "character": "Herself"
    },
    {
      "id": "nm6621797",
      "name": "Mason James Horrocks-Mustard",
      "character": "Himself"
    },
    {
      "id": "nm6621798",
      "name": "Vanessa Rochelle Warri",
      "character": "Herself"
    },
    {
      "id": "nm6621799",
      "name": "James Banks",
      "character": "Himself"
    },
    {
      "id": "nm4295372",
      "name": "Kellie Pine",
      "character": "Herself"
    },
    {
      "id": "nm6621800",
      "name": "Samone Marshalek",
      "character": "Herself"
    },
    {
      "id": "nm6621801",
      "name": "Solluna",
      "character": "Himself"
    },
    {
      "id": "nm6621802",
      "name": "Jeffrey Arles",
      "character": "Himself       (as Skyy AKA Jeffrey Arles)"
    },
    {
      "id": "nm6621803",
      "name": "Sonya Carson",
      "character": "Herself"
    },
    {
      "id": "nm6621804",
      "name": "Fernando Angel",
      "character": "Himself       (as Angel AKA Fernando Angel)"
    },
    {
      "id": "nm6621805",
      "name": "Tyler Dietrick",
      "character": "Himself"
    },
    {
      "id": "nm6621806",
      "name": "Paul Latva",
      "character": "Himself"
    },
    {
      "id": "nm6621807",
      "name": "Brandon Brown",
      "character": "Himself"
    },
    {
      "id": "nm6621808",
      "name": "Benedict Respicio",
      "character": "Himself       (as Ben AKA Benedict Respicio)"
    },
    {
      "id": "nm6621809",
      "name": "Stephen Haynes",
      "character": "Himself"
    },
    {
      "id": "nm6621810",
      "name": "Brian Cosgove",
      "character": "Himself"
    },
    {
      "id": "nm6621811",
      "name": "Dennis Ziebe",
      "character": "Himself"
    },
    {
      "id": "nm6621812",
      "name": "Jerry Tyler Deutscher",
      "character": "Himself"
    },
    {
      "id": "nm6621813",
      "name": "Samuel V. Rodriguez",
      "character": "Himself"
    },
    {
      "id": "nm6621814",
      "name": "Bruce Campbell",
      "character": "Himself"
    }
  ],
  "overview": "\u200b\u200bAmerican Vagabond is a documentary film about runaway queer youth living in the shadows of the promised city.",
  "storyline": "American Vagabond is a cinematic feature documentary about gay youth living without a home in the shadows of a promised city. It's a story about a modern Western society in which homosexuality is still so demonized in some communities that some parents are ready to abandon their children over it. One out of every four young people who are coming out to their parents is kicked out of the house. 20 to 40 percent of homeless youth are estimated to belong to sexual minorities in the United States.",
  "plot": null,
  "synopsis": null
}