{
  "imdb_id": "tt2675102",
  "tmdb_id": "50323",
  "douban_id": null,
  "title": "Brown Sugar (2010)",
  "genres": [
    "Drama"
  ],
  "country": "Thailand",
  "version": [
    {
      "runtime": "120 min",
      "description": ""
    }
  ],
  "imdb_rating": 4.3,
  "director": null,
  "writer": null,
  "cast": [
    {
      "id": "nm1924809",
      "name": "Prakasit Bowsuwan",
      "character": ""
    },
    {
      "id": "nm1507391",
      "name": "Lakana Wattanawongsiri",
      "character": ""
    },
    {
      "id": "nm1644309",
      "name": "Pitisak Yaowananon",
      "character": ""
    }
  ],
  "overview": "The Thai film contains 6 short erotic stories of love, greed, wrath, and obsession that blend in various genres like thriller, action, drama, romance and comedy.",
  "storyline": "LOVE FOR PLAY - Teenagers' growing curiosity of numerous issues and sex are the centre of \"Love for Play\", an entertaining, erotic tee-comedy. A teenage girl is home alone, and asks her boyfriend to accompany her for the night. It starts from an innocent conversation about each other's body, to touching and a more revealing game. The girl tempts the boy to play a strip game that could lead to their first sexual encounter... Even though their heaven is not far away, the game doesn't end as expected. This story questions the limit of morals and sexual desire of teenagers that adults never seem to understand.",
  "plot": null,
  "synopsis": null
}