{
  "imdb_id": "tt2767924",
  "tmdb_id": "261877",
  "douban_id": null,
  "title": "The Aunties (TV Movie 2013)",
  "genres": [
    "Family"
  ],
  "country": "Latvia",
  "version": [],
  "imdb_rating": 5.3,
  "director": [
    {
      "id": "nm3519183",
      "name": "Aleksandr Kanonovich"
    }
  ],
  "writer": null,
  "cast": [
    {
      "id": "nm0947236",
      "name": "Mikhail Efremov",
      "character": ""
    },
    {
      "id": "nm3362705",
      "name": "Nikita Efremov",
      "character": ""
    },
    {
      "id": "nm3601983",
      "name": "Nikolay Efremov",
      "character": ""
    },
    {
      "id": "nm0277298",
      "name": "Albert Filozov",
      "character": ""
    },
    {
      "id": "nm0436144",
      "name": "Ivars Kalnins",
      "character": "Boss"
    },
    {
      "id": "nm2948450",
      "name": "Kamil Larin",
      "character": ""
    },
    {
      "id": "nm5524788",
      "name": "Nataliya Levina",
      "character": ""
    },
    {
      "id": "nm0554183",
      "name": "Mirdza Martinsone",
      "character": "Janitor"
    },
    {
      "id": "nm3434048",
      "name": "Igor Pronin",
      "character": "Office owner"
    },
    {
      "id": "nm0748788",
      "name": "Tatyana Rudina",
      "character": ""
    },
    {
      "id": "nm2447227",
      "name": "Yola Sanko",
      "character": ""
    },
    {
      "id": "nm0854368",
      "name": "Valentina Telichkina",
      "character": ""
    },
    {
      "id": "nm0890610",
      "name": "Yekaterina Vasilyeva",
      "character": ""
    }
  ],
  "overview": "The action of the story takes place around the Christmas time, when, as usually, the most unbelievable miracles come to life. The story starts with Maria - future doctor and meanwhile an eager student of medical university, her best friend Lilyka - a colorful and charismatic young lady who is always in search of man of her life, and Maria grandfather, who is her only relative - a kind but deeply sad amateur painter. The heroes live their ordinary lifes with their worries and laughs until at Christmas Eve they receive a phone call... Three Aunties, who named them self as distant relatives, announce their arrival within an hour. With their arrival the story becomes dashing and somehow magical. Moreover, the plot gets twisted with engaging gold diggers, an amorous Navy officer and even an Arab sheikh! This mixture of dynamic plot and outstanding characters played by Russian top-stars create a kind, romantic and extraordinary amusing story!",
  "storyline": "The action of the story takes place around the Christmas time, when, as usually, the most unbelievable miracles come to life. The story starts with Maria - future doctor and meanwhile an eager student of medical university, her best friend Lilyka - a colorful and charismatic young lady who is always in search of man of her life, and Maria grandfather, who is her only relative - a kind but deeply sad amateur painter. The heroes live their ordinary lifes with their worries and laughs until at Christmas Eve they receive a phone call... Three Aunties, who named them self as distant relatives, announce their arrival within an hour. With their arrival the story becomes dashing and somehow magical. Moreover, the plot gets twisted with engaging gold diggers, an amorous Navy officer and even an Arab sheikh! This mixture of dynamic plot and outstanding characters played by Russian top-stars create a kind, romantic and extraordinary amusing story!",
  "plot": null,
  "synopsis": null
}