{
  "imdb_id": "tt2784134",
  "tmdb_id": "335077",
  "douban_id": null,
  "title": "Battle for Skyark (2015)",
  "genres": [
    "Action",
    "Adventure",
    "Fantasy",
    "Sci-Fi",
    "Thriller"
  ],
  "country": "USA",
  "version": [
    {
      "runtime": "88 min",
      "description": ""
    }
  ],
  "imdb_rating": 2.8,
  "director": [
    {
      "id": "nm3937456",
      "name": "Simon Hung"
    }
  ],
  "writer": [
    {
      "id": "nm3937456",
      "name": "Simon Hung",
      "description": null
    },
    {
      "id": "nm5127924",
      "name": "Guy Malim",
      "description": "writer"
    }
  ],
  "cast": [
    {
      "id": "nm2601342",
      "name": "Caon Mortenson",
      "character": "Rags"
    },
    {
      "id": "nm4145209",
      "name": "Garrett Coffey",
      "character": "Rusty"
    },
    {
      "id": "nm7856892",
      "name": "Charlene Tung",
      "character": "Ash"
    },
    {
      "id": "nm3968476",
      "name": "Taylor Coliee",
      "character": "Lily"
    },
    {
      "id": "nm4861846",
      "name": "Riley Jane",
      "character": "Birdie"
    },
    {
      "id": "nm3276594",
      "name": "Luke Davis",
      "character": "Skunk"
    },
    {
      "id": "nm3869524",
      "name": "Chantal Thuy",
      "character": "Dark seeker"
    },
    {
      "id": "nm1830016",
      "name": "Alan Pietruszewski",
      "character": "Sabre"
    },
    {
      "id": "nm4926135",
      "name": "Yoel Bautista",
      "character": "Beezer"
    },
    {
      "id": "nm1167931",
      "name": "Circus-Szalewski",
      "character": "Judge"
    },
    {
      "id": "nm4004295",
      "name": "Jada Facer",
      "character": "Ember"
    },
    {
      "id": "nm3495587",
      "name": "Sean Fitzgerald",
      "character": "Monster       (as William Fitzgerald)"
    },
    {
      "id": "nm5613984",
      "name": "Frederic Jean",
      "character": "Red Scorpion"
    },
    {
      "id": "nm1090483",
      "name": "Greg Lucey",
      "character": "Iron Chef"
    },
    {
      "id": "nm1954940",
      "name": "Monika MarLee",
      "character": "Dark Seeker Twin"
    },
    {
      "id": "nm4240263",
      "name": "Jaden Martin",
      "character": "Spindle"
    },
    {
      "id": "nm5778697",
      "name": "Mike Michaels",
      "character": "Cerberus"
    },
    {
      "id": "nm4557212",
      "name": "Matthew Scott Miller",
      "character": "Can can"
    },
    {
      "id": "nm2910647",
      "name": "Reece Miller",
      "character": "Male Monsters"
    },
    {
      "id": "nm2966172",
      "name": "Lisa Neidhardt",
      "character": "Female Monster"
    },
    {
      "id": "nm5778696",
      "name": "Paul Newman",
      "character": "Bloody Hammer"
    },
    {
      "id": "nm3441325",
      "name": "Marlene Okner",
      "character": "Grieving Banshee"
    },
    {
      "id": "nm4585291",
      "name": "Kyle Pacek",
      "character": "Stand-In"
    }
  ],
  "overview": "In the near future the earth has become desolate and dangerous. Now inhabited by by a mysterious race of creatures, humanity has been forced to find refuge in the SkyArk, a man-made city in the sky. As the population grows, space becomes scarce and only the rich and powerful can stay, dumping the poor and orphaned of SkyArk to the abandoned earth.",
  "storyline": "When a mysterious race of creatures takes over a desolate Earth, humanity must take refuge in SkyArk, the city in the sky. After the rebellion against a corrupt leadership fails, the wealthy doom the rebels' children to live on the ruins of the old Earth. The rebel leader's son, Rags, must lead his fellow exiles against the monsters in order to have a chance to return to SkyArk, but he soon finds that he has a much greater purpose in saving humanity.",
  "plot": null,
  "synopsis": "In the near future the earth has become desolate and dangerous. Taken over by a mysterious race of creatures, humanity has been forced to find refuge in the SkyArk, a man-made city in the sky. But as populations grow, space becomes less and less and only the rich and powerful stay dumping the poor and orphaned of SkyArk to the abandoned earth. An internal uprising begins, but fails costing the leading commander of the uprising to lose his life. His son, Rags, is branded with 13 marks of shame and exiled to earth where he is met with his fellow exiles. There he learns that it was prophesied that the son of the uprising commander with 13 marks would come to save them. Rags must now lead his fellow orphans to safety among the ruins of old earth battling through the horde of monsters to return to SkyArk and bring peace to the people."
}