{
  "imdb_id": "tt2769184",
  "tmdb_id": "299939",
  "douban_id": null,
  "title": "Debug (2014)",
  "genres": [
    "Horror",
    "Sci-Fi"
  ],
  "country": "Canada",
  "version": [
    {
      "runtime": "86 min",
      "description": ""
    }
  ],
  "imdb_rating": 4.3,
  "director": [
    {
      "id": "nm0382110",
      "name": "David Hewlett"
    }
  ],
  "writer": [
    {
      "id": "nm0382110",
      "name": "David Hewlett",
      "description": null
    }
  ],
  "cast": [
    {
      "id": "nm2476500",
      "name": "Tenika Davis",
      "character": "Prisoner"
    },
    {
      "id": "nm0597388",
      "name": "Jason Momoa",
      "character": "I Am"
    },
    {
      "id": "nm0391738",
      "name": "Adrian Holmes",
      "character": "Capra"
    },
    {
      "id": "nm1417654",
      "name": "Kjartan Hewitt",
      "character": "Mel"
    },
    {
      "id": "nm2830921",
      "name": "Kyle Mac",
      "character": "Samson"
    },
    {
      "id": "nm2144240",
      "name": "Jadyn Wong",
      "character": "Diondra"
    },
    {
      "id": "nm4564202",
      "name": "Sidney Leeder",
      "character": "Lara"
    },
    {
      "id": "nm0124666",
      "name": "Adam Butcher",
      "character": "James"
    },
    {
      "id": "nm2332964",
      "name": "Jeananne Goossen",
      "character": "Kaida"
    },
    {
      "id": "nm2194057",
      "name": "Jessica Phillips",
      "character": "Catering Program"
    },
    {
      "id": "nm0363406",
      "name": "Dylan Harman",
      "character": "Nicholas"
    },
    {
      "id": "nm2803252",
      "name": "Allison Brennan",
      "character": "Dispensary Attendant"
    },
    {
      "id": "nm1968664",
      "name": "Kate Hewlett",
      "character": "Accounting Program"
    },
    {
      "id": "nm3195032",
      "name": "Nathaniel Bacon",
      "character": "Environmental Program"
    },
    {
      "id": "nm4321536",
      "name": "Meher Pavri",
      "character": "'Real Feel' Attendant"
    },
    {
      "id": "nm3520506",
      "name": "Alex Mallari Jr.",
      "character": "First Mate"
    }
  ],
  "overview": "Six young computer hackers sent to work on a derelict space freighter, are forced to match wits with a vengeful artificial intelligence that would kill to be human.",
  "storyline": "Six young computer hackers, sent to work on a derelict spaceship, are forced to match wits with a vengeful artificial intelligence that would kill to be human.",
  "plot": null,
  "synopsis": null
}