{
  "imdb_id": "tt2782332",
  "tmdb_id": "224336",
  "douban_id": null,
  "title": "Lion Ark (2013)",
  "genres": [
    "Documentary",
    "Action",
    "Adventure"
  ],
  "country": "USA",
  "version": [
    {
      "runtime": "91 min",
      "description": ""
    }
  ],
  "imdb_rating": 8.9,
  "director": [
    {
      "id": "nm3550258",
      "name": "Tim Phillips"
    }
  ],
  "writer": [
    {
      "id": "nm5581617",
      "name": "Jan Creamer",
      "description": "writer"
    },
    {
      "id": "nm3550258",
      "name": "Tim Phillips",
      "description": "writer"
    }
  ],
  "cast": [
    {
      "id": "nm5581398",
      "name": "Remy Ballivan",
      "character": "Himself"
    },
    {
      "id": "nm0054837",
      "name": "Bob Barker",
      "character": "Himself"
    },
    {
      "id": "nm5580973",
      "name": "Martin Beltran",
      "character": "Himself"
    },
    {
      "id": "nm4624379",
      "name": "Diego Cortes",
      "character": "Himself"
    },
    {
      "id": "nm3627393",
      "name": "Pat Craig",
      "character": "Himself"
    },
    {
      "id": "nm5581617",
      "name": "Jan Creamer",
      "character": "Herself"
    },
    {
      "id": "nm5581863",
      "name": "Jimena Delgadillo",
      "character": "Herself"
    },
    {
      "id": "nm3093672",
      "name": "Pat Derby",
      "character": "Herself"
    },
    {
      "id": "nm5580605",
      "name": "Ximena Flores",
      "character": "Herself"
    },
    {
      "id": "nm0289080",
      "name": "Jorja Fox",
      "character": "Herself"
    },
    {
      "id": "nm0465831",
      "name": "David Kopp",
      "character": "Himself"
    },
    {
      "id": "nm3550258",
      "name": "Tim Phillips",
      "character": "Himself"
    },
    {
      "id": "nm5579945",
      "name": "Pedro Ribera",
      "character": "Himself"
    },
    {
      "id": "nm1869997",
      "name": "Mel Richardson",
      "character": "Himself"
    },
    {
      "id": "nm5579483",
      "name": "Gabriel Rivero",
      "character": "Himself"
    },
    {
      "id": "nm5581219",
      "name": "Ed Stewart",
      "character": "Himself"
    }
  ],
  "overview": "More action adventure than traditional documentary, Lion Ark follows the world's most ambitious and daring animal rescue, with a narrative meticulously compiled from film, interviews, conversations and the reactions of participants as events actually unfold. A shocking undercover investigation leads to a ban on animal circuses in Bolivia. But the circuses defy the law. The team behind the investigation return, track down the illegal circuses and save every animal. The confrontations, heartache and incredible risks the rescue team face are all captured before a joyous finale sees 25 lions airlifted to freedom in Colorado. An uplifting story of bravery, compassion, camaraderie and determination. How a poor but proud country said 'no' to cruelty and how attitudes to animals were changed across an entire continent.",
  "storyline": "More action adventure than traditional documentary, Lion Ark follows the world's most ambitious and daring animal rescue, with a narrative meticulously compiled from film, interviews, conversations and the reactions of participants as events actually unfold. A shocking undercover investigation leads to a ban on animal circuses in Bolivia. But the circuses defy the law. The team behind the investigation return, track down the illegal circuses and save every animal. The confrontations, heartache and incredible risks the rescue team face are all captured before a joyous finale sees 25 lions airlifted to freedom in Colorado. An uplifting story of bravery, compassion, camaraderie and determination. How a poor but proud country said 'no' to cruelty and how attitudes to animals were changed across an entire continent.",
  "plot": null,
  "synopsis": null
}