{
  "imdb_id": "tt2776272",
  "tmdb_id": "87985",
  "douban_id": null,
  "title": "Cigars: The Heart and Soul of Cuba (2011)",
  "genres": null,
  "country": "USA",
  "version": [
    {
      "runtime": "51 min",
      "description": ""
    }
  ],
  "imdb_rating": null,
  "director": [
    {
      "id": "nm0650561",
      "name": "James Orr"
    }
  ],
  "writer": [
    {
      "id": "nm0650561",
      "name": "James Orr",
      "description": null
    }
  ],
  "cast": [
    {
      "id": "nm1904300",
      "name": "James Suckling",
      "character": "Himself"
    }
  ],
  "overview": "Written and directed by James Orr, the 53-minute video chronicles the entire process of Cuban cigar making, from planting to packaging, offering rare, never before seen footage of the facilities where these cigars are produced, and the people who make them. Suckling serves as host of the movie, guiding viewers through this journey across Cuba.  Suckling has been traveling to Cuba regularly since the early 1990s, first as European Editor of Cigar Aficionado magazine, and now with his own website, www.jamessuckling.com. He has visited the tobacco plantations, sorting houses, factories, and cigar shops hundreds of times over two decades, but in \u201cCigars: The Heart And Soul Of Cuba,\u201d he aims to discover why Cuban cigars are the best in the world \u2013 and he does.  The documentary has already garnered much praise from premiering to select audiences in Cuba, Mexico, the United Kingdom, Canada, and China, and is now available for purchase online worldwide.",
  "storyline": "Cuba is the Holy Grail for cigar smokers. \"Cigars: The Heart & Soul of Cuba\" will take you on a journey across the island with acclaimed cigar expert James Suckling to discover why Cuban cigars are the best in the world.",
  "plot": null,
  "synopsis": null
}