{
  "imdb_id": "tt2724236",
  "tmdb_id": "305276",
  "douban_id": null,
  "title": "Tell (2014)",
  "genres": [
    "Action",
    "Crime",
    "Drama"
  ],
  "country": "USA",
  "version": [
    {
      "runtime": "89 min",
      "description": ""
    }
  ],
  "imdb_rating": 5.6,
  "director": [
    {
      "id": "nm3583770",
      "name": "J.M.R. Luna"
    }
  ],
  "writer": [
    {
      "id": "nm0931811",
      "name": "Timothy Williams",
      "description": "written by"
    }
  ],
  "cast": [
    {
      "id": "nm0893257",
      "name": "Milo Ventimiglia",
      "character": "Tell"
    },
    {
      "id": "nm0755267",
      "name": "Katee Sackhoff",
      "character": "Beverly"
    },
    {
      "id": "nm0005134",
      "name": "Jason Lee",
      "character": "Ray"
    },
    {
      "id": "nm0001598",
      "name": "Robert Patrick",
      "character": "Ashton"
    },
    {
      "id": "nm0876138",
      "name": "Alan Tudyk",
      "character": "Morton"
    },
    {
      "id": "nm0383422",
      "name": "John Michael Higgins",
      "character": "Huffman"
    },
    {
      "id": "nm0522324",
      "name": "Faizon Love",
      "character": "Dwight Johnson"
    },
    {
      "id": "nm1386645",
      "name": "Oscar Nu\u00f1ez",
      "character": "Father Jack"
    },
    {
      "id": "nm1399983",
      "name": "Peter Reinert",
      "character": "Malcolm"
    },
    {
      "id": "nm1911063",
      "name": "Monica Young",
      "character": "Stephanie"
    },
    {
      "id": "nm6112886",
      "name": "Joseph O'Neill",
      "character": "Joe"
    },
    {
      "id": "nm6606418",
      "name": "Gage Christopher",
      "character": "William Tell"
    },
    {
      "id": "nm2632918",
      "name": "Frank Drank",
      "character": "Frank"
    },
    {
      "id": "nm5871519",
      "name": "Michael Flores",
      "character": "Inmate"
    },
    {
      "id": "nm3776763",
      "name": "James Peyton",
      "character": "Hotel Man 2"
    },
    {
      "id": "nm6104330",
      "name": "Paul David Roberts",
      "character": "Detective"
    },
    {
      "id": "nm3718477",
      "name": "James Russell",
      "character": "Cop"
    },
    {
      "id": "nm4644303",
      "name": "Kenny Tarr",
      "character": "Bill"
    }
  ],
  "overview": "Ethan Tell is a small time crook who makes a big-time score when he steals 1 million dollars. Ironically, his life radically changes for the worst when he discovers that stealing the money was the easy part and he now must keep his partner, his wife, his parole officer, and two corrupt detectives from stealing it from him.",
  "storyline": "Ethan Tell is a small time crook who makes a big-time score when he steals 1 million dollars. Ironically, his life radically changes for the worse when he discovers that stealing the money was the easy part and he now must keep his partner, his wife, his parole officer, and two corrupt detectives from stealing it from him.",
  "plot": null,
  "synopsis": null
}