{
  "imdb_id": "tt2740684",
  "tmdb_id": "226641",
  "douban_id": null,
  "title": "Hans Dampf (2013)",
  "genres": [
    "Comedy",
    "Music",
    "Romance"
  ],
  "country": "Germany",
  "version": [
    {
      "runtime": "92 min",
      "description": ""
    }
  ],
  "imdb_rating": 7.0,
  "director": [
    {
      "id": "nm1305918",
      "name": "Christian Mrasek"
    },
    {
      "id": "nm1527117",
      "name": "Jukka Schmidt"
    }
  ],
  "writer": [
    {
      "id": "nm1305918",
      "name": "Christian Mrasek",
      "description": "writer"
    },
    {
      "id": "nm1527117",
      "name": "Jukka Schmidt",
      "description": "writer"
    }
  ],
  "cast": [
    {
      "id": "nm5554095",
      "name": "Fabian Backhaus",
      "character": "Hans"
    },
    {
      "id": "nm2257600",
      "name": "C\u00e9cile Marmier",
      "character": "Rose"
    },
    {
      "id": "nm0579882",
      "name": "Mario Mentrup",
      "character": "Django"
    },
    {
      "id": "nm0247949",
      "name": "Jacques Palminger",
      "character": "Giacomeddi"
    },
    {
      "id": "nm1142646",
      "name": "Nina Schwabe",
      "character": "Fee"
    }
  ],
  "overview": null,
  "storyline": "'Nobody can tell you exactly about the meaning of life, but one thing is for sure: It's not being the richest guy on the cemetery.' (Peter Ustinov) HANS DAMPF is a musical Roadmovie Fairytale about wanting and having: We accompany our hero on his quest for luck and love down south and lucky he gets. Bartering his VW-Bus for a Three wheeler, that one for a nice rubber boat and the boat for a bike. He's all out of money when he meets Fee and it looks like they could live happily ever after.",
  "plot": null,
  "synopsis": null
}