{
  "imdb_id": "tt2870406",
  "tmdb_id": "395800",
  "douban_id": null,
  "title": "Fairlane Road (2016)",
  "genres": [
    "Drama",
    "Mystery",
    "Thriller"
  ],
  "country": "USA",
  "version": [
    {
      "runtime": "92 min",
      "description": ""
    }
  ],
  "imdb_rating": 4.4,
  "director": [
    {
      "id": "nm3261816",
      "name": "Gualtiero Negrini"
    }
  ],
  "writer": [
    {
      "id": "nm3261816",
      "name": "Gualtiero Negrini",
      "description": "written by &"
    },
    {
      "id": "nm1253206",
      "name": "Anthony Sherritt",
      "description": "written by"
    }
  ],
  "cast": [
    {
      "id": "nm1253206",
      "name": "Anthony Sherritt",
      "character": "Nick"
    },
    {
      "id": "nm3261816",
      "name": "Gualtiero Negrini",
      "character": "Jack Perry"
    },
    {
      "id": "nm7450886",
      "name": "Lucy Kazarian",
      "character": "The Woman"
    },
    {
      "id": "nm0222570",
      "name": "Bettina Devin",
      "character": "Angie"
    },
    {
      "id": "nm4447262",
      "name": "Kristen Hansen",
      "character": "Sharon"
    },
    {
      "id": "nm5644568",
      "name": "Sophia Marie Negrini",
      "character": "The Girl"
    },
    {
      "id": "nm7444669",
      "name": "Jose Garcia Davis",
      "character": "Tommy"
    },
    {
      "id": "nm3207496",
      "name": "Aurora Rowland-Martinez",
      "character": "Kateri       (as Aurora Martinez)"
    },
    {
      "id": "nm5644542",
      "name": "Jose Diaz",
      "character": "Chuy"
    },
    {
      "id": "nm5644192",
      "name": "Ralph Kasarian",
      "character": "Sancho"
    },
    {
      "id": "nm7429562",
      "name": "Randy Singh",
      "character": "Clerk"
    },
    {
      "id": "nm3980609",
      "name": "Maryn Shaw",
      "character": "Claudia Perry"
    },
    {
      "id": "nm5647183",
      "name": "Charles Negrini",
      "character": "Young Jack"
    },
    {
      "id": "nm7429563",
      "name": "Zolo Spomosa",
      "character": "Sherriff"
    },
    {
      "id": "nm7429564",
      "name": "Ari",
      "character": "Wolf"
    }
  ],
  "overview": "In this paranormal thriller a troubled young man falls prey to a mysterious Native American woman after he arrives in the desert to care for his dying uncle. Terrifying events begin pointing in the direction of a horrible family secret, and Nick ends up finding out more about himself than he ever wanted to know.",
  "storyline": "In this psychological thriller a troubled young man falls prey to a mysterious Native American woman after he arrives in the desert to care for his dying uncle Terrifying events begin pointing in the direction of a horrible family secret, and Nick ends up finding out more about himself than he ever wanted to know",
  "plot": null,
  "synopsis": null
}