{
  "imdb_id": "tt2820226",
  "tmdb_id": "202238",
  "douban_id": null,
  "title": "The Last Call (2013)",
  "genres": [
    "Comedy",
    "Drama"
  ],
  "country": "Mexico",
  "version": [
    {
      "runtime": "92 min",
      "description": ""
    }
  ],
  "imdb_rating": 7.3,
  "director": [
    {
      "id": "nm0290544",
      "name": "Francisco Franco Alba"
    }
  ],
  "writer": [
    {
      "id": "nm0290544",
      "name": "Francisco Franco Alba",
      "description": "writer as Francisco Franco"
    },
    {
      "id": "nm0699168",
      "name": "Mar\u00eda Ren\u00e9e Prudencio",
      "description": "writer"
    }
  ],
  "cast": [
    {
      "id": "nm0022993",
      "name": "Mart\u00edn Altomaro",
      "character": "Adri\u00e1n"
    },
    {
      "id": "nm1766846",
      "name": "Irineo Alvarez",
      "character": ""
    },
    {
      "id": "nm1209192",
      "name": "Mois\u00e9s Arizmendi",
      "character": "\u00d3scar"
    },
    {
      "id": "nm0044430",
      "name": "Irene Azuela",
      "character": "Julia"
    },
    {
      "id": "nm0076309",
      "name": "Maika Bernard",
      "character": ""
    },
    {
      "id": "nm0089761",
      "name": "Ricardo Blume",
      "character": "Eduardo"
    },
    {
      "id": "nm1265291",
      "name": "Alejandra Bogue",
      "character": ""
    },
    {
      "id": "nm0184315",
      "name": "Luis Couturier",
      "character": ""
    },
    {
      "id": "nm2130958",
      "name": "Alfonso Dosal",
      "character": "\u00c1ngel"
    },
    {
      "id": "nm0251158",
      "name": "Julieta Egurrola",
      "character": ""
    },
    {
      "id": "nm1232282",
      "name": "Eduardo Espa\u00f1a",
      "character": "Poquem\u00f3n"
    },
    {
      "id": "nm1985075",
      "name": "Jorge Adri\u00e1n Esp\u00edndola",
      "character": "Parra"
    },
    {
      "id": "nm0274277",
      "name": "Anabel Ferreira",
      "character": "Geo"
    },
    {
      "id": "nm2946712",
      "name": "Kristyan Ferrer",
      "character": "Nachito"
    },
    {
      "id": "nm4004013",
      "name": "Mauricio Garc\u00eda Lozano",
      "character": "Collonier"
    },
    {
      "id": "nm4857036",
      "name": "Victor Garc\u00eda",
      "character": "Chippen"
    },
    {
      "id": "nm6455408",
      "name": "V\u00edctor Garc\u00eda",
      "character": "Chippen"
    },
    {
      "id": "nm0317286",
      "name": "Karina Gidi",
      "character": "Isa"
    },
    {
      "id": "nm0429079",
      "name": "Rebecca Jones",
      "character": "Amanda"
    },
    {
      "id": "nm0525459",
      "name": "Fernando Luj\u00e1n",
      "character": "Fernando"
    },
    {
      "id": "nm0613872",
      "name": "Ana Ofelia Murgu\u00eda",
      "character": ""
    },
    {
      "id": "nm0650495",
      "name": "Regina Orozco",
      "character": ""
    },
    {
      "id": "nm0683831",
      "name": "Silvia Pinal",
      "character": "Delegada"
    },
    {
      "id": "nm0694742",
      "name": "Jorge Poza",
      "character": "Daniel"
    },
    {
      "id": "nm6455418",
      "name": "Sonia Riquer",
      "character": ""
    },
    {
      "id": "nm3892047",
      "name": "Ilse Salas",
      "character": ""
    },
    {
      "id": "nm1482370",
      "name": "Nicolas Sotnikoff",
      "character": ""
    },
    {
      "id": "nm0840762",
      "name": "Cecilia Su\u00e1rez",
      "character": "Adrianita"
    },
    {
      "id": "nm0847799",
      "name": "Ana Claudia Talanc\u00f3n",
      "character": ""
    },
    {
      "id": "nm3901455",
      "name": "Mariana Trevi\u00f1o",
      "character": "Ceci"
    },
    {
      "id": "nm0874249",
      "name": "V\u00edctor Trujillo",
      "character": ""
    },
    {
      "id": "nm0893001",
      "name": "Julieta Venegas",
      "character": ""
    },
    {
      "id": "nm0941281",
      "name": "Paloma Woolrich",
      "character": ""
    }
  ],
  "overview": "Turmoil and tumultuousness become the order of the day when a Mexican theatrical company begins its rehearsals of absurdist philosopher Albert Camus's \"Caligula\" for an influential upcoming international theatre festival.",
  "storyline": "The story of a turbulent theatrical production, a Mexican company rehearse Albert Camus Caligula for an International Festival.",
  "plot": null,
  "synopsis": null
}