{
  "imdb_id": "tt2831474",
  "tmdb_id": "311104",
  "douban_id": null,
  "title": "The Landing (2013)",
  "genres": [
    "Short",
    "Drama",
    "Sci-Fi",
    "Thriller"
  ],
  "country": "Australia",
  "version": [
    {
      "runtime": "18 min",
      "description": ""
    }
  ],
  "imdb_rating": 7.4,
  "director": [
    {
      "id": "nm3069218",
      "name": "Josh Tanner"
    }
  ],
  "writer": [
    {
      "id": "nm3069218",
      "name": "Josh Tanner",
      "description": "writer"
    },
    {
      "id": "nm2014254",
      "name": "Jade Van Der Lei",
      "description": "writer"
    }
  ],
  "cast": [
    {
      "id": "nm1285178",
      "name": "Henry Nixon",
      "character": "Father"
    },
    {
      "id": "nm0730993",
      "name": "David Roberts",
      "character": "Edward"
    },
    {
      "id": "nm3489906",
      "name": "Tom Usher",
      "character": "Young Edward"
    },
    {
      "id": "nm4811655",
      "name": "James Kearney",
      "character": "Newscaster"
    },
    {
      "id": "nm1433654",
      "name": "Kevin Delaney",
      "character": "Radio Presenter       (voice)"
    },
    {
      "id": "nm0446333",
      "name": "Desmond Kelly",
      "character": "Old Father"
    },
    {
      "id": "nm5885592",
      "name": "Patsy Terrell",
      "character": "911 Dispatcher       (voice)"
    }
  ],
  "overview": "A man returns to the Midwestern farm of his childhood on a desperate mission to unearth the horrifying truth of what landed there in the summer of 1960.",
  "storyline": "A man returns to the Midwestern farm of his childhood on a desperate mission to unearth the horrifying truth of what landed there in the summer of 1960.",
  "plot": "A bandleader, Duke Sargent, and his manager Jimmy Hall are flying from New York to Paris when they must make a forced landing in Norway. A misunderstanding results in local girl Trudy Ericksen being romantically committed to Duke, but he has Flo Kelly waiting for him back in New York and slips away.\n\nTrudy follows him to New York, but ends up in Central Park on a skating date with Jimmy and soon is signed up as the star of a big-city ice revue.",
  "synopsis": null
}