{
  "imdb_id": "tt2826634",
  "tmdb_id": "234903",
  "douban_id": null,
  "title": "Encontrados en NYC (2013)",
  "genres": [
    "Comedy",
    "Drama",
    "Romance"
  ],
  "country": "USA",
  "version": [
    {
      "runtime": "104 min",
      "description": ""
    }
  ],
  "imdb_rating": 6.5,
  "director": [
    {
      "id": "nm1988314",
      "name": "Daniel Zarandieta"
    }
  ],
  "writer": [
    {
      "id": "nm1988314",
      "name": "Daniel Zarandieta",
      "description": "writer"
    }
  ],
  "cast": [
    {
      "id": "nm5422400",
      "name": "H\u00e9ctor Gonz\u00e1lez",
      "character": "Rai"
    },
    {
      "id": "nm1432563",
      "name": "Tappy",
      "character": "Milio"
    },
    {
      "id": "nm4902111",
      "name": "\u00d3scar Ib\u00e1\u00f1ez",
      "character": "Selu"
    },
    {
      "id": "nm4462335",
      "name": "Sally Greenland",
      "character": "Zoe"
    },
    {
      "id": "nm1824877",
      "name": "Andrea Dueso",
      "character": "Andy"
    },
    {
      "id": "nm0616488",
      "name": "Pep Mu\u00f1oz",
      "character": "Pep"
    },
    {
      "id": "nm0033413",
      "name": "Teresa Arbol\u00ed",
      "character": "Madre de Milio"
    },
    {
      "id": "nm5105055",
      "name": "Ver\u00f3nica Espiga",
      "character": "Chica Selu"
    },
    {
      "id": "nm5614778",
      "name": "Mel Ortiz",
      "character": "Tipo de las pastillas"
    },
    {
      "id": "nm5630540",
      "name": "Stevie Raydar",
      "character": "Chico de la guitarra"
    },
    {
      "id": "nm3954216",
      "name": "Patrick Shane",
      "character": "Tipo con gafas"
    },
    {
      "id": "nm5632134",
      "name": "Ana Simon de Miguel",
      "character": "Anna"
    },
    {
      "id": "nm2943816",
      "name": "Karola S\u00e1nchez",
      "character": "Chica en Columbia"
    }
  ],
  "overview": null,
  "storyline": "Three friends in their early thirties. Tired of their meaningless life in Seville, in a strange set of events, they end up traveling two days to NYC where they will discover the city and, more important, themselves.",
  "plot": null,
  "synopsis": null
}