{
  "imdb_id": "tt2857500",
  "tmdb_id": "247472",
  "douban_id": null,
  "title": "Saare Jahaan Se Mehnga... (2013)",
  "genres": [
    "Comedy",
    "Drama"
  ],
  "country": "India",
  "version": [
    {
      "runtime": "120 min",
      "description": ""
    }
  ],
  "imdb_rating": 7.2,
  "director": [
    {
      "id": "nm2395487",
      "name": "Anshul Sharma"
    }
  ],
  "writer": [
    {
      "id": "nm5638747",
      "name": "Vijay Manral",
      "description": "co-writer"
    },
    {
      "id": "nm4211915",
      "name": "Roopesh Thapliyal",
      "description": "writer"
    },
    {
      "id": "nm5638174",
      "name": "Rupesh Thapliyal",
      "description": null
    }
  ],
  "cast": [
    {
      "id": "nm1584129",
      "name": "Vishwa Mohan Badola",
      "character": "(as Vishwa S. Badola)"
    },
    {
      "id": "nm6082589",
      "name": "Ranjan Chhabra",
      "character": ""
    },
    {
      "id": "nm1664541",
      "name": "Zakir Hussain",
      "character": "Loan Inspector"
    },
    {
      "id": "nm0592799",
      "name": "Sanjay Mishra",
      "character": ""
    },
    {
      "id": "nm0659162",
      "name": "Sitaram Panchal",
      "character": ""
    },
    {
      "id": "nm3766193",
      "name": "Disha Pandey",
      "character": "Suman"
    },
    {
      "id": "nm5637587",
      "name": "Pragati Pandey",
      "character": "Noorie"
    },
    {
      "id": "nm1221483",
      "name": "Pramod Pathak",
      "character": ""
    }
  ],
  "overview": "A satire on inflation-hit middle-class Indian family from a small city in North India. The story revolves around our protagonist who is struggling to survive in this spiraling inflation and how he comes up with a solution to battle it, only to find himself in an even bigger mess due to their innocence and naivety.",
  "storyline": "A satire on inflation-hit middle-class Indian family from a small city in North India. The story revolves around our protagonist who is struggling to survive in this spiraling inflation and how he comes up with a solution to battle it, only to find himself in an even bigger mess due to their innocence and naivety. The story is laced with undertones of sociopolitical issues as well traditions that reflects struggle of the 'average' man, while entertaining that makes you laugh ( and cry) at yourself and the situations that one faces on a daily basis.",
  "plot": null,
  "synopsis": null
}