{
  "imdb_id": "tt2846938",
  "tmdb_id": "350362",
  "douban_id": null,
  "title": "Me and My Mates vs. The Zombie Apocalypse (2015)",
  "genres": [
    "Comedy",
    "Horror"
  ],
  "country": "Australia",
  "version": [
    {
      "runtime": "90 min",
      "description": ""
    }
  ],
  "imdb_rating": 4.9,
  "director": [
    {
      "id": "nm5630130",
      "name": "Declan Shrubb"
    }
  ],
  "writer": [
    {
      "id": "nm5630130",
      "name": "Declan Shrubb",
      "description": "written by"
    }
  ],
  "cast": [
    {
      "id": "nm1812944",
      "name": "Jim Jefferies",
      "character": "Joel"
    },
    {
      "id": "nm3802774",
      "name": "Adele Vuko",
      "character": "Emma"
    },
    {
      "id": "nm3073087",
      "name": "Andy Trieu",
      "character": "Lachlan"
    },
    {
      "id": "nm4394971",
      "name": "Alex Williamson",
      "character": "Darryl"
    },
    {
      "id": "nm5105615",
      "name": "Brendan Kelly",
      "character": "Screwdriver Zombie"
    },
    {
      "id": "nm0281423",
      "name": "Greg Fleet",
      "character": "Roy"
    },
    {
      "id": "nm5400081",
      "name": "Naomi Turvey",
      "character": "Athletic Girl Zombie       (as Naomi Gibbins)"
    },
    {
      "id": "nm4292667",
      "name": "Jackie Murray",
      "character": "Roy's Wife"
    },
    {
      "id": "nm5463979",
      "name": "Matt Popp",
      "character": "Ryan       (as Matthew Popp)"
    },
    {
      "id": "nm4679139",
      "name": "Jim Punnett",
      "character": "Junior Soldier       (as Jim Lee Punnett)"
    },
    {
      "id": "nm2087615",
      "name": "Max Mackinnon",
      "character": "Soldier"
    },
    {
      "id": "nm7450063",
      "name": "Shannon Bunfield",
      "character": "Office Worker Zombie"
    },
    {
      "id": "nm7549847",
      "name": "Matt Leonard",
      "character": "Zombie Extra"
    },
    {
      "id": "nm6444177",
      "name": "Adam Spicer",
      "character": "Ugly Zombie"
    },
    {
      "id": "nm7362508",
      "name": "Brad Dorrington",
      "character": "Zombie Extra"
    },
    {
      "id": "nm7042312",
      "name": "Ryan Obstoy",
      "character": "Metalhead Zombie #2"
    },
    {
      "id": "nm7167953",
      "name": "Michael Naim",
      "character": "Zombie Extra"
    },
    {
      "id": "nm7450064",
      "name": "Glen Bunfield",
      "character": "Office Worker Zombie"
    },
    {
      "id": "nm4420314",
      "name": "Dorothy Kocsi",
      "character": "Hysterical Towel Girl"
    },
    {
      "id": "nm7042311",
      "name": "Rob Volant",
      "character": "Metalhead Zombie #1"
    },
    {
      "id": "nm6290816",
      "name": "Patrick Phaiyakounh",
      "character": "Zombie"
    },
    {
      "id": "nm6528055",
      "name": "Simon Kiker",
      "character": "Beheaded Zombie"
    },
    {
      "id": "nm7362509",
      "name": "Brendan Farrugia",
      "character": "Zombie Extra"
    },
    {
      "id": "nm7598563",
      "name": "Mindy Hughes",
      "character": "Tunnel Zombie"
    },
    {
      "id": "nm6528057",
      "name": "Ryan Croft",
      "character": "Neck Gash Zombie"
    },
    {
      "id": "nm7549846",
      "name": "Leland Neville",
      "character": "Zombie Extra"
    },
    {
      "id": "nm6528056",
      "name": "Lynelle O'Flaherty",
      "character": "Neck Gash Zombie"
    },
    {
      "id": "nm6528054",
      "name": "Oliver Durbidge",
      "character": "Cyclist Zombie"
    },
    {
      "id": "nm6528058",
      "name": "Peter Lewry",
      "character": "Lawn Mower Zombie"
    }
  ],
  "overview": "Three Australian telecom tradesman find themselves trapped in a telephone exchange during the onset of a zombie apocalypse.",
  "storyline": "Three Australian telecom tradesman find themselves trapped in a telephone exchange during the onset of a zombie apocalypse.",
  "plot": null,
  "synopsis": null
}