{
  "imdb_id": "tt2853396",
  "tmdb_id": "218811",
  "douban_id": null,
  "title": "Ponmaalai Pozhudhu (2013)",
  "genres": [
    "Romance"
  ],
  "country": "India",
  "version": [],
  "imdb_rating": 4.4,
  "director": [
    {
      "id": "nm5638792",
      "name": "Durai"
    }
  ],
  "writer": [
    {
      "id": "nm5638792",
      "name": "Durai",
      "description": null
    }
  ],
  "cast": [
    {
      "id": "nm6442104",
      "name": "Aadhav Kannadasan",
      "character": "Arjun"
    },
    {
      "id": "nm5408141",
      "name": "Gayathrie",
      "character": "Divya"
    },
    {
      "id": "nm3132784",
      "name": "Kishore Kumar G.",
      "character": "Father       (as Kishore)"
    },
    {
      "id": "nm3612256",
      "name": "Anupama Kumar",
      "character": ""
    },
    {
      "id": "nm4725798",
      "name": "Aruldoss",
      "character": "(as Arul Das)"
    },
    {
      "id": "nm6484964",
      "name": "Safeena Abid",
      "character": ""
    },
    {
      "id": "nm6484965",
      "name": "Ananth Ram",
      "character": ""
    },
    {
      "id": "nm6484966",
      "name": "Rahul",
      "character": ""
    }
  ],
  "overview": "Classmates Arjun and Divya fall in love out of defiance to her father's handling of their friendship. With fathers who are polar opposites, will this romance end in smiles or tears?",
  "storyline": null,
  "plot": null,
  "synopsis": null
}