{
  "imdb_id": "tt2948840",
  "tmdb_id": "300153",
  "douban_id": "25720154",
  "title": "Life (2015)",
  "genres": [
    "Biography",
    "Drama"
  ],
  "country": "UK",
  "version": [
    {
      "runtime": "111 min",
      "description": ""
    }
  ],
  "imdb_rating": 6.1,
  "director": [
    {
      "id": "nm0179221",
      "name": "Anton Corbijn"
    }
  ],
  "writer": [
    {
      "id": "nm1729294",
      "name": "Luke Davies",
      "description": "screenplay"
    }
  ],
  "cast": [
    {
      "id": "nm1500155",
      "name": "Robert Pattinson",
      "character": "Dennis Stock"
    },
    {
      "id": "nm0524255",
      "name": "Peter Lucas",
      "character": "Nicholas Ray"
    },
    {
      "id": "nm3418305",
      "name": "Lauren Gallagher",
      "character": "Natalie Wood"
    },
    {
      "id": "nm2488120",
      "name": "Kendal Rae",
      "character": "Messy Actress"
    },
    {
      "id": "nm6370546",
      "name": "Drew Leger",
      "character": "Boyfriend"
    },
    {
      "id": "nm2851530",
      "name": "Dane DeHaan",
      "character": "James Dean"
    },
    {
      "id": "nm1616937",
      "name": "Alessandra Mastronardi",
      "character": "Pier Angeli"
    },
    {
      "id": "nm0085976",
      "name": "John Blackwood",
      "character": "Raymond Massey"
    },
    {
      "id": "nm0088379",
      "name": "Jason Blicker",
      "character": "Journalist"
    },
    {
      "id": "nm0403570",
      "name": "Emily Hurson",
      "character": "Publicity Trooper"
    },
    {
      "id": "nm2106870",
      "name": "Kristian Bruun",
      "character": "Roger"
    },
    {
      "id": "nm0249291",
      "name": "Joel Edgerton",
      "character": "John Morris"
    },
    {
      "id": "nm5889979",
      "name": "Emma Pedersen",
      "character": "John Morris' Secretary"
    },
    {
      "id": "nm0773609",
      "name": "Stella Schnabel",
      "character": "Norma"
    },
    {
      "id": "nm2803252",
      "name": "Allison Brennan",
      "character": "Jack Warner's Assistant"
    },
    {
      "id": "nm0001426",
      "name": "Ben Kingsley",
      "character": "Jack Warner"
    },
    {
      "id": "nm0371190",
      "name": "Philip Maurice Hayes",
      "character": "Marshall (ASIB)"
    },
    {
      "id": "nm0665485",
      "name": "David Ross Paterson",
      "character": "Premiere Driver"
    },
    {
      "id": "nm2325861",
      "name": "Mark James Fernandes",
      "character": "Photographer #1"
    },
    {
      "id": "nm0572659",
      "name": "Stuart McLean",
      "character": "Photographer #2       (as Stuart Mclean)"
    },
    {
      "id": "nm0179221",
      "name": "Anton Corbijn",
      "character": "Premiere Photographer"
    },
    {
      "id": "nm0801700",
      "name": "Paulette Sinclair",
      "character": "Building Manageress"
    },
    {
      "id": "nm5385972",
      "name": "Jack Fulton",
      "character": "Rodney"
    },
    {
      "id": "nm7549534",
      "name": "Salvatore Argante",
      "character": "Barber"
    },
    {
      "id": "nm0857576",
      "name": "Michael Therriault",
      "character": "Elia Kazan"
    },
    {
      "id": "nm6660846",
      "name": "Caitlin Stewart",
      "character": "Julie Harris"
    },
    {
      "id": "nm0847900",
      "name": "David Talbot",
      "character": "Reporter #1"
    },
    {
      "id": "nm2258224",
      "name": "Jimi Shlag",
      "character": "Reporter #2"
    },
    {
      "id": "nm0192056",
      "name": "Steve Cumyn",
      "character": "Reporter #3"
    },
    {
      "id": "nm7549535",
      "name": "Nicholas Rice",
      "character": "Lee Strasberg"
    },
    {
      "id": "nm1982266",
      "name": "Kristen Hager",
      "character": "Veronica"
    },
    {
      "id": "nm3705425",
      "name": "Julian DeZotti",
      "character": "Male Actor       (as Julian Dezotti)"
    },
    {
      "id": "nm3171365",
      "name": "Jessica Rose",
      "character": "Carol"
    },
    {
      "id": "nm3691741",
      "name": "Kelly McCreary",
      "character": "Eartha Kitt       (as Kelly Mccreary)"
    },
    {
      "id": "nm5931802",
      "name": "Rebecca Roberts",
      "character": "Bar Girl       (as Rebecca Eady)"
    },
    {
      "id": "nm1495124",
      "name": "Dwight Ireland",
      "character": "Waiter"
    },
    {
      "id": "nm0925406",
      "name": "Ron White",
      "character": "Uncle Marcus"
    },
    {
      "id": "nm5744259",
      "name": "Kasey Lea",
      "character": "Markie"
    },
    {
      "id": "nm0186763",
      "name": "Eve Crawford",
      "character": "Aunt Ortense"
    },
    {
      "id": "nm0329876",
      "name": "Barbara Gordon",
      "character": "Grandma Dean"
    },
    {
      "id": "nm0237389",
      "name": "Reg Dreger",
      "character": "Grandpa Dean"
    },
    {
      "id": "nm0423627",
      "name": "Stephen Joffe",
      "character": "Senior Boy"
    },
    {
      "id": "nm2970078",
      "name": "Jessica Clement",
      "character": "Senior Girl"
    },
    {
      "id": "nm2741235",
      "name": "Sara Waisglass",
      "character": "High School Hop Girl"
    },
    {
      "id": "nm0127705",
      "name": "Adam Cabral",
      "character": "High School Hop Boy"
    },
    {
      "id": "nm0579102",
      "name": "Gerry Mendicino",
      "character": "Tailor"
    },
    {
      "id": "nm0729953",
      "name": "Renato Rizzuti",
      "character": "Cab Driver"
    },
    {
      "id": "nm4230623",
      "name": "Andy Trithardt",
      "character": "Reporter"
    },
    {
      "id": "nm0748634",
      "name": "Juno Rinaldi",
      "character": "Mother"
    },
    {
      "id": "nm7549536",
      "name": "Jake January Rinaldi",
      "character": "Son"
    }
  ],
  "overview": "In 1955, young photographer Dennis Stock develops a close bond with actor James Dean while shooting pictures of the rising Hollywood star.",
  "storyline": "This movie chronicles the story behind the 1955 LIFE Magazine photo thread by Dennis Stock of then-rising star, James Dean, and gives us an inside look at some of Hollywood's most iconic images and into the life of a gifted, but troubled man.",
  "plot": null,
  "synopsis": null
}