{
  "imdb_id": "tt2962876",
  "tmdb_id": "228108",
  "douban_id": null,
  "title": "The Road Within (2014)",
  "genres": [
    "Comedy",
    "Drama"
  ],
  "country": "USA",
  "version": [
    {
      "runtime": "100 min",
      "description": ""
    }
  ],
  "imdb_rating": 7.1,
  "director": [
    {
      "id": "nm0920227",
      "name": "Gren Wells"
    }
  ],
  "writer": [
    {
      "id": "nm1164552",
      "name": "Florian David Fitz",
      "description": "based on an original screenplay by"
    },
    {
      "id": "nm0920227",
      "name": "Gren Wells",
      "description": "writer"
    }
  ],
  "cast": [
    {
      "id": "nm2368789",
      "name": "Zo\u00eb Kravitz",
      "character": "Marie"
    },
    {
      "id": "nm1588066",
      "name": "Robert Sheehan",
      "character": "Vincent"
    },
    {
      "id": "nm2353862",
      "name": "Dev Patel",
      "character": "Alex"
    },
    {
      "id": "nm0001598",
      "name": "Robert Patrick",
      "character": "Robert"
    },
    {
      "id": "nm0001718",
      "name": "Kyra Sedgwick",
      "character": "Dr. Mia Rose"
    },
    {
      "id": "nm0385029",
      "name": "Ali Hillis",
      "character": "Monica"
    },
    {
      "id": "nm0881161",
      "name": "Joe Unger",
      "character": ""
    },
    {
      "id": "nm0726164",
      "name": "Matt Riedy",
      "character": "Cop"
    },
    {
      "id": "nm5573477",
      "name": "Cooper Roth",
      "character": "Boy"
    },
    {
      "id": "nm0303010",
      "name": "Bradley Gallo",
      "character": "Patient"
    },
    {
      "id": "nm0303088",
      "name": "Ross Gallo",
      "character": "Therapist"
    },
    {
      "id": "nm0558426",
      "name": "Eric Matheny",
      "character": "Matt"
    },
    {
      "id": "nm3297659",
      "name": "Yanna Fabian",
      "character": "Nurse"
    },
    {
      "id": "nm2124126",
      "name": "Louisa Kendrick",
      "character": "Nurse"
    },
    {
      "id": "nm1405711",
      "name": "Alejandro Romero",
      "character": "Subway Kid"
    },
    {
      "id": "nm3751168",
      "name": "Jayce Dempsey",
      "character": "Kid #1"
    }
  ],
  "overview": "A young man with Tourette's Syndrome embarks on a road trip with his recently-deceased mother's ashes.",
  "storyline": "The Road Within is about Vincent, a young man suffering from Tourette Syndrome. His mother dies so his estranged father, Robert, is forced to step in. However, Robert's running for political office and doesn't want his son on the campaign trail - so Robert puts Vincent in a clinic that's run by the unconventional Dr. Mia Rose. Once there, Vincent falls in love with an anorexic woman named Marie. Together, they steal Dr. Rose's car, and end up having to kidnap his OCD roommate, Alex, when he threatens to tell on them. With Robert and Dr. Rose in hot pursuit, Vincent, Marie and Alex go on a life changing road trip to deliver the ashes of his mother to the ocean.",
  "plot": null,
  "synopsis": null
}