{
  "imdb_id": "tt2965412",
  "tmdb_id": "276908",
  "douban_id": null,
  "title": "Comet (2014)",
  "genres": [
    "Comedy",
    "Drama",
    "Romance",
    "Sci-Fi"
  ],
  "country": "USA",
  "version": [
    {
      "runtime": "91 min",
      "description": ""
    }
  ],
  "imdb_rating": 6.7,
  "director": [
    {
      "id": "nm1322753",
      "name": "Sam Esmail"
    }
  ],
  "writer": [
    {
      "id": "nm1322753",
      "name": "Sam Esmail",
      "description": "writer"
    }
  ],
  "cast": [
    {
      "id": "nm0519043",
      "name": "Justin Long",
      "character": "Dell"
    },
    {
      "id": "nm5236664",
      "name": "Kayla Servi",
      "character": "Stephanie"
    },
    {
      "id": "nm0935721",
      "name": "Eric Winter",
      "character": "Josh"
    },
    {
      "id": "nm0002536",
      "name": "Emmy Rossum",
      "character": "Kimberly"
    },
    {
      "id": "nm6954206",
      "name": "Ben Scott",
      "character": "Stunt driver"
    },
    {
      "id": "nm0064187",
      "name": "Lou Beatty Jr.",
      "character": "Conductor"
    },
    {
      "id": "nm1383359",
      "name": "Ben Pace",
      "character": "Bartender"
    },
    {
      "id": "nm5879604",
      "name": "Nicole Lucas",
      "character": "Waitress"
    },
    {
      "id": "nm1635034",
      "name": "Connie Jackson",
      "character": "Nurse"
    }
  ],
  "overview": "When a chance encounter brings together the cynical Dell and the quick-witted Kimberly, the stage is set for a tempestuous love affair that unfolds like a puzzle. As the film zigzags back and forth in time-from a meteor shower in LA, to an encounter in a Paris hotel room, to a fateful phone call-an unforgettable portrait of a relationship emerges.",
  "storyline": "Justin Long and Emmy Rossum are star-crossed lovers whose relationship blooms and unravels over the course of six years in this mysterious, dazzlingly original romance. When a chance encounter brings together the cynical Dell (Long) and the quick-witted Kimberly (Rossum), the stage is set for a tempestuous love affair that unfolds like a puzzle. As the film zigzags back and forth in time-from a meteor shower in LA, to an encounter in a Paris hotel room, to a fateful phone call-an unforgettable portrait of a relationship emerges. Sumptuously shot and boasting incredible chemistry between the leads, Comet is a one-of-a-kind cosmic love story.",
  "plot": null,
  "synopsis": null
}