{
  "imdb_id": "tt2973940",
  "tmdb_id": "279255",
  "douban_id": null,
  "title": "L'ange gardien (2014)",
  "genres": [
    "Drama"
  ],
  "country": "Canada",
  "version": [
    {
      "runtime": "95 min",
      "description": ""
    }
  ],
  "imdb_rating": 7.3,
  "director": [
    {
      "id": "nm0520441",
      "name": "Jean-S\u00e9bastien Lord"
    }
  ],
  "writer": [
    {
      "id": "nm0520441",
      "name": "Jean-S\u00e9bastien Lord",
      "description": "writer"
    }
  ],
  "cast": [
    {
      "id": "nm0618960",
      "name": "Guy Nadon",
      "character": "Normand"
    },
    {
      "id": "nm4411601",
      "name": "Marilyn Castonguay",
      "character": "Nathalie"
    },
    {
      "id": "nm0387012",
      "name": "Patrick Hivon",
      "character": "Guylain"
    },
    {
      "id": "nm0494270",
      "name": "V\u00e9ronique Le Flaguais",
      "character": "Monique"
    },
    {
      "id": "nm0682631",
      "name": "Fr\u00e9d\u00e9ric Pierre",
      "character": "Karl"
    },
    {
      "id": "nm4996282",
      "name": "Shanti Corbeil-Gauvreau",
      "character": "Coralie"
    },
    {
      "id": "nm1209267",
      "name": "Sebastien Beaulac",
      "character": "Doorman"
    }
  ],
  "overview": "Normand, a retired policeman, works in a building as a night guard. One evening, he surprises Nathalie and Guylain in the middle of a robbery and, following a chase around the building, they manage to escape. Strangely, Nathalie comes to visit Normand a few weeks later, looking for refuge. An unusual relationship develops between the two and they discover that their lives are not at all what they seemed.",
  "storyline": "Norman, a retired police officer, works as a night security guard in a building. One evening, he surprised Nathalie and Guylain committing a robbery and, after a chase in the building, they manage to escape. Curiously, Nathalie returns to visit Normand a few weeks later asking him for refuge. A special relationship between the two develops and changes the course of their lives...",
  "plot": null,
  "synopsis": null
}