{
  "imdb_id": "tt2962902",
  "tmdb_id": "185395",
  "douban_id": null,
  "title": "\u00c0 La Poursuite Du Bonheur Tour",
  "genres": [
    "Music"
  ],
  "country": "France",
  "version": [],
  "imdb_rating": null,
  "director": null,
  "writer": null,
  "cast": null,
  "overview": "\u00c0 la poursuite du bonheur Tour - Live \u00e0 Bercy sometimes abbreviated as ALPDBT is a live album by French singer M. Pokora and a surprising number one for any live album at the top of the SNEP French albums chart. The tour was based mostly on M. Pokora's most recent album \u00c0 la poursuite du bonheur that had made it to number 2 on the French Albums Chart.",
  "storyline": null,
  "plot": null,
  "synopsis": null
}