{
  "imdb_id": "tt2988490",
  "tmdb_id": "273598",
  "douban_id": null,
  "title": "Road to your Heart (2014)",
  "genres": [
    "Adventure",
    "Romance"
  ],
  "country": "South Africa",
  "version": [
    {
      "runtime": "112 min",
      "description": ""
    }
  ],
  "imdb_rating": 6.7,
  "director": [
    {
      "id": "nm3351491",
      "name": "Jaco Smit"
    }
  ],
  "writer": [
    {
      "id": "nm6505511",
      "name": "Beer Adriaanse",
      "description": "contributing writer"
    },
    {
      "id": "nm2712811",
      "name": "Ivan Botha",
      "description": null
    },
    {
      "id": "nm5724097",
      "name": "DonnaLee Roberts",
      "description": "writer"
    },
    {
      "id": "nm3351491",
      "name": "Jaco Smit",
      "description": "contributing writer"
    }
  ],
  "cast": [
    {
      "id": "nm2712811",
      "name": "Ivan Botha",
      "character": "Basson van Rensburg Jnr"
    },
    {
      "id": "nm5724097",
      "name": "DonnaLee Roberts",
      "character": "Amory"
    },
    {
      "id": "nm0923366",
      "name": "Marius Weyers",
      "character": "Basson van Rensburg Snr"
    },
    {
      "id": "nm3169697",
      "name": "Franci Swanepoel",
      "character": "Gerda"
    },
    {
      "id": "nm0215261",
      "name": "Anton Dekker",
      "character": "Andr\u00e9"
    },
    {
      "id": "nm3107870",
      "name": "David James",
      "character": "Hein"
    },
    {
      "id": "nm0808964",
      "name": "Kevin Smith",
      "character": "Dr. Scholtz"
    },
    {
      "id": "nm5736228",
      "name": "Boikie Pholo",
      "character": "Thomas Ndlovu"
    },
    {
      "id": "nm6557760",
      "name": "Tshiamo Molobi",
      "character": "Lucky"
    },
    {
      "id": "nm5170557",
      "name": "Wim Beukes",
      "character": "Basie van Rensburg"
    },
    {
      "id": "nm1433138",
      "name": "H\u00e9l\u00e8ne Truter",
      "character": "Magriet van Rensburg       (as Helene Truter)"
    },
    {
      "id": "nm5669363",
      "name": "Francois Jacobs",
      "character": "Hendrik van Rensburg"
    },
    {
      "id": "nm3597310",
      "name": "Solomon Cupido",
      "character": "Pietie van Rensburg"
    },
    {
      "id": "nm0887063",
      "name": "Marcel van Heerden",
      "character": "Dawn"
    },
    {
      "id": "nm6557761",
      "name": "Carmin Coetzer",
      "character": "Lennon"
    },
    {
      "id": "nm4970972",
      "name": "Johan Botha",
      "character": "Oupa Jan"
    },
    {
      "id": "nm0098503",
      "name": "Lida Botha",
      "character": "Ouma Poppie"
    },
    {
      "id": "nm1597293",
      "name": "Rina Nienaber",
      "character": "Matron"
    },
    {
      "id": "nm5720861",
      "name": "Bouwer Bosch",
      "character": "DJ Weetbix"
    },
    {
      "id": "nm4145580",
      "name": "Eddie de Jager",
      "character": "Phillip"
    },
    {
      "id": "nm4630687",
      "name": "Jaco Muller",
      "character": "Janis"
    },
    {
      "id": "nm4248027",
      "name": "Marlee van der Merwe",
      "character": "Sexy barmaid"
    },
    {
      "id": "nm3067264",
      "name": "Lelia Etsebeth",
      "character": "Heidi"
    },
    {
      "id": "nm3647086",
      "name": "Johan Scholtz",
      "character": "Herman de Lange"
    },
    {
      "id": "nm2146701",
      "name": "Francois Coetzee",
      "character": "Budget assistant"
    },
    {
      "id": "nm6557762",
      "name": "Arthur Zitha",
      "character": "Janneman"
    }
  ],
  "overview": "Basson has five days to make it to his father's funeral in Cape Town, but needs to complete certain tasks on this trip before he can call the family company his own. On the road he meets free-spirited bohemian girl, Amory. As they journey across the breathtaking landscape of South Africa, they meet wonderful characters that allow for hilarious moments and life-changing experiences. Their trip takes a sudden turn for the worst when a villainous figure makes an appearance. Basson and Amory are faced with disappointment and heartache. On the road called life, it is inevitable that you will take some wrong turns. But no matter how hard the road might be, on route to true love is where you will find your true north.",
  "storyline": "Basson has five days to make it to his father's funeral in Cape Town, but needs to complete certain tasks on this trip before he can call the family company his own. On the road he meets free-spirited bohemian girl, Amory. As they journey across the breathtaking landscape of South Africa, they meet wonderful characters that allow for hilarious moments and life-changing experiences. Their trip takes a sudden turn for the worst when a villainous figure makes an appearance. Basson and Amory are faced with disappointment and heartache. On the road called life, it is inevitable that you will take some wrong turns. But no matter how hard the road might be, on route to true love is where you will find your true north.",
  "plot": "Stars Judy Garland as Dorothy Gale and Terry The Dog, as TotoMargaret Hamilton as The Wicked Witch of the West with Dorothy Gale\nThe film begins in Kansas, which is depicted in a sepia tone. Dorothy Gale lives with her dog Toto on the farm of her Aunt Em and Uncle Henry. Dorothy's dog gets in trouble with a mean neighbor, Miss Almira Gulch, when Toto bites her. However, Dorothy's family and the farmhands are all too busy to pay attention to her. Miss Gulch arrives with permission from the sheriff to have Toto euthanized. She takes him away, but he escapes and returns to Dorothy, who then decides to run away from home, fearing that Gulch will return.\n\nThey meet Professor Marvel, a phony but kindly fortune teller, who realizes Dorothy has run away and tricks her via his crystal ball into believing that Aunt Em is ill so that she must return home. She races home just as a powerful tornado strikes. Unable to get into her family's storm cellar, she seeks safety in her bedroom. A wind-blown window sash hits her in the head, knocking her out. The house is picked up and sent spinning in the air by the twister. Inside the storm outside the window, she awakens and sees an elderly lady in a chair, several farm animals, two men rowing a boat, and Miss Gulch (still pedaling her bicycle), who transforms into a cackling witch flying on a broomstick.\nDorothy (Judy Garland, right) with Glinda the Good Witch of the North (Billie Burke)\nThe farmhouse crashes in Munchkinland in the Land of Oz, where the film changes to Technicolor. Glinda the Good Witch of the North and the Munchkins welcome her as their heroine, as the house has landed on and killed the Wicked Witch of the East, leaving only her stocking feet exposed. The Wicked Witch of the West, arrives to claim her sister's ruby slippers, but Glinda transports them onto Dorothy's feet first. The Wicked Witch of the West swears revenge on Dorothy for her sister's death. Glinda tells Dorothy to follow the yellow brick road to the Emerald City, where the Wizard of Oz might be able to help her get back home.\n\nOn her way, Dorothy meets and befriends the Scarecrow, who wants a brain, the Tin Woodman, who desires a heart, and the Cowardly Lion, who is in need of courage. Dorothy invites each of them to accompany her. After the Witch attempts to stop them several times, they finally reach the Emerald City. Inside, after being initially rejected, they are permitted to see the Wizard (who appears as a large head surrounded by fire). He agrees to grant their wishes when they bring him the Witch of the West's broomstick.\n\nOn their journey to the Witch's castle, the group passes through the Haunted Forest, while the Witch views their progress through a crystal ball. She sends her winged monkeys to harass Dorothy; they capture Dorothy and Toto. At the castle, the Witch receives a magical shock when she tries to get the slippers off Dorothy, then remembers that Dorothy must be dead first. Toto escapes and leads her friends to the castle. After ambushing three Winkie guards, they march inside wearing the stolen uniforms and free her, but the Witch discovers them and traps them. However, the Scarecrow uses the Tin Man's axe to cut a rope nearby and send gigantic chandelier, swinging overhead, down onto The Witch's soldiers, knocking them to the floor and the quartet attempt to escape. The Witch and her guards chase them through the castle, across battlements and finally surround them. When the Witch sets fire to the Scarecrow, Dorothy puts out the flames with a bucket of water; the Witch is splashed and melts away. The guards rejoice that she is dead and give Dorothy the charred broomstick in gratitude.\nRay Bolger, who plays the scarecrowRay Bolger in costume as the scarecrow\nBack at the Emerald City, the Wizard delays granting their requests. Then Toto pulls back a curtain and exposes the \"Wizard\" as a normal middle-aged man who has been projecting the fearsome image; he denies Dorothy's accusation that he is a bad man, but admits to being a humbug. He then gives the Scarecrow a diploma, the Lion a medal, and the Tin Man a ticking heart-shaped watch, granting their wishes and convincing them that they have received what they sought. He then prepares to launch his hot air balloon to take Dorothy home, but Toto chases a cat, Dorothy follows, and the balloon leaves without them. Suddenly, Glinda returns and tells her that she can still return home by using the Ruby Slippers. Following Glinda's instructions, Dorothy taps her heels together three times and repeats, \"There's no place like home\". Dorothy wakes up in her home in Kansas, surrounded by her family, the farmhands, Professor Marvel and Toto. Though her family and friends dismiss her adventure as a dream, Dorothy insists that it was all real, and that there is no place like home.",
  "synopsis": null
}