{
  "imdb_id": "tt3021176",
  "tmdb_id": "246922",
  "douban_id": null,
  "title": "The Road from Karakol (2013)",
  "genres": [
    "Documentary",
    "Short",
    "Adventure",
    "Sport"
  ],
  "country": "USA",
  "version": [
    {
      "runtime": "26 min",
      "description": ""
    }
  ],
  "imdb_rating": 8.4,
  "director": [
    {
      "id": "nm5771639",
      "name": "Fitz Cahall"
    }
  ],
  "writer": [
    {
      "id": "nm5771639",
      "name": "Fitz Cahall",
      "description": "co-writer"
    },
    {
      "id": "nm5180979",
      "name": "Austin Siadak",
      "description": "co-writer"
    }
  ],
  "cast": [
    {
      "id": "nm5771638",
      "name": "Kyle Dempster",
      "character": "Kyle Dempster"
    }
  ],
  "overview": "In Summer of 2011, alpinist Kyle Dempster set out across Kyrgyzstan's back roads on his bike. His goal -- ride across the country via old Soviet roads while climbing as many of the region's impressive peaks as possible. He found an entirely different kind of adventure.",
  "storyline": "In Summer of 2011, alpinist Kyle Dempster set out across Kyrgyzstan's back roads on his bike. His goal -- ride across the country via old Soviet roads while climbing as many of the region's impressive peaks as possible. He found an entirely different kind of adventure.",
  "plot": null,
  "synopsis": null
}