{
  "imdb_id": "tt3033948",
  "tmdb_id": "328763",
  "douban_id": null,
  "title": "Echoes (2014)",
  "genres": [
    "Drama",
    "Horror",
    "Thriller"
  ],
  "country": "USA",
  "version": [
    {
      "runtime": "93 min",
      "description": ""
    }
  ],
  "imdb_rating": 4.4,
  "director": [
    {
      "id": "nm2932261",
      "name": "Nils Timm"
    }
  ],
  "writer": [
    {
      "id": "nm2932261",
      "name": "Nils Timm",
      "description": "writer"
    }
  ],
  "cast": [
    {
      "id": "nm2342578",
      "name": "Kate French",
      "character": "Anna Parker"
    },
    {
      "id": "nm0104526",
      "name": "Steven Brand",
      "character": "Paul Wagner"
    },
    {
      "id": "nm0360045",
      "name": "Steve Hanks",
      "character": "Jeremy"
    },
    {
      "id": "nm0936198",
      "name": "Billy Wirth",
      "character": "Joe"
    },
    {
      "id": "nm1356573",
      "name": "Caroline Whitney Smith",
      "character": "Vera Palm /              Ghost"
    },
    {
      "id": "nm0108248",
      "name": "Kevin Brewerton",
      "character": "Cop"
    },
    {
      "id": "nm1824499",
      "name": "Nicolas Charles",
      "character": "Bartender /              Runner       (as Nicholas Charles)"
    },
    {
      "id": "nm2009408",
      "name": "Ivory Dortch",
      "character": "Emily"
    },
    {
      "id": "nm2641271",
      "name": "Tina Huang",
      "character": "Sleep Paralysis Victim"
    },
    {
      "id": "nm2311731",
      "name": "Stacey Souther",
      "character": "Man's Voice"
    },
    {
      "id": "nm8053029",
      "name": "Oxley",
      "character": ""
    }
  ],
  "overview": "A young writer experiences visions during episodes of sleep paralysis, and she retreats with her boyfriend to an isolated house in the desert. As the visions worsen, she teeters on the edge of insanity as she uncovers a life-threatening secret.",
  "storyline": "Struggling with horrifying, sleep-paralysis induced visions, a young writer retreats with her boyfriend to an isolated desert house. As the visions intensify, she finds herself on the verge of losing her mind...or uncovering a life-threatening secret.",
  "plot": null,
  "synopsis": null
}