{
  "imdb_id": "tt3028412",
  "tmdb_id": "258751",
  "douban_id": null,
  "title": "Por un pu\u00f1ado de besos (2014)",
  "genres": [
    "Drama",
    "Romance"
  ],
  "country": "Spain",
  "version": [
    {
      "runtime": "98 min",
      "description": ""
    }
  ],
  "imdb_rating": 6.4,
  "director": [
    {
      "id": "nm0579687",
      "name": "David Menkes"
    }
  ],
  "writer": [
    {
      "id": "nm0579687",
      "name": "David Menkes",
      "description": null
    },
    {
      "id": "nm1138075",
      "name": "Jordi Sierra i Fabra",
      "description": "novel"
    }
  ],
  "cast": [
    {
      "id": "nm1869101",
      "name": "Ana de Armas",
      "character": "Sol"
    },
    {
      "id": "nm2288618",
      "name": "Marti\u00f1o Rivas",
      "character": "Dani"
    },
    {
      "id": "nm2392521",
      "name": "Marina Salas",
      "character": "Gloria"
    },
    {
      "id": "nm3816157",
      "name": "Megan Montaner",
      "character": "Lidia"
    },
    {
      "id": "nm2863907",
      "name": "Andrea Duro",
      "character": "Marta"
    },
    {
      "id": "nm1693432",
      "name": "Jan Cornet",
      "character": "Dar\u00edo"
    },
    {
      "id": "nm4860458",
      "name": "Richard Sahag\u00fan",
      "character": "El\u00edas"
    },
    {
      "id": "nm0661118",
      "name": "Mario Pardo",
      "character": "Doctor"
    },
    {
      "id": "nm2284702",
      "name": "Joel Bosqued",
      "character": "Sandro"
    },
    {
      "id": "nm4339693",
      "name": "Alejandra Onieva",
      "character": "Mamen"
    },
    {
      "id": "nm7910192",
      "name": "Nagore Cenizo",
      "character": "Carol"
    },
    {
      "id": "nm0599636",
      "name": "Candela Montesinos",
      "character": "Almudena       (as Candy Montesinos)"
    },
    {
      "id": "nm1062147",
      "name": "Esperanza De la Vega",
      "character": "Amalia"
    },
    {
      "id": "nm1040970",
      "name": "Nidia Moros",
      "character": "Camarera"
    },
    {
      "id": "nm3128217",
      "name": "Luis Jaspe",
      "character": "Portero"
    },
    {
      "id": "nm10785514",
      "name": "Alejandra Chen Jiang",
      "character": "Actriz porno       (as Alejandra Chen Via Jiang)"
    },
    {
      "id": "nm7345179",
      "name": "Carlota Ferrer",
      "character": "Voz Off"
    },
    {
      "id": "nm10785515",
      "name": "Michel Alejandro",
      "character": "Bailar\u00edn"
    },
    {
      "id": "nm2922049",
      "name": "Cristina Dom\u00ednguez",
      "character": "Bailarina"
    },
    {
      "id": "nm5432936",
      "name": "Mar\u00eda Dom\u00ednguez",
      "character": "Bailarina"
    },
    {
      "id": "nm1661623",
      "name": "Marta Garc\u00eda",
      "character": "Core\u00f3grafa"
    },
    {
      "id": "nm9121045",
      "name": "Alejandro Garrido",
      "character": "Bailar\u00edn"
    },
    {
      "id": "nm9957041",
      "name": "Alejandro Guevara",
      "character": "Bailar\u00edn"
    },
    {
      "id": "nm6605708",
      "name": "Antonio Leyva",
      "character": "Bailar\u00edn"
    },
    {
      "id": "nm10785516",
      "name": "Kristine Lindmark",
      "character": "Bailarina"
    },
    {
      "id": "nm10785517",
      "name": "Elisa Tulian",
      "character": "Bailarina"
    },
    {
      "id": "nm6073138",
      "name": "Marcos Zhang",
      "character": "Bailar\u00edn       (as Marco Zhang)"
    }
  ],
  "overview": "A girl. A boy. A love story. But also about dreams, fears, life, true love, friendship and how we deal with it. And a secret between them...",
  "storyline": "Sol is a beautiful, humble and sensitive young woman who has a very important trauma. In spite of everything she does not kill her biggest dream: find her better half, her other self, her partner for life. She was infected AIDS with treason. She trusted the other person and was deceived. Now she is HIV-positive, but she has not yet developed the disease and trusts that she will not develop it. To get to know new people, she puts a contact where she says she is HIV positive and that she wants relationships with people who are HIV-positive, also to be at the same level. Several men reply to her contact, among which the letter of Dani, very human and literary. She answers and they meet. He is cheating on her: he is not HIV positive but a journalist who is doing an article for a magazine for which he works on the current situation of AIDS in Spain and has considered that the best way to do it is to answer the contact, regardless of the consequences that may have on the other person. But ...",
  "plot": null,
  "synopsis": "Por un pu\u00f1ado de besos cuenta la historia de una chica, Sol, que tiene que rehacer su vida y decide hacerlo emprendiendo una historia de amor. Pone un anuncio para buscar al chico ideal, se citan y, desde el primer momento, se enamoran, iniciando un intenso romance marcado por las ganas de vivir de ella y las mentiras de \u00e9l. \u00bfPueden un pu\u00f1ado de besos cambiar la vida de alguien para siempre?Protagonizada por Ana de Armas y Marti\u00f1o Rivas, Por un pu\u00f1ado de besos cuenta tambi\u00e9n en el reparto con los j\u00f3venes actores Marina Salas, Megan Montaner, Alejandra Onieva, Joel Bosqued y la colaboraci\u00f3n especial de Jan Cornet y Andrea Duro, este drama rom\u00e1ntico juvenil se rodar\u00e1 \u00edntegramente en Madrid hasta finales de agosto.Basada en la novela Un poco de abril, algo de mayo, todo septiembre, del prol\u00edfico y galardonado escritor Jordi Sierra i Fabra, es la s\u00e9ptima pel\u00edcula de David Menkes."
}