{
  "imdb_id": "tt3013258",
  "tmdb_id": "222297",
  "douban_id": null,
  "title": "Sur le chemin de l'\u00e9cole (2013)",
  "genres": [
    "Documentary"
  ],
  "country": "France",
  "version": [
    {
      "runtime": "77 min",
      "description": ""
    }
  ],
  "imdb_rating": null,
  "director": [
    {
      "id": "nm1306200",
      "name": "Pascal Plisson"
    }
  ],
  "writer": [
    {
      "id": "nm2417282",
      "name": "Marie-Claire Javoy",
      "description": null
    },
    {
      "id": "nm1306200",
      "name": "Pascal Plisson",
      "description": null
    }
  ],
  "cast": [
    {
      "id": "nm6069230",
      "name": "Jackson Saikong",
      "character": "Les Ecoliers"
    },
    {
      "id": "nm6069235",
      "name": "Salome Saikong",
      "character": "Les Ecoliers"
    },
    {
      "id": "nm7069016",
      "name": "Samuel J. Esther",
      "character": "Les Ecoliers"
    },
    {
      "id": "nm6069236",
      "name": "Gabriel J. Esther",
      "character": "Les Ecoliers"
    },
    {
      "id": "nm6069237",
      "name": "Emmanuel J. Esther",
      "character": "Les Ecoliers"
    },
    {
      "id": "nm6069233",
      "name": "Zahira Badi",
      "character": "Les Ecoliers"
    },
    {
      "id": "nm6069234",
      "name": "Noura Azaggagh",
      "character": "Les Ecoliers"
    },
    {
      "id": "nm6069238",
      "name": "Zineb Elkabli",
      "character": "Les Ecoliers"
    },
    {
      "id": "nm6069231",
      "name": "Carlito Janez",
      "character": "Les Ecoliers"
    },
    {
      "id": "nm6069232",
      "name": "Micaela Janez",
      "character": "Les Ecoliers"
    }
  ],
  "overview": "These children live in the four corners of the earth, but share the same thirst for learning. They understand that only education will allow them a better future and that is why, every day, they must set out on the long and perilous journey that will lead them to knowledge. Jackson and his younger sister from Kenya walk 15 kilometres each way through a savannah populated by wild animals; Carlito rides more than 18 kilometres twice a day with his younger sister, across the plains of Argentina; Zahira lives in the Moroccan Atlas Mountains who has an exhausting 22 kilometres walk along punishing mountain paths before she reaches her boarding school; Samuel from India sits in a clumsy DIY wheelchair and the 4 kilometres journey is an ordeal each day, as his two younger brothers have to push him all the way to school\u2026",
  "storyline": "Jackson, the Kenyan; Carlito, the Argentinian; Zahira, the Moroccan; Samuel, the Indian: four children who live light years away from each other and who have never met but who have a common point: they have to cover tremendously long distances to reach their school. On foot, on horseback or in a wheelchair, but all with an extraordinary determination...",
  "plot": null,
  "synopsis": null
}