{
  "imdb_id": "tt3087700",
  "tmdb_id": "210070",
  "douban_id": null,
  "title": "7 Pecados Rurais (2013)",
  "genres": [
    "Comedy"
  ],
  "country": "Portugal",
  "version": [
    {
      "runtime": "97 min",
      "description": ""
    }
  ],
  "imdb_rating": 5.6,
  "director": [
    {
      "id": "nm0108333",
      "name": "Nicolau Breyner"
    }
  ],
  "writer": [
    {
      "id": "nm1513910",
      "name": "Henrique Cardoso Dias",
      "description": null
    },
    {
      "id": "nm2143612",
      "name": "Frederico Pombares",
      "description": null
    }
  ],
  "cast": [
    {
      "id": "nm3586242",
      "name": "Jo\u00e3o Paulo Rodrigues",
      "character": "Quim /              Mayor"
    },
    {
      "id": "nm3673388",
      "name": "Pedro Alves",
      "character": "Z\u00e9"
    },
    {
      "id": "nm0974669",
      "name": "Alda Gomes",
      "character": "Patr\u00edcia"
    },
    {
      "id": "nm2352415",
      "name": "Mel\u00e2nia Gomes",
      "character": "Raquel"
    },
    {
      "id": "nm0108333",
      "name": "Nicolau Breyner",
      "character": "Deus"
    },
    {
      "id": "nm0851645",
      "name": "Patr\u00edcia Tavares",
      "character": "C\u00e9lia Careca"
    },
    {
      "id": "nm0710810",
      "name": "Jos\u00e9 Raposo",
      "character": "Eng. Castro Laboreiro"
    },
    {
      "id": "nm1322848",
      "name": "Paulo Futre",
      "character": "Himself"
    },
    {
      "id": "nm2447732",
      "name": "Quim Barreiros",
      "character": "Himself"
    },
    {
      "id": "nm0346086",
      "name": "Rui Guerra",
      "character": ""
    },
    {
      "id": "nm2014640",
      "name": "Fabiana Ferreira",
      "character": ""
    },
    {
      "id": "nm8098908",
      "name": "C\u00e1tia Nunes",
      "character": "Marilene Colibri"
    }
  ],
  "overview": "In \"7 Pecados Rurais\", Quim and Z\u00e9 go to Lisbon to collect two distant cousins \u200b\u200bwho want to revive a crazy last summer in Curral de Moinas. Along the way they bump into a flock of sheep and die.",
  "storyline": "The film tells the story of Quim (Jo\u00e3o Paulo Rodrigues) and Z\u00e9 (Pedro Alves), who are reunited with two cousins away from Lisbon. Together, they decide to revive past follies in Curral de Moinas but an unforeseen happens and when find themselves, in the heavens. There God (Nicolau Breyner) offers them a second chance with a condition: prove abdicated immoral and licentious life and renouncing life, so the seven deadly sins: lust, gluttony, wrath, envy, greed, pride and laziness. Will Quim and Z\u00e9 be able to resist temptation?",
  "plot": null,
  "synopsis": null
}