{
  "imdb_id": "tt3005486",
  "tmdb_id": "293303",
  "douban_id": null,
  "title": "Hirngespinster (2014)",
  "genres": [
    "Drama"
  ],
  "country": "Germany",
  "version": [
    {
      "runtime": "93 min",
      "description": ""
    }
  ],
  "imdb_rating": 6.8,
  "director": [
    {
      "id": "nm1309080",
      "name": "Christian Bach"
    }
  ],
  "writer": [
    {
      "id": "nm1309080",
      "name": "Christian Bach",
      "description": "screenplay"
    }
  ],
  "cast": [
    {
      "id": "nm0604349",
      "name": "Tobias Moretti",
      "character": "Hans Dallinger"
    },
    {
      "id": "nm1909076",
      "name": "Jonas Nay",
      "character": "Simon Dallinger"
    },
    {
      "id": "nm1139491",
      "name": "Stephanie Japp",
      "character": "Elli Dallinger"
    },
    {
      "id": "nm6601913",
      "name": "Ella Frey",
      "character": "Maja Dallinger"
    },
    {
      "id": "nm5305751",
      "name": "Hanna Pla\u00df",
      "character": "Verena       (as Hanna Plass)"
    },
    {
      "id": "nm0402324",
      "name": "Stefan Hunstein",
      "character": "Jochen Benrath"
    },
    {
      "id": "nm2947895",
      "name": "Michael Kranz",
      "character": "Guido"
    },
    {
      "id": "nm1039109",
      "name": "Susanne Schr\u00f6der",
      "character": "Frau Hagedorn"
    },
    {
      "id": "nm1250851",
      "name": "Marcus Calvin",
      "character": "Martin Hagedorn"
    },
    {
      "id": "nm0797898",
      "name": "Johannes Silberschneider",
      "character": "Dr. Steinhauer"
    },
    {
      "id": "nm0936944",
      "name": "J\u00f6rg Witte",
      "character": "Rainer Grabowski"
    },
    {
      "id": "nm0071330",
      "name": "Marc Benjamin",
      "character": "Junger Mann im Club"
    },
    {
      "id": "nm0632399",
      "name": "Joachim Nimtz",
      "character": "Hauptwachmeister"
    },
    {
      "id": "nm1951167",
      "name": "Ilja Ro\u00dfbander",
      "character": "Junger Polizist"
    },
    {
      "id": "nm0510832",
      "name": "Thomas Limpinsel",
      "character": "Polizist Autobahnbr\u00fccke"
    },
    {
      "id": "nm2464136",
      "name": "Thomas Gr\u00e4\u00dfle",
      "character": "Monteur 1       (as Thomas Gr\u00e4ssle)"
    },
    {
      "id": "nm2861406",
      "name": "Moritz Fischer",
      "character": "Monteur 2"
    },
    {
      "id": "nm4220309",
      "name": "Sigrun De Leyra",
      "character": "Schwester Veronika"
    },
    {
      "id": "nm3084418",
      "name": "Alina Stiegler",
      "character": "Beate"
    }
  ],
  "overview": "Simon falls head over heels in love with pretty and quick-witted Verena. When his father, who suffers from schizophrenia, has a relapse, Simon devotes himself completely to his mother and little sister and endangers his budding romance. Maneuvering himself into a near-fatal situation, Simon realizes that he cannot change the others' lives, but only his own.",
  "storyline": "Simon falls head over heels in love with pretty and quick-witted Verena. When his father, who suffers from schizophrenia, has a relapse, Simon devotes himself completely to his mother and little sister and endangers his budding romance. Maneuvering himself into a near-fatal situation, Simon realizes that he cannot change the others' lives, but only his own... 'Flights of Fancy' is an emotionally gripping account of a first love and of a son's loyalty to his father, played with mesmerizing intensity by sensational newcomer Jonas Nay and by internationally acclaimed Tobias Moretti. Both actors were honored with the Best Actors Prizes at Bavarian Film Award 2013 for their outstanding performances.",
  "plot": null,
  "synopsis": null
}