{
  "imdb_id": "tt3088200",
  "tmdb_id": "291705",
  "douban_id": null,
  "title": "1 Last Chance at Paradise (Video 2014)",
  "genres": [
    "Romance"
  ],
  "country": "UK",
  "version": [
    {
      "runtime": "72 min",
      "description": ""
    }
  ],
  "imdb_rating": 6.4,
  "director": [
    {
      "id": "nm2563700",
      "name": "Jason Impey"
    }
  ],
  "writer": [
    {
      "id": "nm5083794",
      "name": "Wade Radford",
      "description": "concept"
    }
  ],
  "cast": [
    {
      "id": "nm1620124",
      "name": "Wade Radford",
      "character": "Kai"
    },
    {
      "id": "nm4914523",
      "name": "Connor Paganini",
      "character": "Tobi"
    },
    {
      "id": "nm0051817",
      "name": "Honey Bane",
      "character": "Tobi's Mum"
    }
  ],
  "overview": "Love and memories shared by two young guys soon after the world's end.",
  "storyline": "A found footage style, gay romance film about love and memories, shared by two young guys soon after the worlds end! Kai & Tobi share one last night together, remembering a beautiful weekend they once had away from the oppression of Tobi's mother.",
  "plot": null,
  "synopsis": null
}