{
  "imdb_id": "tt3172126",
  "tmdb_id": "331393",
  "douban_id": null,
  "title": "Undrafted (2016)",
  "genres": [
    "Comedy",
    "Drama",
    "Sport"
  ],
  "country": "USA",
  "version": [
    {
      "runtime": "90 min",
      "description": ""
    }
  ],
  "imdb_rating": 6.2,
  "director": [
    {
      "id": "nm0001515",
      "name": "Joseph Mazzello"
    }
  ],
  "writer": [
    {
      "id": "nm0001515",
      "name": "Joseph Mazzello",
      "description": "writer"
    }
  ],
  "cast": [
    {
      "id": "nm1204778",
      "name": "Matt Barr",
      "character": "Anthony"
    },
    {
      "id": "nm0000902",
      "name": "Jim Belushi",
      "character": "Joe       (as James Belushi)"
    },
    {
      "id": "nm4000166",
      "name": "Casey Bond",
      "character": "Tommy Dorehty"
    },
    {
      "id": "nm0193551",
      "name": "Robert Curtis Brown",
      "character": "Brian Murray"
    },
    {
      "id": "nm1343939",
      "name": "Michael Bunin",
      "character": "Officer Redmond"
    },
    {
      "id": "nm1926948",
      "name": "Matt Bush",
      "character": "David"
    },
    {
      "id": "nm9150559",
      "name": "Eddie Coleman",
      "character": "Umpire Donnelly"
    },
    {
      "id": "nm2070702",
      "name": "Michael Consiglio",
      "character": "Schwartz"
    },
    {
      "id": "nm2003700",
      "name": "Chace Crawford",
      "character": "Barone"
    },
    {
      "id": "nm5814494",
      "name": "Don DiPetta",
      "character": "Chardy"
    },
    {
      "id": "nm0213073",
      "name": "James DeAngelo",
      "character": "Groundskeeper"
    },
    {
      "id": "nm0279896",
      "name": "Michael Fishman",
      "character": "Antonelli"
    },
    {
      "id": "nm0974080",
      "name": "Billy Gardell",
      "character": "Umpire Haze"
    },
    {
      "id": "nm2632545",
      "name": "Jay Hayden",
      "character": "Vinnie"
    },
    {
      "id": "nm1738172",
      "name": "Toby Hemingway",
      "character": "Palacco"
    },
    {
      "id": "nm0388382",
      "name": "Tyler Hoechlin",
      "character": "Dells"
    },
    {
      "id": "nm3180292",
      "name": "Austin Kane",
      "character": "Young Maz"
    },
    {
      "id": "nm0001515",
      "name": "Joseph Mazzello",
      "character": "Murray       (as Joe Mazzello)"
    },
    {
      "id": "nm0563534",
      "name": "John Mazzello",
      "character": "Shortstop"
    },
    {
      "id": "nm2861303",
      "name": "Manny Montana",
      "character": "Zapata"
    },
    {
      "id": "nm1331735",
      "name": "Ryan Pinkston",
      "character": "Garvey"
    },
    {
      "id": "nm2980031",
      "name": "David Del Rio",
      "character": "Tree"
    },
    {
      "id": "nm5957931",
      "name": "Duke Davis Roberts",
      "character": "Ty"
    },
    {
      "id": "nm2355300",
      "name": "Jonathan Runyon",
      "character": "Officer Wagner"
    },
    {
      "id": "nm4155672",
      "name": "Mary Elizabeth Runyon",
      "character": "Barone's Girlfriend"
    },
    {
      "id": "nm5761965",
      "name": "Chris Roark",
      "character": "Alex"
    },
    {
      "id": "nm3117836",
      "name": "Aaron Tveit",
      "character": "Maz"
    },
    {
      "id": "nm0934618",
      "name": "Philip Winchester",
      "character": "Fotch"
    },
    {
      "id": "nm6391312",
      "name": "Wolfe Coleman",
      "character": "Bulldog"
    },
    {
      "id": "nm2874148",
      "name": "Lee Ellis",
      "character": "Bulldog"
    },
    {
      "id": "nm9150560",
      "name": "Justin Fiore",
      "character": "Bulldog"
    },
    {
      "id": "nm9150561",
      "name": "Zach Green",
      "character": "Bulldog"
    },
    {
      "id": "nm6184372",
      "name": "Michael Guillod",
      "character": "Bulldog"
    },
    {
      "id": "nm3292847",
      "name": "Bruster Phoenix Sampson",
      "character": "Bulldog       (as Bruster Sampson)"
    }
  ],
  "overview": "Joe Mazzello, best known for his acting roles in Jurassic Park, HBO's The Pacific, The Social Network, etc, wrote and made his directorial debut with this story based on his brother's experience as a collegiate baseball star who was skipped over in the Major League Baseball draft. Story centers around an intramural baseball game with his misfit teammates that becomes incredibly important to him as he tries to come to grips with his dashed dream.",
  "storyline": "When twelve ragtag teammates set out to play what should be a meaningless summer intramural baseball game, it ends up becoming the most important game of their lives. This collection of characters - the reliever turned starting pitcher (Tyler Hoechlin), a hot dog power hitter (Chace Crawford), an outfielder with anger management issues (Joe Mazzello), a player coach with clipboard envy (Duke Davis Roberts), an over-eager catcher (Ryan Pinkston), the old guy who shouldn't be playing anymore (Philip Winchester), and the guy everyone forgot was on the team (Matt Bush) - truly gives new meaning to the phrase \"amateur status\". As they struggle to transition away from baseball and towards an uncertain future, the best player among them (Aaron Tveit) - who they all felt should have gotten drafted - has to deal with the news that his big league dreams were dashed, leaving him grappling with why he should still play. One game can be just another box score, but when it's played by a team ...",
  "plot": "A collegiate baseball star (Aaron Tveit) was skipped over in the Major League Baseball draft. An intramural baseball game with his misfit teammates then becomes incredibly important to him as he tries to come to grips with his dashed dreams.",
  "synopsis": null
}