{
  "imdb_id": "tt3198726",
  "tmdb_id": "348840",
  "douban_id": null,
  "title": "Vay Basima Gelenler (2013)",
  "genres": [
    "Comedy"
  ],
  "country": "Turkey",
  "version": [
    {
      "runtime": "100 min",
      "description": ""
    }
  ],
  "imdb_rating": 3.4,
  "director": [
    {
      "id": "nm5956679",
      "name": "Semra D\u00fcndar"
    }
  ],
  "writer": [
    {
      "id": "nm5956679",
      "name": "Semra D\u00fcndar",
      "description": null
    }
  ],
  "cast": [
    {
      "id": "nm2687085",
      "name": "H\u00fcsn\u00fc Senlendirici",
      "character": "Murat"
    },
    {
      "id": "nm2456249",
      "name": "Metin Ke\u00e7eci",
      "character": "Meto"
    },
    {
      "id": "nm3114120",
      "name": "Merve Altinkaya",
      "character": "Zeynep"
    },
    {
      "id": "nm0071044",
      "name": "Sinan Bengier",
      "character": "Efe Dede"
    },
    {
      "id": "nm3114726",
      "name": "Volkan Bas",
      "character": ""
    },
    {
      "id": "nm5956682",
      "name": "Ali Bulut",
      "character": ""
    },
    {
      "id": "nm5956684",
      "name": "T\u00fclay Bulut",
      "character": ""
    },
    {
      "id": "nm2876852",
      "name": "H\u00fcseyin Elmalipinar",
      "character": "Kazim Amca"
    },
    {
      "id": "nm0408382",
      "name": "Levent Inanir",
      "character": "Organik Rifat"
    },
    {
      "id": "nm5956681",
      "name": "Inga Ojog",
      "character": ""
    },
    {
      "id": "nm0651404",
      "name": "M\u00fcge Oru\u00e7kaptan",
      "character": "Ayse"
    },
    {
      "id": "nm5956683",
      "name": "Derya Sen",
      "character": ""
    },
    {
      "id": "nm4168565",
      "name": "Mustafa Sen",
      "character": ""
    },
    {
      "id": "nm1866144",
      "name": "Metin Sent\u00fcrk",
      "character": ""
    },
    {
      "id": "nm5956680",
      "name": "Melek Yargici",
      "character": "T\u00fclin"
    },
    {
      "id": "nm2433455",
      "name": "Abidin Yerebakan",
      "character": "Canavar"
    }
  ],
  "overview": null,
  "storyline": null,
  "plot": null,
  "synopsis": null
}