{
  "imdb_id": "tt3180154",
  "tmdb_id": "238965",
  "douban_id": null,
  "title": "Peyote (2013)",
  "genres": [
    "Comedy",
    "Drama",
    "Romance"
  ],
  "country": "Mexico",
  "version": [
    {
      "runtime": "70 min",
      "description": ""
    }
  ],
  "imdb_rating": 6.0,
  "director": [
    {
      "id": "nm3107249",
      "name": "Omar Flores Sarabia"
    }
  ],
  "writer": [
    {
      "id": "nm3736922",
      "name": "Sabdyel Almaz\u00e1n",
      "description": "co-writer"
    },
    {
      "id": "nm3107249",
      "name": "Omar Flores Sarabia",
      "description": "co-writer"
    },
    {
      "id": "nm3107249",
      "name": "Omar Flores Sarabia",
      "description": "writer"
    }
  ],
  "cast": [
    {
      "id": "nm5939720",
      "name": "Joe Diazzi",
      "character": "Pablo"
    },
    {
      "id": "nm2166770",
      "name": "Carlos Luque",
      "character": "Marco"
    }
  ],
  "overview": "Pablo, a shy teenager, meets Marco, who is a few years older than him. Together they go on a impromptu road trip to the Mexican desert, a trip that will make them face what they mean to each other. This experience will turn Pablo\u2019s life around: his points of view, his strength and his own sexuality. Two guys and a video camera that will record their friendship, struggles and the possibility to find another destiny.",
  "storyline": "Pablo, a shy teenager, meets Marco, who is a few years older than him. Together they go on a impromptu road trip to the Mexican desert, a trip that will make them face what they mean to each other. This experience will turn Pablo's life around: his points of view, his strength and his own sexuality. Two guys and a video camera that will record their friendship, struggles and the possibility to find another destiny.",
  "plot": null,
  "synopsis": null
}