{
  "imdb_id": "tt3184666",
  "tmdb_id": "387558",
  "douban_id": null,
  "title": "My Feral Heart (2016)",
  "genres": [
    "Drama"
  ],
  "country": "UK",
  "version": [
    {
      "runtime": "83 min",
      "description": ""
    }
  ],
  "imdb_rating": 7.4,
  "director": [
    {
      "id": "nm1840502",
      "name": "Jane Gull"
    }
  ],
  "writer": [
    {
      "id": "nm1099280",
      "name": "Duncan Paveling",
      "description": null
    }
  ],
  "cast": [
    {
      "id": "nm6770181",
      "name": "Steven Brandon",
      "character": "Luke"
    },
    {
      "id": "nm1601038",
      "name": "Shana Swash",
      "character": "Eve"
    },
    {
      "id": "nm7244491",
      "name": "Sarah Ioannou",
      "character": "Woman in Butcher's Shop"
    },
    {
      "id": "nm4105029",
      "name": "Will Rastall",
      "character": "Pete"
    },
    {
      "id": "nm7244492",
      "name": "Keith Austin",
      "character": "Butcher"
    },
    {
      "id": "nm4768858",
      "name": "Pixie Le Knot",
      "character": "The Girl"
    },
    {
      "id": "nm0689654",
      "name": "Eileen Pollock",
      "character": "Joan"
    },
    {
      "id": "nm0358180",
      "name": "Suzanna Hamilton",
      "character": "Margaret"
    },
    {
      "id": "nm7244494",
      "name": "Stephen Pepperdine",
      "character": "Bin Loader"
    },
    {
      "id": "nm2342446",
      "name": "Lewis Nicolas",
      "character": "Charlie"
    },
    {
      "id": "nm2662620",
      "name": "Darren Kent",
      "character": "Sam"
    },
    {
      "id": "nm0925071",
      "name": "Kerryann White",
      "character": "Social Worker"
    },
    {
      "id": "nm4909513",
      "name": "Keith Chanter",
      "character": "William"
    },
    {
      "id": "nm1244711",
      "name": "Joe Gooch",
      "character": "The Supervisor"
    },
    {
      "id": "nm7244495",
      "name": "Rachael Cox",
      "character": "Jenny"
    },
    {
      "id": "nm3825710",
      "name": "Jill Keen",
      "character": "Yvonne"
    },
    {
      "id": "nm7244503",
      "name": "Amie Bickford",
      "character": "Blossom House Resident"
    },
    {
      "id": "nm7244498",
      "name": "Samantha Burling",
      "character": "Blossom House Resident"
    },
    {
      "id": "nm7244504",
      "name": "Abigail Davis",
      "character": "Blossom House Resident"
    },
    {
      "id": "nm7244506",
      "name": "Ben Evans",
      "character": "Blossom House Resident"
    },
    {
      "id": "nm7244499",
      "name": "Dean Frater",
      "character": "Blossom House Resident"
    },
    {
      "id": "nm7244501",
      "name": "Natalie James",
      "character": "Blossom House Resident"
    },
    {
      "id": "nm7244505",
      "name": "Thomas Regan",
      "character": "Blossom House Resident"
    },
    {
      "id": "nm7244502",
      "name": "Craig Stevenson",
      "character": "Blossom House Resident"
    },
    {
      "id": "nm7244500",
      "name": "Kaye Turner",
      "character": "Blossom House Resident"
    },
    {
      "id": "nm7244497",
      "name": "Charlotte Spink-Hart",
      "character": "Blossom House Resident"
    },
    {
      "id": "nm7244496",
      "name": "Edward Wilkinson",
      "character": "Brandon"
    },
    {
      "id": "nm7244507",
      "name": "Penni Bubb",
      "character": "Blossom House Staff"
    },
    {
      "id": "nm7370691",
      "name": "Ellen Ria Bubb",
      "character": "Blossom House Staff"
    },
    {
      "id": "nm7370690",
      "name": "Anderson Bubb",
      "character": "Blossom House Staff"
    },
    {
      "id": "nm7244515",
      "name": "Jennifer Gardiner",
      "character": "Blossom House Staff"
    },
    {
      "id": "nm7244510",
      "name": "Amanda Hart",
      "character": "Blossom House Staff"
    },
    {
      "id": "nm7370692",
      "name": "Julie Ann MacMahon",
      "character": "Blossom House Staff"
    },
    {
      "id": "nm6770433",
      "name": "Georgina Paveling",
      "character": "Blossom House Staff"
    },
    {
      "id": "nm7244513",
      "name": "Paul Shuttleworth",
      "character": "Blossom House Staff"
    },
    {
      "id": "nm7244514",
      "name": "Emily Shuttleworth",
      "character": "Blossom House Staff"
    },
    {
      "id": "nm7244511",
      "name": "Tamara Lee Smart",
      "character": "Blossom House Staff"
    },
    {
      "id": "nm3920438",
      "name": "Jenna Traynor",
      "character": "Blossom House Staff"
    },
    {
      "id": "nm7244549",
      "name": "Jacqui Wallace",
      "character": "Blossom House Staff"
    },
    {
      "id": "nm1683737",
      "name": "Andrew St Clair James",
      "character": "Doctor"
    },
    {
      "id": "nm3313722",
      "name": "Matt Markham",
      "character": "Community Payback Worker"
    },
    {
      "id": "nm6037829",
      "name": "Christian Taylor",
      "character": "Community Payback Worker"
    },
    {
      "id": "nm7244490",
      "name": "Oliver Tabor",
      "character": "Vicar"
    },
    {
      "id": "nm7244550",
      "name": "Vijay Wara",
      "character": "Shopkeeper"
    },
    {
      "id": "nm7244551",
      "name": "Mike Barnes",
      "character": "Hunt Saboteur"
    },
    {
      "id": "nm7244552",
      "name": "Neizan Fernandez",
      "character": "Hunt Saboteur       (as Neizon Fernandez Birchwood)"
    },
    {
      "id": "nm7244553",
      "name": "Lesley Cartwright",
      "character": "Hunt Saboteur"
    },
    {
      "id": "nm4839430",
      "name": "Mikey Cartwright",
      "character": "Hunt Saboteur"
    },
    {
      "id": "nm6597213",
      "name": "Josh Clarke",
      "character": "Hunt Saboteur       (as Joshua Cauldwell)"
    },
    {
      "id": "nm6456734",
      "name": "Debbie Ellis",
      "character": "Hunt Saboteur"
    },
    {
      "id": "nm7244555",
      "name": "Kelly Gray",
      "character": "Hunt Saboteur"
    },
    {
      "id": "nm5600342",
      "name": "Alex Gull",
      "character": "Hunt Saboteur"
    },
    {
      "id": "nm7244556",
      "name": "Georgia Holdaway",
      "character": "Hunt Saboteur"
    },
    {
      "id": "nm9736087",
      "name": "Paige Holdaway",
      "character": "Hunt Saboteur"
    },
    {
      "id": "nm7370693",
      "name": "George Marlow",
      "character": "Hunt Saboteur"
    },
    {
      "id": "nm7244557",
      "name": "Victoria Price",
      "character": "Hunt Saboteur"
    },
    {
      "id": "nm7370694",
      "name": "Victoria Read",
      "character": "Hunt Saboteur"
    },
    {
      "id": "nm6041863",
      "name": "Kirsty Richardson",
      "character": "Hunt Saboteur"
    },
    {
      "id": "nm5594289",
      "name": "Garry Rickenberg",
      "character": "Hunt Saboteur"
    },
    {
      "id": "nm3797608",
      "name": "Ben Salavati",
      "character": "Hunt Saboteur"
    },
    {
      "id": "nm5600540",
      "name": "Darrin Stripe",
      "character": "Hunt Saboteur"
    },
    {
      "id": "nm4570742",
      "name": "Lee Urquhart",
      "character": "Hunt Saboteur"
    },
    {
      "id": "nm7244558",
      "name": "Mike Brandon",
      "character": "Hunt Steward"
    },
    {
      "id": "nm7244554",
      "name": "Matthew Colbert",
      "character": "Hunt Steward"
    },
    {
      "id": "nm4834600",
      "name": "Jason Wright",
      "character": "Hunt Steward"
    },
    {
      "id": "nm7244561",
      "name": "Martin Adcock",
      "character": "Huntsman"
    },
    {
      "id": "nm7244559",
      "name": "Nick Badger",
      "character": "Huntsman"
    },
    {
      "id": "nm7244560",
      "name": "Piers Badger",
      "character": "Huntsman"
    },
    {
      "id": "nm7244493",
      "name": "Bruce Clackett",
      "character": "Butcher"
    },
    {
      "id": "nm6933236",
      "name": "Logan Dean",
      "character": "Hunt Saboteur       (as Dean G. Logan)"
    },
    {
      "id": "nm0214223",
      "name": "Sara Dee",
      "character": "Telephone Operator"
    },
    {
      "id": "nm6770434",
      "name": "Ian Spashett",
      "character": "Lead Hunt Saboteur"
    },
    {
      "id": "nm4515299",
      "name": "Gareth Ap Watkins",
      "character": "Lead Hunt Steward"
    }
  ],
  "overview": "Luke, an independent young man with Down's syndrome stumbles upon a wild and life changing friendship.",
  "storyline": "Luke, an independent young man with Down's syndrome, is forced to live in a care home after his elderly mother dies. He struggles to settle there, both frustrated at having his wings clipped by its rules, and unimpressed by his new house mates. His disappointment with his new home soon turns to wonder when Luke discovers a way out and begins to explore the surrounding countryside. When he is caught sneaking out by Pete, a troubled youth who tends the gardens at the home, the two strike up an unlikely rapport: Pete covers for Luke and in return Luke helps Pete clear the garden. On one illicit excursion to the adjoining field Luke discovers a young girl in desperate need of his help.",
  "plot": null,
  "synopsis": null
}