{
  "imdb_id": "tt3190098",
  "tmdb_id": "363424",
  "douban_id": null,
  "title": "Life After Manson (2014)",
  "genres": [
    "Documentary",
    "Short",
    "Crime",
    "Drama",
    "News"
  ],
  "country": "USA",
  "version": [
    {
      "runtime": "25 min",
      "description": ""
    }
  ],
  "imdb_rating": 7.0,
  "director": [
    {
      "id": "nm0458403",
      "name": "Olivia Klaus"
    }
  ],
  "writer": null,
  "cast": [
    {
      "id": "nm1355569",
      "name": "Patricia Krenwinkel",
      "character": "Herself"
    },
    {
      "id": "nm8066546",
      "name": "Dot Krenwinkel",
      "character": "Herself, Patricia Krenwinkel's mother"
    },
    {
      "id": "nm0543909",
      "name": "Charles Manson",
      "character": "Himself       (archive footage)"
    },
    {
      "id": "nm1355310",
      "name": "Leslie Van Houten",
      "character": "Herself"
    },
    {
      "id": "nm1366013",
      "name": "Susan Atkins",
      "character": "Herself"
    },
    {
      "id": "nm2309170",
      "name": "Patricia Tate",
      "character": "Herself       (archive footage) (as Patti Tate)"
    },
    {
      "id": "nm0119514",
      "name": "Vincent Bugliosi",
      "character": "(archive footage)"
    }
  ],
  "overview": "Life After Manson is an intimate portrait of one of the world's most infamous crimes and notorious killers. An exclusive interview with Manson Family member Patricia Krenwinkel reveals an unlikely relationship with charismatic Charles Manson that led her to cross every line of moral consciousness, culminating in the brutal murders she committed to win approval of the man she loved. Life After Manson offers a provocative character study that exposes a broken woman struggling with her past, her arduous effort to evaluate the cost of her choices, and the possibility of self-forgiveness. Can society offer her the same, and even identify with a woman who took life only to lose her own in a desperate effort to find love?",
  "storyline": "Life After Manson is an intimate portrait of one of the world's most infamous crimes and notorious killers. An exclusive interview with Manson Family member Patricia Krenwinkel reveals an unlikely relationship with charismatic Charles Manson that led her to cross every line of moral consciousness, culminating in the brutal murders she committed to win approval of the man she loved. Life After Manson offers a provocative character study that exposes a broken woman struggling with her past, her arduous effort to evaluate the cost of her choices, and the possibility of self-forgiveness. Can society offer her the same, and even identify with a woman who took life only to lose her own in a desperate effort to find love?",
  "plot": null,
  "synopsis": null
}