{
  "imdb_id": "tt3104106",
  "tmdb_id": "336079",
  "douban_id": null,
  "title": "Carta bianca (2013)",
  "genres": [
    "Drama"
  ],
  "country": "Italy",
  "version": [
    {
      "runtime": "90 min",
      "description": ""
    }
  ],
  "imdb_rating": 7.0,
  "director": [
    {
      "id": "nm3459058",
      "name": "Andres Arce Maldonado"
    }
  ],
  "writer": [
    {
      "id": "nm3459058",
      "name": "Andres Arce Maldonado",
      "description": "collaboration on screenplay"
    },
    {
      "id": "nm4159220",
      "name": "Andrea Zauli",
      "description": null
    }
  ],
  "cast": [
    {
      "id": "nm1543057",
      "name": "Mohamed Zouaoui",
      "character": "Kamal"
    },
    {
      "id": "nm5454521",
      "name": "Tania Angelosanto",
      "character": "Vania"
    },
    {
      "id": "nm3812324",
      "name": "Patrizia Berardini",
      "character": "Lucrezia"
    },
    {
      "id": "nm0138701",
      "name": "Valentina Carnelutti",
      "character": ""
    },
    {
      "id": "nm6078000",
      "name": "Elisabetta Fusari",
      "character": "Nina"
    },
    {
      "id": "nm2193989",
      "name": "Daniele Miglio",
      "character": "Enzo"
    },
    {
      "id": "nm6204798",
      "name": "Titti Nuzzolese",
      "character": "Poliziotta"
    },
    {
      "id": "nm8231206",
      "name": "Luigi Toto",
      "character": "Tonino"
    }
  ],
  "overview": null,
  "storyline": null,
  "plot": null,
  "synopsis": null
}