{
  "imdb_id": "tt3148670",
  "tmdb_id": "348716",
  "douban_id": null,
  "title": "Fragma (2013)",
  "genres": [
    "Short",
    "Drama",
    "Mystery"
  ],
  "country": "Brazil",
  "version": [
    {
      "runtime": "12 min",
      "description": ""
    }
  ],
  "imdb_rating": 8.0,
  "director": [
    {
      "id": "nm4255085",
      "name": "Eduardo Moraes"
    }
  ],
  "writer": [
    {
      "id": "nm4255085",
      "name": "Eduardo Moraes",
      "description": "writer"
    }
  ],
  "cast": [
    {
      "id": "nm4255085",
      "name": "Eduardo Moraes",
      "character": "Homem 1"
    },
    {
      "id": "nm0890388",
      "name": "Luiz Carlos Vasconcelos",
      "character": "Homem 1 Mais Velho"
    },
    {
      "id": "nm1717134",
      "name": "Rafael Primot",
      "character": "Homem 2"
    },
    {
      "id": "nm5907691",
      "name": "Otto Sanches",
      "character": "Homem 2 Crian\u00e7a"
    },
    {
      "id": "nm0406305",
      "name": "Julia Ianina",
      "character": "Mulher"
    },
    {
      "id": "nm5907695",
      "name": "R\u00f4mulo Bicalho",
      "character": "Mulher Pano Porta-beb\u00ea"
    }
  ],
  "overview": "Two lives look for meaning into a time that was lived, dreamed, and above all, felt.",
  "storyline": "Two lives look for meaning into a time that was lived, dreamed, and above all, felt.",
  "plot": null,
  "synopsis": null
}