{
  "imdb_id": "tt3109456",
  "tmdb_id": "297349",
  "douban_id": null,
  "title": "Democracia (2013)",
  "genres": [
    "Short",
    "Comedy"
  ],
  "country": "Spain",
  "version": [
    {
      "runtime": "11 min",
      "description": ""
    }
  ],
  "imdb_rating": 7.6,
  "director": [
    {
      "id": "nm1141070",
      "name": "Borja Cobeaga"
    }
  ],
  "writer": [
    {
      "id": "nm2143087",
      "name": "Alberto Gonz\u00e1lez V\u00e1zquez",
      "description": "writer"
    },
    {
      "id": "nm2143087",
      "name": "Alberto Gonz\u00e1lez V\u00e1zquez",
      "description": null
    }
  ],
  "cast": [
    {
      "id": "nm6041818",
      "name": "Iv\u00e1n Andretxe",
      "character": "Employee 1"
    },
    {
      "id": "nm1084399",
      "name": "Luis Bermejo",
      "character": "Andr\u00e9s Maroto"
    },
    {
      "id": "nm4466362",
      "name": "Jos\u00e9 Mar\u00eda Fuentetaja",
      "character": "Employee 2"
    },
    {
      "id": "nm2390110",
      "name": "Raquel Guerrero",
      "character": "Andr\u00e9s' Wife"
    },
    {
      "id": "nm5798115",
      "name": "Derrick A. Herrera",
      "character": "Employee 4       (as Derek \u00c1lvarez)"
    },
    {
      "id": "nm0409401",
      "name": "Miquel Insua",
      "character": "Employee 3"
    },
    {
      "id": "nm0480587",
      "name": "\u00d3scar Ladoire",
      "character": "Manager"
    },
    {
      "id": "nm4160421",
      "name": "Nacho Marraco",
      "character": "Jos\u00e9 Luis"
    },
    {
      "id": "nm1644287",
      "name": "Alejandro Tejer\u00edas",
      "character": "Mart\u00ednez"
    }
  ],
  "overview": "The manager of a company proposes a daring plan for keeping the workers\u2019 morale high.",
  "storyline": "The manager of a company proposes a daring plan for keeping the workers' morale high.",
  "plot": null,
  "synopsis": null
}