{
  "imdb_id": "tt3123010",
  "tmdb_id": "269577",
  "douban_id": null,
  "title": "El cumple de la abuela (2015)",
  "genres": [
    "Comedy"
  ],
  "country": "Mexico",
  "version": [
    {
      "runtime": "98 min",
      "description": ""
    }
  ],
  "imdb_rating": null,
  "director": [
    {
      "id": "nm2305561",
      "name": "Javier Colinas"
    }
  ],
  "writer": [
    {
      "id": "nm5572916",
      "name": "Adriana Pelusi",
      "description": "screenplay and"
    },
    {
      "id": "nm5879529",
      "name": "Reynolds Robledo",
      "description": "screenplay and"
    },
    {
      "id": "nm5879528",
      "name": "Tobias Camba",
      "description": "screenplay"
    },
    {
      "id": "nm1674835",
      "name": "Luis Arrieta",
      "description": "story"
    },
    {
      "id": "nm2305561",
      "name": "Javier Colinas",
      "description": "story"
    },
    {
      "id": "nm5572916",
      "name": "Adriana Pelusi",
      "description": "story"
    },
    {
      "id": "nm5879528",
      "name": "Tobias Camba",
      "description": "story"
    },
    {
      "id": "nm5879529",
      "name": "Reynolds Robledo",
      "description": "story"
    }
  ],
  "cast": [
    {
      "id": "nm0018766",
      "name": "Susana Alexander",
      "character": "Abuela"
    },
    {
      "id": "nm0735913",
      "name": "Jos\u00e9 Carlos Rodr\u00edguez",
      "character": "Francisco"
    },
    {
      "id": "nm0768893",
      "name": "Tiar\u00e9 Scanda",
      "character": "Diana"
    },
    {
      "id": "nm0615249",
      "name": "Rodrigo Murray",
      "character": "Gerardo"
    },
    {
      "id": "nm1674835",
      "name": "Luis Arrieta",
      "character": "Daniel"
    },
    {
      "id": "nm1214769",
      "name": "Paola Nu\u00f1ez",
      "character": "Andrea       (as Paola N\u00fa\u00f1ez)"
    },
    {
      "id": "nm1824330",
      "name": "Luis Ernesto Franco",
      "character": "Sebasti\u00e1n"
    },
    {
      "id": "nm1357740",
      "name": "Marimar Vega",
      "character": "Ana"
    },
    {
      "id": "nm2136703",
      "name": "Antonio Gaona",
      "character": "Juan Pablo"
    },
    {
      "id": "nm1301218",
      "name": "Martha Claudia Moreno",
      "character": "Natalia"
    },
    {
      "id": "nm1051049",
      "name": "Cesar Giraldo",
      "character": "Julio"
    },
    {
      "id": "nm4250395",
      "name": "Paulette Hernandez",
      "character": "Susana"
    },
    {
      "id": "nm1357612",
      "name": "Elba Jim\u00e9nez",
      "character": "Gema Rub\u00ed"
    }
  ],
  "overview": "A dysfunctional family travels to Cuernavaca, to celebrate their grandmother's birthday. One pretends to have a boyfriend she just met. Another has a girlfriend who is in love with one of his brothers. Another can not stand the way the grandmother treats him but he has been afraid of her for so long...until now.",
  "storyline": "A family gathering at the usual Hacienda brings astonishing events around the grandmother's birthday.",
  "plot": null,
  "synopsis": null
}