{
  "imdb_id": "tt3138192",
  "tmdb_id": "289239",
  "douban_id": null,
  "title": "Mostly Ghostly: Have You Met My Ghoulfriend? (Video 2014)",
  "genres": [
    "Family",
    "Fantasy",
    "Horror"
  ],
  "country": "USA",
  "version": [
    {
      "runtime": "90 min",
      "description": ""
    }
  ],
  "imdb_rating": 4.8,
  "director": [
    {
      "id": "nm0382072",
      "name": "Peter Hewitt"
    }
  ],
  "writer": [
    {
      "id": "nm0180902",
      "name": "Rich Correll",
      "description": "screenplay as Richard Correll"
    },
    {
      "id": "nm0830419",
      "name": "R.L. Stine",
      "description": "story"
    }
  ],
  "cast": [
    {
      "id": "nm2254074",
      "name": "Bella Thorne",
      "character": "Cammy"
    },
    {
      "id": "nm2452327",
      "name": "Ryan Ochoa",
      "character": "Max"
    },
    {
      "id": "nm1640086",
      "name": "Roshon Fegan",
      "character": "Nicky"
    },
    {
      "id": "nm2202521",
      "name": "Madison Pettis",
      "character": "Tara"
    },
    {
      "id": "nm2166833",
      "name": "Charlie Hewson",
      "character": "Phears"
    },
    {
      "id": "nm1101127",
      "name": "Calum Worthy",
      "character": "Colin"
    },
    {
      "id": "nm0469503",
      "name": "Eric Allan Kramer",
      "character": "John"
    },
    {
      "id": "nm0723432",
      "name": "Gigi Rice",
      "character": "Harriet"
    },
    {
      "id": "nm0001672",
      "name": "Joan Rivers",
      "character": "Grandma"
    },
    {
      "id": "nm3385246",
      "name": "Ali Eagle",
      "character": "Cousin Shelley"
    },
    {
      "id": "nm0481222",
      "name": "Caroline Lagerfelt",
      "character": "Older Emma"
    },
    {
      "id": "nm1325199",
      "name": "Anastasia Baranova",
      "character": "Young Emma"
    },
    {
      "id": "nm4120962",
      "name": "Marc Kenneth Robinson",
      "character": "Michael Roland"
    },
    {
      "id": "nm3620313",
      "name": "Casey Young",
      "character": "Michelle Roland"
    },
    {
      "id": "nm4326032",
      "name": "Wyatt Bernard",
      "character": "Bernie"
    },
    {
      "id": "nm9201805",
      "name": "Eric Julian Shaw",
      "character": "Carols"
    },
    {
      "id": "nm3021774",
      "name": "Adi Shankar",
      "character": "Photographer"
    },
    {
      "id": "nm0377321",
      "name": "Carolyn Hennesy",
      "character": "Coach Freeley"
    },
    {
      "id": "nm4000747",
      "name": "Juliette Cohen",
      "character": "Mrs. Wright"
    },
    {
      "id": "nm9201806",
      "name": "Hank Donovan",
      "character": "Kid"
    },
    {
      "id": "nm5921707",
      "name": "Abbey Blake",
      "character": "Trick or Treater"
    },
    {
      "id": "nm2755979",
      "name": "Mary Passeri",
      "character": "Principal Murphy"
    },
    {
      "id": "nm8091630",
      "name": "Elsie Hewitt",
      "character": "Cammy Friend 1"
    },
    {
      "id": "nm3880268",
      "name": "Chelsea Vale",
      "character": "Cammy Friend 2"
    },
    {
      "id": "nm8066756",
      "name": "Jordan Bailey",
      "character": "Girl on Street"
    }
  ],
  "overview": "Bella Thorne, Madison Pettis and Ryan Ochoa lead an ensemble cast in this spook-tacular adventure with new ghosts, new thrills, and the return of some old friends. Max (Ochoa) only has eyes for Cammy (Thorne), the smart, popular redhead at school. When Max finally scores a date with Cammy on Halloween, Phears, an evil ghost with plans on taking over the world, unleashes his ghouls and things go haywire. With the help of his ghostly pals, Tara and Nicky, can Max thwart Phears' evil plot, help reunite his ghost friends with their long-lost parents and still make his date with Cammy on Halloween? R.L. Stine's Mostly Ghostly: Have You Met My Ghoulfriend? is a frightful family delight!",
  "storyline": "Bella Thorne (Shake It Up!, Frenemies), Madison Pettis (Lab Rats, Beverly Hills Chihuahua 3) and Ryan Ochoa (Pair of Kings, The Perfect Game) lead an ensemble cast in this spook-tacular adventure with new ghosts, new thrills, and the return of some old friends. Max (Ochoa) only has eyes for Cammy (Thorne), the smart, popular redhead at school. When Max finally scores a date with Cammy on Halloween, Phears, an evil ghost with plans on taking over the world, unleashes his ghouls and things go haywire. With the help of his ghostly pals, Tara and Nicky, can Max thwart Phears' evil plot, help reunite his ghost friends with their long-lost parents and still make his date with Cammy on Halloween? R. L. Stine's Mostly Ghostly: Have You Met My Ghoulfriend? is a frightful family delight.",
  "plot": "Max Doyle (Ryan Ochoa) has eyes only for Cammie Cahill (Bella Thorne); the smart, popular red head girl in school. When Max finally scores a date with Cammie on Halloween, Phears, an evil ghost with plans taking over the world, unleashes his ghouls and things go haywire. With the help of his friends - Tara (Madison Pettis) and Nicky (Roshon Fegan) - who have turned into ghosts, he tries to destroy Phears (Charlie Hewson), before he takes over the world. The next morning, Max tells the truth to Cammie about having two ghost-friends. Fortunately Cammie believes him and they make out, revealing that they are now dating.",
  "synopsis": null
}