{
  "imdb_id": "tt3137764",
  "tmdb_id": "343934",
  "douban_id": null,
  "title": "Staten Island Summer (2015)",
  "genres": [
    "Comedy"
  ],
  "country": "USA",
  "version": [
    {
      "runtime": "108 min",
      "description": ""
    }
  ],
  "imdb_rating": 5.6,
  "director": [
    {
      "id": "nm1658104",
      "name": "Rhys Thomas"
    }
  ],
  "writer": [
    {
      "id": "nm1906042",
      "name": "Colin Jost",
      "description": null
    }
  ],
  "cast": [
    {
      "id": "nm1775177",
      "name": "Graham Phillips",
      "character": "Danny Campbell"
    },
    {
      "id": "nm3994945",
      "name": "Zack Pearlman",
      "character": "Frank Gomes"
    },
    {
      "id": "nm2230865",
      "name": "Ashley Greene",
      "character": "Krystal Manicucci"
    },
    {
      "id": "nm1293885",
      "name": "Bobby Moynihan",
      "character": "Skootch"
    },
    {
      "id": "nm3880059",
      "name": "John DeLuca",
      "character": "Anthony"
    },
    {
      "id": "nm5198446",
      "name": "Cecily Strong",
      "character": "Mary Ellen"
    },
    {
      "id": "nm3653190",
      "name": "Michael Patrick O'Brien",
      "character": "Chuck"
    },
    {
      "id": "nm0035488",
      "name": "Fred Armisen",
      "character": "Victor"
    },
    {
      "id": "nm3850986",
      "name": "Jackson Nicoll",
      "character": "Wendell"
    },
    {
      "id": "nm0000153",
      "name": "Gina Gershon",
      "character": "Ms. Greeley"
    },
    {
      "id": "nm0001508",
      "name": "Penny Marshall",
      "character": "Dolores"
    },
    {
      "id": "nm0005532",
      "name": "Kate Walsh",
      "character": "Danny's Mom"
    },
    {
      "id": "nm0300712",
      "name": "Jim Gaffigan",
      "character": "Danny's Dad"
    },
    {
      "id": "nm2369966",
      "name": "Katie Cockrell",
      "character": "Rachel"
    },
    {
      "id": "nm2372722",
      "name": "Kellie Cockrell",
      "character": "Rebecca"
    },
    {
      "id": "nm2513581",
      "name": "Owen Benjamin",
      "character": "Health Inspector"
    },
    {
      "id": "nm0665114",
      "name": "Vincent Pastore",
      "character": "Leo Manicucci"
    },
    {
      "id": "nm0083487",
      "name": "Mary Birdsong",
      "character": "Bianca Manicucci"
    },
    {
      "id": "nm1906042",
      "name": "Colin Jost",
      "character": "Officer Greg"
    },
    {
      "id": "nm0541218",
      "name": "Method Man",
      "character": "Konko"
    },
    {
      "id": "nm0425215",
      "name": "Hassan Johnson",
      "character": "Murray       (as Hassan Iniko Johnson)"
    },
    {
      "id": "nm0767779",
      "name": "Camille Saviola",
      "character": "Mrs. Bandini"
    },
    {
      "id": "nm6015931",
      "name": "Matt Larre",
      "character": "3rd Grade Danny       (as Matthew Larre)"
    },
    {
      "id": "nm7433196",
      "name": "Sammi Sanchez",
      "character": "6th Grade Krystal"
    },
    {
      "id": "nm0287182",
      "name": "Will Forte",
      "character": "Motorcycle Guy"
    },
    {
      "id": "nm4872625",
      "name": "Angela Raiola",
      "character": "Herself       (as Big Ang)"
    },
    {
      "id": "nm0454392",
      "name": "Woodie King Jr.",
      "character": "Mr. Stewart"
    },
    {
      "id": "nm0571952",
      "name": "Kate McKinnon",
      "character": "Mrs. Bandini Jr."
    },
    {
      "id": "nm3354256",
      "name": "Casey Jost",
      "character": "Officer Wankel"
    },
    {
      "id": "nm5589988",
      "name": "Lisa Fiebert",
      "character": "Teenage Girl"
    },
    {
      "id": "nm4785566",
      "name": "Ari Barkan",
      "character": "Speedo Guy"
    },
    {
      "id": "nm2855561",
      "name": "Amyrh Harris",
      "character": "Wendell's Friend #1       (as Amryh Harris)"
    },
    {
      "id": "nm6018250",
      "name": "Ricky Scola",
      "character": "Wendell's Friend #2"
    },
    {
      "id": "nm1658104",
      "name": "Rhys Thomas",
      "character": "The Devil       (voice)"
    }
  ],
  "overview": "Pals Danny and Frank spend the summer after high school working as lifeguards while figuring out their future.",
  "storyline": "Danny, Frank, and the rest of the life guards at the Great Kills Swim Club decide to throw a killer party and hook up Danny with his childhood babysitter on his last weekend in town. Meanwhile, Chuck, the pool manager is the trying to shut them down.",
  "plot": "This section is empty. You can help by adding to it. (March 2016)\nThe film is based on Danny and Frank's last summer together before college. They are both working as lifeguards and trying to find summer hook ups. With a troubling set back they still manage to throw an end of the summer party.",
  "synopsis": null
}