{
  "imdb_id": "tt3151394",
  "tmdb_id": "225238",
  "douban_id": null,
  "title": "Easier Said Than Done (2013)",
  "genres": [
    "Documentary"
  ],
  "country": "USA",
  "version": [
    {
      "runtime": "75 min",
      "description": ""
    }
  ],
  "imdb_rating": 7.4,
  "director": [
    {
      "id": "nm4975987",
      "name": "Matt Johnston"
    }
  ],
  "writer": null,
  "cast": [
    {
      "id": "nm3491772",
      "name": "Chris Duplessis",
      "character": "Himself"
    }
  ],
  "overview": "Easier Said Than Done explores the ultimate motorsport - rallying. Following an international cast of characters including top drivers, mechanics and co-drivers from around the world. The film focuses on young three time U.S champion Chris Duplessis while he makes an attempt to reach the top level of the sport, the World Rally Championship. Rallying is extremely difficult. It's expensive, dirty, rough and one of the last pure motorsports in the world.",
  "storyline": "Easier Said Than Done explores the ultimate motorsport - rallying. Following an international cast of characters including top drivers, mechanics and co-drivers from around the world. The film focuses on young three time U.S champion Chris Duplessis while he makes an attempt to reach the top level of the sport, the World Rally Championship. Rallying is extremely difficult. It's expensive, dirty, rough and one of the last pure motorsports in the world.",
  "plot": null,
  "synopsis": null
}