{
  "imdb_id": "tt3182590",
  "tmdb_id": "281968",
  "douban_id": null,
  "title": "Sapience (2014)",
  "genres": [
    "Drama"
  ],
  "country": "France",
  "version": [
    {
      "runtime": "101 min",
      "description": ""
    }
  ],
  "imdb_rating": 6.5,
  "director": [
    {
      "id": "nm0337833",
      "name": "Eug\u00e8ne Green"
    }
  ],
  "writer": [
    {
      "id": "nm0337833",
      "name": "Eug\u00e8ne Green",
      "description": "written by"
    }
  ],
  "cast": [
    {
      "id": "nm0740090",
      "name": "Fabrizio Rongione",
      "character": "Alexandre Schmidt"
    },
    {
      "id": "nm0698821",
      "name": "Christelle Prot",
      "character": "Ali\u00e9nor Schmidt       (as Christelle Prot Landman)"
    },
    {
      "id": "nm5942731",
      "name": "Ludovico Succio",
      "character": "Goffredo"
    },
    {
      "id": "nm4019876",
      "name": "Arianna Nastro",
      "character": "Lavinia"
    },
    {
      "id": "nm6615067",
      "name": "Herv\u00e9 Compagne",
      "character": "Ministre"
    },
    {
      "id": "nm6615068",
      "name": "Sabine Ponte",
      "character": "Isabelle"
    },
    {
      "id": "nm6615069",
      "name": "Gilles Tonnel\u00e9",
      "character": "Pr\u00e9sident du Conseil"
    },
    {
      "id": "nm6615070",
      "name": "Nathalie Chazeau",
      "character": "Femme au t\u00e9l\u00e9phone"
    },
    {
      "id": "nm6615071",
      "name": "Irene Fittabile",
      "character": "La m\u00e8re"
    },
    {
      "id": "nm3477888",
      "name": "Michele Franco",
      "character": "Concierge de la Sapienza"
    },
    {
      "id": "nm6007553",
      "name": "Jon Firman",
      "character": "L'Australien"
    },
    {
      "id": "nm4028709",
      "name": "Mario Bois",
      "character": "Le r\u00e9ceptionniste"
    },
    {
      "id": "nm2312933",
      "name": "Cl\u00e9ment Cogitore",
      "character": "Andr\u00e9"
    },
    {
      "id": "nm2462508",
      "name": "Chiara Malta",
      "character": "Maria Rosaria Vittori"
    },
    {
      "id": "nm0490736",
      "name": "S\u00e9bastien Laudenbach",
      "character": "Thomas Gridaine"
    },
    {
      "id": "nm6615072",
      "name": "Elisabeth Pelon",
      "character": "Charlotte de Brissac"
    },
    {
      "id": "nm6615073",
      "name": "S\u00e9bastien Borghi",
      "character": "Marc M\u00e9rancourt"
    },
    {
      "id": "nm0337833",
      "name": "Eug\u00e8ne Green",
      "character": "Le Chald\u00e9en"
    }
  ],
  "overview": "The story is one of an architect that has lost his inspiration and goes looking for those motivations that pushed him as a youngster to take up the profession. Inspiring him was the baroque movement and all of its artifices: the Guarini in Turin and the Borromini in Rome. The film\u2019s central story ends up being the love story that develops between architecture, artistic inspiration and feelings.",
  "storyline": "At the height of his career, Alexandre decides to set off for Italy with the idea of completing of a book on Borromini. Along with his wife Alienor feels her relationship with Alexandre is gradually slipping away. Along the way they meet siblings Goffredo and Lavinia. Gofffredo is about to embark in architectural studies. A story of rediscover the joys of life and overcoming anxiety.",
  "plot": null,
  "synopsis": null
}