{
  "imdb_id": "tt3100694",
  "tmdb_id": "297390",
  "douban_id": null,
  "title": "I Am from Chile (2013)",
  "genres": [
    "Comedy",
    "Drama"
  ],
  "country": "Chile",
  "version": [
    {
      "runtime": "109 min",
      "description": ""
    }
  ],
  "imdb_rating": 6.7,
  "director": [
    {
      "id": "nm2793998",
      "name": "Gonzalo Diaz"
    }
  ],
  "writer": [
    {
      "id": "nm2793998",
      "name": "Gonzalo Diaz",
      "description": "writer"
    },
    {
      "id": "nm1911164",
      "name": "Trinidad Jim\u00e9nez",
      "description": "writer"
    }
  ],
  "cast": [
    {
      "id": "nm2926981",
      "name": "Diego Ruiz",
      "character": "Salvador"
    },
    {
      "id": "nm1257208",
      "name": "Paulina Garc\u00eda",
      "character": "Mar\u00eda"
    },
    {
      "id": "nm1854385",
      "name": "Ivan Alvarez de Araya",
      "character": "Iv\u00e1n"
    },
    {
      "id": "nm3086221",
      "name": "Tamara Ferreira",
      "character": "Yoshiko"
    },
    {
      "id": "nm4300065",
      "name": "Catalina Aguayo",
      "character": "Virginia"
    },
    {
      "id": "nm1717005",
      "name": "Santiago Meneghello",
      "character": "Nicol\u00e1s"
    },
    {
      "id": "nm5853638",
      "name": "Robert Scott",
      "character": "Armando"
    },
    {
      "id": "nm5853639",
      "name": "Katerina Cabezas",
      "character": "Isabel"
    },
    {
      "id": "nm0324766",
      "name": "Alejandro Goic",
      "character": "Felipe"
    },
    {
      "id": "nm0063232",
      "name": "Shlomit Baytelman",
      "character": "Marta"
    }
  ],
  "overview": null,
  "storyline": "Salvador is a young Chilean who moves to London to study English and travel around Europe. While in London, he stays with his aunt Maria, an immature and alcoholic 55 year old woman. When Salvador's parents face unexpected economic hardship, it threatens to cut short their son's London experience. Seduced by what the city has to offer, Salvador refuses to return to Chile. With the help of Maria and his other flatmates (Ivan, a Russian drug dealer and Yoshiko, his Japanese girlfriend), he manages to stay and find temporary jobs but difficult and challenging situation will force him out of his protected bourgeois reality.",
  "plot": "Gloria (Garc\u00eda) is a 58-year-old divorc\u00e9e. Her grown son and daughter have their own lives. She meets Rodolfo (Hern\u00e1ndez), seven years her senior who, like her, is seeking companionship, but he cannot give up his other relationships.",
  "synopsis": null
}