{
  "imdb_id": "tt3149484",
  "tmdb_id": "238434",
  "douban_id": null,
  "title": "Ne me quitte pas (2013)",
  "genres": [
    "Documentary",
    "Comedy",
    "Drama"
  ],
  "country": "Netherlands",
  "version": [
    {
      "runtime": "107 min",
      "description": ""
    }
  ],
  "imdb_rating": 7.3,
  "director": [
    {
      "id": "nm5908839",
      "name": "Sabine Lubbe Bakker"
    },
    {
      "id": "nm4221160",
      "name": "Niels van Koevorden"
    }
  ],
  "writer": [
    {
      "id": "nm5908839",
      "name": "Sabine Lubbe Bakker",
      "description": "writer"
    },
    {
      "id": "nm4221160",
      "name": "Niels van Koevorden",
      "description": "writer"
    }
  ],
  "cast": [
    {
      "id": "nm7040067",
      "name": "Bob",
      "character": "Himself"
    },
    {
      "id": "nm7040068",
      "name": "Marcel",
      "character": "Himself"
    }
  ],
  "overview": "The film tells the story of two friends who want to disappear from life. While their country Belgium is falling apart, two lost souls cling to each other.",
  "storyline": "Ne Me Quitte Pas is a tragicomic ode to failure. Set in the Belgian countryside, Bob (Flemish) and Marcel (Walloon) share their solitude, sense of humor and craving for alcohol. It is a story about mortality in a place where time seems to stand still.",
  "plot": null,
  "synopsis": null
}