{
  "imdb_id": "tt3128384",
  "tmdb_id": "230695",
  "douban_id": null,
  "title": "Elio Berhanyer, maestro del dise\u00f1o (2013)",
  "genres": [
    "Documentary"
  ],
  "country": "Spain",
  "version": [
    {
      "runtime": "62 min",
      "description": ""
    }
  ],
  "imdb_rating": null,
  "director": [
    {
      "id": "nm0303561",
      "name": "Diego Gal\u00e1n"
    }
  ],
  "writer": [
    {
      "id": "nm0303561",
      "name": "Diego Gal\u00e1n",
      "description": null
    }
  ],
  "cast": null,
  "overview": null,
  "storyline": null,
  "plot": null,
  "synopsis": null
}