{
  "imdb_id": "tt3258028",
  "tmdb_id": "391377",
  "douban_id": null,
  "title": "La guerra del fracking (2013)",
  "genres": [
    "Documentary"
  ],
  "country": "Argentina",
  "version": [
    {
      "runtime": "85 min",
      "description": ""
    }
  ],
  "imdb_rating": 6.7,
  "director": [
    {
      "id": "nm0812625",
      "name": "Fernando E. Solanas"
    }
  ],
  "writer": [
    {
      "id": "nm0812625",
      "name": "Fernando E. Solanas",
      "description": null
    }
  ],
  "cast": [
    {
      "id": "nm6013953",
      "name": "F\u00e9lix Herrero",
      "character": "Himself"
    },
    {
      "id": "nm5885477",
      "name": "Maristella Svampa",
      "character": "Herself"
    }
  ],
  "overview": "Through a trip to the site Vaca Muerta, in Neuquen, the specialist Felix Herrero and research Maristella Svampa, revealing testimonies of villagers and technicians on the effects and results of the new process oil and unconventional gas are collected.",
  "storyline": null,
  "plot": null,
  "synopsis": null
}