{
  "imdb_id": "tt3216846",
  "tmdb_id": "270802",
  "douban_id": null,
  "title": "Devilish Charm (2014)",
  "genres": [
    "Thriller"
  ],
  "country": "USA",
  "version": [
    {
      "runtime": "78 min",
      "description": ""
    }
  ],
  "imdb_rating": 3.8,
  "director": [
    {
      "id": "nm0213983",
      "name": "David DeCoteau"
    }
  ],
  "writer": [
    {
      "id": "nm0437490",
      "name": "Rolfe Kanefsky",
      "description": "written by"
    }
  ],
  "cast": [
    {
      "id": "nm4056856",
      "name": "Courtney B. Turk",
      "character": "Olivia Lindstrom       (as Courtney B Turk)"
    },
    {
      "id": "nm0908185",
      "name": "Ryan Walker",
      "character": "Mike Keller"
    },
    {
      "id": "nm2151697",
      "name": "R.J. Cantu",
      "character": "Detective Henry Mitchell"
    },
    {
      "id": "nm0606637",
      "name": "Jessica Morris",
      "character": "Suzette Williams"
    },
    {
      "id": "nm0879891",
      "name": "Helene Udy",
      "character": "Dean Beatrice Wallace"
    },
    {
      "id": "nm3363412",
      "name": "Nikki BreAnne Wells",
      "character": "Doreen Stone"
    },
    {
      "id": "nm3470973",
      "name": "Kayla Radomski",
      "character": "Yancy Stevens"
    },
    {
      "id": "nm5865188",
      "name": "Morgan Dixon",
      "character": "Roxanne Hall"
    },
    {
      "id": "nm5787320",
      "name": "Layla Zova",
      "character": "India"
    },
    {
      "id": "nm4800943",
      "name": "Aaron Ryan",
      "character": "Bill Unger"
    },
    {
      "id": "nm0518739",
      "name": "Lisa London",
      "character": "Teri Stevens"
    },
    {
      "id": "nm5923661",
      "name": "Jake Mateo",
      "character": "James"
    },
    {
      "id": "nm5233873",
      "name": "Megan Myrehn",
      "character": "Crystal"
    },
    {
      "id": "nm0779292",
      "name": "Jason-Shane Scott",
      "character": "Paul"
    },
    {
      "id": "nm3104621",
      "name": "Kyle Morris",
      "character": "Satan"
    },
    {
      "id": "nm6113984",
      "name": "Austin Falk",
      "character": "Ryan"
    },
    {
      "id": "nm5932897",
      "name": "Bryce Sorensen",
      "character": "Kirk       (as Bryce Warren)"
    },
    {
      "id": "nm6214735",
      "name": "Alexander Echeverria",
      "character": "Nathan Fury"
    },
    {
      "id": "nm6214734",
      "name": "Carson Boatman",
      "character": "Clark"
    },
    {
      "id": "nm0218674",
      "name": "Darcy DeMoss",
      "character": "Shopkeeper"
    }
  ],
  "overview": "When a cursed devil's charm' bracelet shows up at a sorority house on Valentine's Day, each girl tries to make a series of wishes, and each finds that unintended consequences are the primary purpose of Satan's sinister strategy.",
  "storyline": "When a cursed devil's charm' bracelet shows up at a sorority house on Valentine's Day, each girl tries to make a series of wishes, and each finds that unintended consequences are the primary purpose of Satan's sinister strategy.",
  "plot": null,
  "synopsis": null
}