{
  "imdb_id": "tt3281592",
  "tmdb_id": "427426",
  "douban_id": null,
  "title": "Scouts Honor: Inside a Marching Brotherhood (2014)",
  "genres": [
    "Documentary",
    "Music",
    "Sport"
  ],
  "country": "USA",
  "version": [
    {
      "runtime": "96 min",
      "description": ""
    }
  ],
  "imdb_rating": 9.3,
  "director": [
    {
      "id": "nm0809181",
      "name": "Mac Smith"
    },
    {
      "id": "nm6035731",
      "name": "Tom Tollefsen"
    }
  ],
  "writer": [
    {
      "id": "nm0809181",
      "name": "Mac Smith",
      "description": "writer"
    },
    {
      "id": "nm6035731",
      "name": "Tom Tollefsen",
      "description": "writer"
    }
  ],
  "cast": [
    {
      "id": "nm7277567",
      "name": "Hunter Paradise",
      "character": "Himself"
    },
    {
      "id": "nm7277569",
      "name": "Brandon MacConnell",
      "character": "Himself"
    },
    {
      "id": "nm7277568",
      "name": "Jo Higdon",
      "character": "Himself"
    },
    {
      "id": "nm7277570",
      "name": "Dann Petersen",
      "character": "Himself"
    },
    {
      "id": "nm8189173",
      "name": "Devin Garza",
      "character": "Himself"
    },
    {
      "id": "nm10045861",
      "name": "Madison Scouts Drum and Bugle Corps",
      "character": "Themselves"
    }
  ],
  "overview": "Three young men commit themselves to one of the best summers of their lives...marching in a World Class drum and bugle corps. The bond of brotherhood this organization provides, helps them through both their struggles and their triumphs.",
  "storyline": "In one unforgettable summer, three young men commit themselves to one of the most demanding youth activities in the country -- World Class drum and bugle corps: A veteran drumline member steps into a leadership role for the first time; a 15-year-old trumpet player from Texas becomes the youngest member of the entire corps; and a color guard member fights to finish his final season after receiving a life-changing diagnosis. Often referred to as \"marching band on steroids,\" drum and bugle corps pushes young people to extreme levels, both physically and mentally -- all for one 11-minute performance. All three young men march with the Madison Scouts from Madison, Wisconsin. The strong brotherhood of this all-male organization helps them through their struggles and celebrates their triumphs.",
  "plot": null,
  "synopsis": null
}