{
  "imdb_id": "tt3270108",
  "tmdb_id": "289891",
  "douban_id": null,
  "title": "Jackie & Ryan (2014)",
  "genres": [
    "Drama",
    "Family",
    "Music",
    "Romance"
  ],
  "country": "USA",
  "version": [
    {
      "runtime": "90 min",
      "description": ""
    }
  ],
  "imdb_rating": null,
  "director": [
    {
      "id": "nm0542642",
      "name": "Ami Canaan Mann"
    }
  ],
  "writer": [
    {
      "id": "nm0542642",
      "name": "Ami Canaan Mann",
      "description": "story"
    },
    {
      "id": "nm0542642",
      "name": "Ami Canaan Mann",
      "description": null
    }
  ],
  "cast": [
    {
      "id": "nm0001337",
      "name": "Katherine Heigl",
      "character": "Jackie"
    },
    {
      "id": "nm1602660",
      "name": "Ben Barnes",
      "character": "Ryan"
    },
    {
      "id": "nm0245112",
      "name": "Clea DuVall",
      "character": "Virginia"
    },
    {
      "id": "nm3014840",
      "name": "Emily Alyn Lind",
      "character": "Lia"
    },
    {
      "id": "nm0498247",
      "name": "Sheryl Lee",
      "character": "Miriam"
    },
    {
      "id": "nm1123709",
      "name": "Ryan Bingham",
      "character": "Cowboy's Brother"
    },
    {
      "id": "nm1013057",
      "name": "Jeffrey Hanson",
      "character": "Matt Ridenour       (as Jeff Hanson)"
    },
    {
      "id": "nm4359845",
      "name": "Adam Dietlein",
      "character": "Wes"
    },
    {
      "id": "nm0329245",
      "name": "Terence Goodman",
      "character": "Doc"
    },
    {
      "id": "nm5701668",
      "name": "Duane Stephens",
      "character": "Old Tramp"
    },
    {
      "id": "nm1047203",
      "name": "Annette Wright",
      "character": "Music Clerk"
    },
    {
      "id": "nm3381667",
      "name": "Lyle Werner",
      "character": "Georgie"
    },
    {
      "id": "nm1570097",
      "name": "Kelsi Cullimore",
      "character": "Pretty Girl"
    },
    {
      "id": "nm0594458",
      "name": "Joey Miyashima",
      "character": "Alfred"
    },
    {
      "id": "nm1460829",
      "name": "Allan Groves",
      "character": "Tweed Cap"
    },
    {
      "id": "nm6321342",
      "name": "Dylan Holley",
      "character": "Blue Jeans Kid"
    },
    {
      "id": "nm6321343",
      "name": "Kate Holley",
      "character": "Blue Jeans Sister"
    },
    {
      "id": "nm3618416",
      "name": "Chelsea Goodwin",
      "character": "Girl Clerk"
    },
    {
      "id": "nm0838647",
      "name": "Christy Summerhays",
      "character": "Camp Counselor"
    },
    {
      "id": "nm3405709",
      "name": "Nell Gwynn",
      "character": "Darlene"
    },
    {
      "id": "nm0336693",
      "name": "Jacque Gray",
      "character": "Music Store Mom"
    },
    {
      "id": "nm0828654",
      "name": "Nathan Stevens",
      "character": "Kid"
    },
    {
      "id": "nm0509546",
      "name": "Julie-Anne Liechty",
      "character": "Old Lady"
    },
    {
      "id": "nm0841905",
      "name": "Anne Sward",
      "character": "Allison"
    },
    {
      "id": "nm2865967",
      "name": "Anne Marie Betts",
      "character": "Caroline"
    },
    {
      "id": "nm3437987",
      "name": "Ben Hopkin",
      "character": "Coffee Shop Manager"
    },
    {
      "id": "nm3198758",
      "name": "Jared Shipley",
      "character": "Clerk"
    },
    {
      "id": "nm0144152",
      "name": "Alan Cassidy",
      "character": "Old Man Driver"
    },
    {
      "id": "nm2466990",
      "name": "Loren Lambert",
      "character": "Man in Suit"
    },
    {
      "id": "nm0483904",
      "name": "Al Lampkin",
      "character": "Mr. Growman"
    },
    {
      "id": "nm8261487",
      "name": "Scott Van Leeuwen",
      "character": "Pawn Shop Clerk"
    },
    {
      "id": "nm1845183",
      "name": "Ben Governale",
      "character": "Pick Up Driver"
    },
    {
      "id": "nm1142253",
      "name": "Alex Nibley",
      "character": "Real Estate Guy"
    },
    {
      "id": "nm7810256",
      "name": "Nick Hans",
      "character": "Guitar Player"
    },
    {
      "id": "nm0452593",
      "name": "Paul Kiernan",
      "character": "Train Yard Worker"
    },
    {
      "id": "nm1959866",
      "name": "Brad Johnson",
      "character": "Police Officer"
    },
    {
      "id": "nm1496236",
      "name": "Josh Kelley",
      "character": "Guitar Player #2"
    },
    {
      "id": "nm4050404",
      "name": "Demitria Cline",
      "character": "Little Girl #1"
    },
    {
      "id": "nm7785965",
      "name": "Preslee Squires",
      "character": "Little Girl #2"
    },
    {
      "id": "nm6742253",
      "name": "Fergus Daly",
      "character": "Himself"
    },
    {
      "id": "nm5126343",
      "name": "Diva",
      "character": "Dog in Truck"
    },
    {
      "id": "nm10133482",
      "name": "Vivian Arthus",
      "character": "Groupy Girl #2"
    }
  ],
  "overview": "A modern day train hopper fighting to be a successful musician and a single mom battling to maintain custody of her daughter defy their circumstances by coming together in a relationship that may change each others lives forever.",
  "storyline": "A modern day train hopper fighting to become a successful musician, and a single mom battling to maintain custody of her daughter, defy their circumstances by coming together in a relationship that may change each others lives forever.",
  "plot": "This article needs an improved plot summary. (June 2016)\nRyan, a modern day train hopper fighting to be a successful musician, and Jackie, a recent single mom battling to hold onto her daughter, defy their circumstances by coming together in a relationship that changes their lives forever.",
  "synopsis": null
}