{
  "imdb_id": "tt3214108",
  "tmdb_id": "258654",
  "douban_id": null,
  "title": "Paradise for the Damned (2013)",
  "genres": [
    "Drama",
    "Thriller"
  ],
  "country": "Argentina",
  "version": [
    {
      "runtime": "85 min",
      "description": ""
    }
  ],
  "imdb_rating": 5.3,
  "director": [
    {
      "id": "nm1210360",
      "name": "Alejandro Montiel"
    }
  ],
  "writer": [
    {
      "id": "nm1210360",
      "name": "Alejandro Montiel",
      "description": "writer"
    }
  ],
  "cast": [
    {
      "id": "nm0299078",
      "name": "Joaqu\u00edn Furriel",
      "character": "Marcial"
    },
    {
      "id": "nm0881802",
      "name": "Alejandro Urdapilleta",
      "character": "Roman"
    },
    {
      "id": "nm3159825",
      "name": "Maricel \u00c1lvarez",
      "character": "Miriam       (as Maricel Alvarez)"
    }
  ],
  "overview": "We all want to have a family. He is the only one willing to kill to get one",
  "storyline": "We all want to have a family. He is the only one willing to kill to get one.",
  "plot": null,
  "synopsis": null
}