{
  "imdb_id": "tt3238448",
  "tmdb_id": "236768",
  "douban_id": null,
  "title": "Rush: Clockwork Angels Tour (Video 2013)",
  "genres": [
    "Music"
  ],
  "country": "USA",
  "version": [
    {
      "runtime": "183 min",
      "description": ""
    }
  ],
  "imdb_rating": 8.9,
  "director": [
    {
      "id": "nm1385433",
      "name": "Dale Heslip"
    }
  ],
  "writer": null,
  "cast": [
    {
      "id": "nm0059431",
      "name": "Jay Baruchel",
      "character": "(archive footage)"
    },
    {
      "id": "nm0509820",
      "name": "Alex Lifeson",
      "character": "Himself - Guitar"
    },
    {
      "id": "nm1441958",
      "name": "Geddy Lee",
      "character": "Himself - Vocals /              Guitar /              Synthesizers"
    },
    {
      "id": "nm1307637",
      "name": "Neil Peart",
      "character": "Himself - Drums & Percussion"
    }
  ],
  "overview": "Rush Clockwork Angels Tour captures the Rock &amp; Roll Hall of Famers' 2012-2013 sold-out tour from a unique point-of-view approach to film-making utilizing distinct composition and a voyeuristic style that at varying moments puts the viewer on the stage, at the side of the stage, and throughout the arena. For the first time ever the legendary band  was accompanied on this tour by an eight-piece string section!",
  "storyline": "Rush's performance on their Clockwork Angels tour in Dallas. The set features songs off their latest studio album, deep cuts and classics.",
  "plot": null,
  "synopsis": null
}