{
  "imdb_id": "tt3296748",
  "tmdb_id": "327345",
  "douban_id": null,
  "title": "Thank You, Cabbage (2013)",
  "genres": [
    "Short",
    "Comedy"
  ],
  "country": "USA",
  "version": [
    {
      "runtime": "26 min",
      "description": ""
    }
  ],
  "imdb_rating": null,
  "director": [
    {
      "id": "nm3979315",
      "name": "Mitch Magee"
    }
  ],
  "writer": [
    {
      "id": "nm3979315",
      "name": "Mitch Magee",
      "description": "writer"
    }
  ],
  "cast": [
    {
      "id": "nm6050990",
      "name": "Austin Cauldwell",
      "character": "Ethan"
    },
    {
      "id": "nm3202519",
      "name": "Jocelyn DeBoer",
      "character": "Allison"
    },
    {
      "id": "nm2577014",
      "name": "Lora Lee Ecobelli",
      "character": "Book Signing Fan"
    },
    {
      "id": "nm5910883",
      "name": "Mimi Fischer",
      "character": "Q&A Woman"
    },
    {
      "id": "nm4852991",
      "name": "Frank Garcia-Hejl",
      "character": "Mark       (as Frank Hejl)"
    },
    {
      "id": "nm0611087",
      "name": "Maureen Mueller",
      "character": "Cheryl Bell"
    },
    {
      "id": "nm2569773",
      "name": "Anthony Newfield",
      "character": "Alan Bell"
    },
    {
      "id": "nm1461258",
      "name": "Dee Pelletier",
      "character": "Rosalind (Literary Agent)"
    },
    {
      "id": "nm6079347",
      "name": "Nancy Rubel",
      "character": "Book Store Patron"
    },
    {
      "id": "nm1746438",
      "name": "Nate Smith",
      "character": "Josh"
    },
    {
      "id": "nm5602715",
      "name": "Tomas Uhliarik",
      "character": "Waiter"
    }
  ],
  "overview": "Allison Segal is about to embark on a three-week tour to promote her memoir. Unfortunately, her marriage is falling apart, her memoir is a lie, and a cabbage has told her she's going to have an affair.",
  "storyline": "Allison Segal is about to embark on a three-week tour to promote her memoir. Unfortunately, her marriage is falling apart, her memoir is a lie, and a cabbage has told her she's going to have an affair.",
  "plot": null,
  "synopsis": null
}