{
  "imdb_id": "tt3318220",
  "tmdb_id": "244063",
  "douban_id": null,
  "title": "Boys (TV Movie 2014)",
  "genres": [
    "Drama",
    "Romance"
  ],
  "country": "Netherlands",
  "version": [
    {
      "runtime": "78 min",
      "description": ""
    }
  ],
  "imdb_rating": 7.5,
  "director": [
    {
      "id": "nm0436899",
      "name": "Mischa Kamp"
    }
  ],
  "writer": [
    {
      "id": "nm1680438",
      "name": "Chris Westendorp",
      "description": "screenplay &"
    },
    {
      "id": "nm4106718",
      "name": "Jaap-Peter Enderle",
      "description": "screenplay as Jaap Peter Enderl\u00e9"
    }
  ],
  "cast": [
    {
      "id": "nm4714014",
      "name": "Gijs Blom",
      "character": "Sieger"
    },
    {
      "id": "nm4531861",
      "name": "Ko Zandvliet",
      "character": "Marc"
    },
    {
      "id": "nm4724525",
      "name": "Jonas Smulders",
      "character": "Eddy"
    },
    {
      "id": "nm0440368",
      "name": "Ton Kas",
      "character": "Theo"
    },
    {
      "id": "nm3730753",
      "name": "Stijn Taverne",
      "character": "Stef"
    },
    {
      "id": "nm4747498",
      "name": "Myron Wouts",
      "character": "Tom"
    },
    {
      "id": "nm2558112",
      "name": "Ferdi Stofmeel",
      "character": "Coach"
    },
    {
      "id": "nm4032318",
      "name": "Lotte Razoux Schultz",
      "character": "Jessica"
    },
    {
      "id": "nm3529656",
      "name": "Rachelle Verdel",
      "character": "Kim"
    },
    {
      "id": "nm5323888",
      "name": "Julia Akkermans",
      "character": "Vriendin Eddy"
    },
    {
      "id": "nm2085667",
      "name": "Jeffrey Hamilton",
      "character": "Niclas"
    },
    {
      "id": "nm0517054",
      "name": "Rifka Lodeizen",
      "character": "Moeder Marc"
    },
    {
      "id": "nm0401562",
      "name": "Micha Hulshof",
      "character": "Jongen snackbar"
    },
    {
      "id": "nm0646083",
      "name": "Caroline Olde Rikkert",
      "character": "Verkoopster drogisterij"
    }
  ],
  "overview": "BOYS tells the story of Sieger, a sporty, rather quiet 15-year-old boy who discovers love during the summer holidays. Sieger is training in the new athletics team for the national relay championships and meets the intriguing and unpredictable Marc. The friendship that develops seems nothing out of the ordinary, but Sieger secretly harbours stronger feelings for Marc. He engages in a lonely struggle with himself when it emerges that Marc is also in love with him.",
  "storyline": "BOYS tells the story of Sieger, a sporty, rather quiet 15-year-old boy who discovers love during the summer holidays. Sieger is training in the new athletics team for the national relay championships and meets the intriguing and unpredictable Marc. The friendship that develops seems nothing out of the ordinary, but Sieger secretly harbours stronger feelings for Marc. He engages in a lonely struggle with himself when it emerges that Marc is also in love with him. With his best friend Stef, Sieger discovers a motocross track outside the village. Events soon take on a momentum of their own as Sieger quickly becomes involved with Jessica. At last, he counts for something in the eyes of his tough older brother Eddy, who is secretly using the track to tear around on a moped. Sieger keeps quiet about this to his father, who often clashes with the rebellious Eddy since their mother's death. Sieger tries to make peace between the two, but his mind is elsewhere, as he finds it increasingly ...",
  "plot": null,
  "synopsis": null
}