{
  "imdb_id": "tt3351004",
  "tmdb_id": "264001",
  "douban_id": null,
  "title": "Un matrimonio da favola (2014)",
  "genres": [
    "Comedy"
  ],
  "country": "Italy",
  "version": [
    {
      "runtime": "92 min",
      "description": ""
    }
  ],
  "imdb_rating": 5.6,
  "director": [
    {
      "id": "nm0889402",
      "name": "Carlo Vanzina"
    }
  ],
  "writer": [
    {
      "id": "nm0889402",
      "name": "Carlo Vanzina",
      "description": null
    },
    {
      "id": "nm0889403",
      "name": "Enrico Vanzina",
      "description": null
    }
  ],
  "cast": [
    {
      "id": "nm0578633",
      "name": "Ricky Memphis",
      "character": "Daniele"
    },
    {
      "id": "nm0316271",
      "name": "Adriano Giannini",
      "character": "Luca"
    },
    {
      "id": "nm0813035",
      "name": "Emilio Solfrizzi",
      "character": "Giovanni"
    },
    {
      "id": "nm0664671",
      "name": "Giorgio Pasotti",
      "character": "Alessandro"
    },
    {
      "id": "nm0733625",
      "name": "Stefania Rocca",
      "character": "Luciana"
    },
    {
      "id": "nm1955816",
      "name": "Ilaria Spada",
      "character": "Sara"
    },
    {
      "id": "nm0590883",
      "name": "Paola Minaccioni",
      "character": "Paola"
    },
    {
      "id": "nm0652619",
      "name": "Andrea Osv\u00e1rt",
      "character": "Barbara"
    },
    {
      "id": "nm1678527",
      "name": "Luca Angeletti",
      "character": "Roberto"
    },
    {
      "id": "nm3703952",
      "name": "Pia Engleberth",
      "character": "Brunella"
    },
    {
      "id": "nm0148081",
      "name": "Teco Celio",
      "character": "Casimiro"
    },
    {
      "id": "nm0278522",
      "name": "Roberta Fiorentini",
      "character": ""
    },
    {
      "id": "nm0744301",
      "name": "Riccardo Rossi",
      "character": "Fabio Rocchetti"
    },
    {
      "id": "nm0082764",
      "name": "Alexandru Bindea",
      "character": ""
    },
    {
      "id": "nm2974500",
      "name": "Francesco Cataldo",
      "character": "Cerimoniere"
    },
    {
      "id": "nm8170627",
      "name": "Oxana Edelweiss",
      "character": ""
    },
    {
      "id": "nm3998779",
      "name": "Stephan K\u00e4fer",
      "character": "Michael       (as Stephan Kaefer)"
    },
    {
      "id": "nm5942819",
      "name": "Franco Moscon",
      "character": "Giardiniere del castello"
    },
    {
      "id": "nm0770174",
      "name": "Gabrielle Scharnitzky",
      "character": "Ludmilla"
    },
    {
      "id": "nm0869035",
      "name": "Massimiliano Tortora",
      "character": "Remo       (as Max Tortora)"
    },
    {
      "id": "nm0954141",
      "name": "David Kirk Traylor",
      "character": "American tourist husband       (as David Traylor)"
    }
  ],
  "overview": null,
  "storyline": "Daniel uses his wedding to a wealthy heiress as the excuse for a school reunion with hilarious results.",
  "plot": null,
  "synopsis": null
}