{
  "imdb_id": "tt3302706",
  "tmdb_id": "286519",
  "douban_id": null,
  "title": "Boychoir (2014)",
  "genres": [
    "Drama",
    "Music"
  ],
  "country": "USA",
  "version": [
    {
      "runtime": "103 min",
      "description": ""
    }
  ],
  "imdb_rating": 6.7,
  "director": [
    {
      "id": "nm0320660",
      "name": "Fran\u00e7ois Girard"
    }
  ],
  "writer": [
    {
      "id": "nm1618286",
      "name": "Ben Ripley",
      "description": "written by"
    }
  ],
  "cast": [
    {
      "id": "nm0000163",
      "name": "Dustin Hoffman",
      "character": "Carvelle"
    },
    {
      "id": "nm0000870",
      "name": "Kathy Bates",
      "character": "Headmistress"
    },
    {
      "id": "nm0412850",
      "name": "Eddie Izzard",
      "character": "Drake"
    },
    {
      "id": "nm2389665",
      "name": "Kevin McHale",
      "character": "Wooly"
    },
    {
      "id": "nm0524197",
      "name": "Josh Lucas",
      "character": "Gerard"
    },
    {
      "id": "nm0000700",
      "name": "Debra Winger",
      "character": "Ms. Steel"
    },
    {
      "id": "nm6136318",
      "name": "Garrett Wareing",
      "character": "Stet"
    },
    {
      "id": "nm6061041",
      "name": "Joe West",
      "character": "Devon"
    },
    {
      "id": "nm3788762",
      "name": "River Alexander",
      "character": "Raffi"
    },
    {
      "id": "nm4545608",
      "name": "Sam Poon",
      "character": "Frederick"
    },
    {
      "id": "nm6772826",
      "name": "Dante Soriano",
      "character": "Fernando"
    },
    {
      "id": "nm3267651",
      "name": "Erica Piccininni",
      "character": "Debbie"
    },
    {
      "id": "nm4084073",
      "name": "Grant Venable",
      "character": "Andre"
    },
    {
      "id": "nm5980106",
      "name": "Janine DiVita",
      "character": "Sally"
    },
    {
      "id": "nm1787532",
      "name": "Tijuana Ricks",
      "character": "Mrs. Kempner"
    },
    {
      "id": "nm6772827",
      "name": "Fernando Malvar-Ruiz",
      "character": "Maestro Molina"
    },
    {
      "id": "nm6339395",
      "name": "Mackenzie Wareing",
      "character": "Stephanie       (as Mackenzie Taylor Wareing)"
    },
    {
      "id": "nm4530669",
      "name": "Evelyn Manchester",
      "character": "Elise"
    },
    {
      "id": "nm4189529",
      "name": "Joseph Cardoso",
      "character": "Jimmy"
    },
    {
      "id": "nm6131521",
      "name": "Desi Mulcahy",
      "character": "Abby - secretary"
    },
    {
      "id": "nm1062695",
      "name": "Wade Mylius",
      "character": "Monty"
    },
    {
      "id": "nm2080619",
      "name": "Sejal Shah",
      "character": "Doctor"
    },
    {
      "id": "nm2708472",
      "name": "Fernando Mateo Jr.",
      "character": "Mr. Hardy"
    },
    {
      "id": "nm7255311",
      "name": "Luke George Gardone",
      "character": "Kid"
    },
    {
      "id": "nm6413606",
      "name": "Antonio Manuel Nicholas",
      "character": "Leo       (as Antonio Nicholas)"
    },
    {
      "id": "nm3565052",
      "name": "Wayne Wilson",
      "character": "ABC Coach"
    },
    {
      "id": "nm0664849",
      "name": "Daniel Passer",
      "character": "Faculty #1"
    },
    {
      "id": "nm6894714",
      "name": "Rooter Wareing",
      "character": "Priest"
    },
    {
      "id": "nm6899254",
      "name": "Benjamin P. Wenzelberg",
      "character": "Himself       (voice)"
    }
  ],
  "overview": "Stet, a troubled and angry 11-year-old orphan from a small Texas town, ends up at a Boy Choir school back East after the death of his single mom. Completely out of his element, he finds himself in a battle of wills with a demanding Choir Master who recognizes a unique talent in this young boy as he pushes him to discover his creative heart and soul in music.",
  "storyline": "Stet, a troubled and angry 11-year-old orphan from a small Texas town, ends up at a Boy Choir school back East after the death of his single mom. Completely out of his element, he finds himself in a battle of wills with a demanding Choir Master who recognizes a unique talent in this young boy as he pushes him to discover his creative heart and soul in music.",
  "plot": null,
  "synopsis": null
}