{
  "imdb_id": "tt3333870",
  "tmdb_id": "332285",
  "douban_id": null,
  "title": "Antibirth (2016)",
  "genres": [
    "Comedy",
    "Horror",
    "Mystery",
    "Sci-Fi"
  ],
  "country": "Canada",
  "version": [
    {
      "runtime": "94 min",
      "description": ""
    }
  ],
  "imdb_rating": 4.8,
  "director": [
    {
      "id": "nm3725167",
      "name": "Danny Perez"
    }
  ],
  "writer": [
    {
      "id": "nm3725167",
      "name": "Danny Perez",
      "description": null
    }
  ],
  "cast": [
    {
      "id": "nm0005169",
      "name": "Natasha Lyonne",
      "character": "Lou"
    },
    {
      "id": "nm0001721",
      "name": "Chlo\u00eb Sevigny",
      "character": "Sadie"
    },
    {
      "id": "nm0000672",
      "name": "Meg Tilly",
      "character": "Lorna"
    },
    {
      "id": "nm0916406",
      "name": "Mark Webber",
      "character": "Gabriel"
    },
    {
      "id": "nm0199495",
      "name": "Maxwell McCabe-Lokos",
      "character": "Warren"
    },
    {
      "id": "nm3580974",
      "name": "Emmanuel Kabongo",
      "character": "Luke"
    },
    {
      "id": "nm0250242",
      "name": "Neville Edwards",
      "character": "Isaac"
    },
    {
      "id": "nm4238553",
      "name": "Morgan Bedard",
      "character": "Jade"
    },
    {
      "id": "nm5684797",
      "name": "Corey Pascall",
      "character": "Jackson"
    },
    {
      "id": "nm0164212",
      "name": "Lili Francks",
      "character": "Anha"
    },
    {
      "id": "nm4714893",
      "name": "M.J. Dionne",
      "character": "Trish       (as Marie-Josee Dionne)"
    },
    {
      "id": "nm0337466",
      "name": "Jessica Greco",
      "character": "Donna"
    },
    {
      "id": "nm3301357",
      "name": "Kevin Hoffman",
      "character": "Funzone Ape #2"
    },
    {
      "id": "nm5139664",
      "name": "Chad Gibbons",
      "character": "Fat Man"
    },
    {
      "id": "nm4559640",
      "name": "Spider Allen",
      "character": "Addict"
    },
    {
      "id": "nm6712950",
      "name": "Wayne St-George",
      "character": "Dive Bar Biker"
    },
    {
      "id": "nm10433273",
      "name": "Alyssa Carmichael",
      "character": "Nursing Mother"
    },
    {
      "id": "nm10970141",
      "name": "R. Carmichael",
      "character": "Nursing Baby"
    },
    {
      "id": "nm5872868",
      "name": "Erik Backen",
      "character": "Thug"
    },
    {
      "id": "nm8617476",
      "name": "Jack Currenton",
      "character": "Lazarus       (as Jack E. Curenton)"
    },
    {
      "id": "nm1432981",
      "name": "Franklin Ruehl",
      "character": "TV Salesman"
    },
    {
      "id": "nm3872503",
      "name": "Eric Uguet De Resayre",
      "character": "Alien Abductee       (as Eric Uguet)"
    },
    {
      "id": "nm5684309",
      "name": "Megan Dawson",
      "character": "Waitress"
    },
    {
      "id": "nm7024566",
      "name": "John MacRae",
      "character": "Masked Kidnapper"
    },
    {
      "id": "nm0779031",
      "name": "David Scott",
      "character": "Headless Creature"
    }
  ],
  "overview": "In a desolate community full of drug-addled Marines and rumors of kidnapping, a wild-eyed stoner named Lou wakes up after a crazy night of partying with symptoms of a strange illness and recurring visions. As she struggles to get a grip on reality, the stories of conspiracy spread.",
  "storyline": "In a desolate community full of drug-addled Marines and rumors of kidnapping, a wild-eyed stoner named Lou wakes up after a wild night of partying with symptoms of a strange illness and recurring visions as she struggles to get a grip on reality while stories of conspiracy spread.",
  "plot": null,
  "synopsis": null
}