{
  "imdb_id": "tt3399112",
  "tmdb_id": "250665",
  "douban_id": null,
  "title": "No No: A Dockumentary (2014)",
  "genres": [
    "Documentary",
    "Biography",
    "Sport"
  ],
  "country": "USA",
  "version": [
    {
      "runtime": "100 min",
      "description": ""
    }
  ],
  "imdb_rating": 7.3,
  "director": [
    {
      "id": "nm0705583",
      "name": "Jeff Radice"
    }
  ],
  "writer": null,
  "cast": [
    {
      "id": "nm4530972",
      "name": "Larry Demery",
      "character": "Himself"
    },
    {
      "id": "nm0254681",
      "name": "Dock Ellis",
      "character": "Himself"
    },
    {
      "id": "nm0000165",
      "name": "Ron Howard",
      "character": "Himself"
    }
  ],
  "overview": "Dock Ellis pitched a no-hitter on LSD, then worked for decades counseling drug abusers. Dock's soulful style defined 1970s baseball as he kept hitters honest and embarrassed the establishment. An ensemble cast of teammates, friends, and family investigate his life on the field, in the media, and out of the spotlight.",
  "storyline": "In the 1970s Dock Ellis pitched a no-hitter on LSD and his outspoken style courted conflict and controversy, but his latter years were spent helping others recover from addiction. No No: A Dockumentary weaves a surprising and moving story of a life in and out of the spotlight.",
  "plot": "The film details the life story of American professional baseball player Dock Ellis, his prolific career, his addictions to alcohol and amphetamines, his efforts to help other addicts until his death in 2008, and the no-hitter he threw while under the influence of psychedelics.",
  "synopsis": null
}