{
  "imdb_id": "tt3350452",
  "tmdb_id": "238712",
  "douban_id": null,
  "title": "I'm Still (2013)",
  "genres": [
    "Documentary",
    "Musical"
  ],
  "country": "Spain",
  "version": [
    {
      "runtime": "120 min",
      "description": ""
    }
  ],
  "imdb_rating": 8.3,
  "director": [
    {
      "id": "nm0179373",
      "name": "Javier Corcuera"
    }
  ],
  "writer": [
    {
      "id": "nm0179373",
      "name": "Javier Corcuera",
      "description": "writer"
    },
    {
      "id": "nm1909988",
      "name": "Ana de Prada",
      "description": "co-writer"
    },
    {
      "id": "nm1909988",
      "name": "Ana de Prada",
      "description": null
    }
  ],
  "cast": null,
  "overview": "A trip through the diversity of black and native Peruvian music.",
  "storyline": "A film about characters, characters who are part of a country. Although the film talks about music and musicians, it is not strictly a musical but rather a reflection on personal stories apparently very far apart, stories that look for one another in a country also immersed in the struggle to find itself and create its own identity: Peru.",
  "plot": null,
  "synopsis": null
}