{
  "imdb_id": "tt3390550",
  "tmdb_id": "378017",
  "douban_id": null,
  "title": "The Barn (2016)",
  "genres": [
    "Horror"
  ],
  "country": "USA",
  "version": [
    {
      "runtime": "88 min",
      "description": ""
    },
    {
      "runtime": "90 min",
      "description": ""
    }
  ],
  "imdb_rating": 7.8,
  "director": [
    {
      "id": "nm2988421",
      "name": "Justin M. Seaman"
    }
  ],
  "writer": [
    {
      "id": "nm2988421",
      "name": "Justin M. Seaman",
      "description": "original screenplay"
    }
  ],
  "cast": [
    {
      "id": "nm5036385",
      "name": "Mitchell Musolino",
      "character": "Sam"
    },
    {
      "id": "nm6138282",
      "name": "Will Stout",
      "character": "Josh"
    },
    {
      "id": "nm5538683",
      "name": "Lexi Dripps",
      "character": "Michelle"
    },
    {
      "id": "nm5449592",
      "name": "Cortland Woodard",
      "character": "Chris"
    },
    {
      "id": "nm7150494",
      "name": "Nikki Howell",
      "character": "Nikki       (as Nikki Darling)"
    },
    {
      "id": "nm6138283",
      "name": "Nickolaus Joshua",
      "character": "Russell"
    },
    {
      "id": "nm0001643",
      "name": "Linnea Quigley",
      "character": "Ms. Barnhart"
    },
    {
      "id": "nm0499614",
      "name": "Ari Lehman",
      "character": "Dr. Rock"
    },
    {
      "id": "nm6481581",
      "name": "Ryan Nogy",
      "character": "Shirley Garrett"
    },
    {
      "id": "nm5204442",
      "name": "David Hampton",
      "character": "George"
    },
    {
      "id": "nm1521289",
      "name": "James Weldon",
      "character": "Mr. Daniels"
    },
    {
      "id": "nm2988421",
      "name": "Justin M. Seaman",
      "character": "Boogeyman"
    },
    {
      "id": "nm0082574",
      "name": "Rik Billock",
      "character": "The Preacher"
    },
    {
      "id": "nm4372017",
      "name": "Elyse Alberts",
      "character": "Matt's Older Sister"
    },
    {
      "id": "nm3006320",
      "name": "Hunter Amos",
      "character": "George Haywin (child)"
    },
    {
      "id": "nm3929163",
      "name": "Jon Bailey",
      "character": "Trailer Narrator       (voice)"
    },
    {
      "id": "nm7385539",
      "name": "James Baker",
      "character": "Ash Baxtor"
    },
    {
      "id": "nm7385538",
      "name": "Matt Starr Bores",
      "character": "Vinny Michaels"
    },
    {
      "id": "nm6824206",
      "name": "Ted Boyko",
      "character": "Ted Bundy-Vocals (Legendary Hucklebucks)"
    },
    {
      "id": "nm5204815",
      "name": "Cheyenne Burnsworth",
      "character": "Arcade Kid #1"
    },
    {
      "id": "nm5204878",
      "name": "Colton Burnsworth",
      "character": "Roller Rink Patron #2"
    },
    {
      "id": "nm7120138",
      "name": "Paula Burnsworth",
      "character": "Roller Rink Patron #1"
    },
    {
      "id": "nm7120139",
      "name": "Rodney Burnsworth",
      "character": "Arcade Kid #2"
    },
    {
      "id": "nm2915973",
      "name": "Dakota Corwin",
      "character": "Hootenanny Guest #9"
    },
    {
      "id": "nm7120140",
      "name": "Tyler Denman",
      "character": "Arcade Kid #3"
    },
    {
      "id": "nm5141744",
      "name": "Stephen Dixon",
      "character": "Hootenanny Guest #7"
    },
    {
      "id": "nm6788851",
      "name": "Linda Emeterio",
      "character": "Old Cat Lady"
    },
    {
      "id": "nm7120130",
      "name": "Anna Fajerski",
      "character": "Hootenanny Guest #12"
    },
    {
      "id": "nm6159823",
      "name": "Dave Fresch",
      "character": "Dave Fresch-Guitar (Legendary Hucklebucks)"
    },
    {
      "id": "nm7120131",
      "name": "John Garrett",
      "character": "Hootenanny Guest #13"
    },
    {
      "id": "nm8819802",
      "name": "Linda Garrett",
      "character": "Hootenanny Guest #14"
    },
    {
      "id": "nm3417940",
      "name": "Brian Gault",
      "character": "Brian Hucklebuck-Drums (Legendary Hucklebucks)"
    },
    {
      "id": "nm6159824",
      "name": "Jedediah Giacchino",
      "character": "Hootenanny Guest #4"
    },
    {
      "id": "nm6589344",
      "name": "Sable Griedel",
      "character": "80's Porch Sweeping Girl"
    },
    {
      "id": "nm7120136",
      "name": "Susie Johnson",
      "character": "Hootenanny Guest #18"
    },
    {
      "id": "nm7120137",
      "name": "Linda Loughman",
      "character": "Hootenanny Guest #21"
    },
    {
      "id": "nm6788852",
      "name": "Jordan Main",
      "character": "Hootenanny Guest #22"
    },
    {
      "id": "nm6159825",
      "name": "Jeramey Pelzer",
      "character": "Hootenanny Guest #6"
    },
    {
      "id": "nm5204087",
      "name": "Michael Prutzman",
      "character": "Hootenanny Guest #19"
    },
    {
      "id": "nm6824207",
      "name": "Johnny Relich",
      "character": "Johnny Devil-Guitar (Legendary Hucklebucks)"
    },
    {
      "id": "nm5204717",
      "name": "Mark J. Reyes",
      "character": "Hootenanny Guest #20"
    },
    {
      "id": "nm5204854",
      "name": "Cheryl Seaman",
      "character": "Hootenanny Guest #8"
    },
    {
      "id": "nm5204696",
      "name": "Tanya R. Seaman",
      "character": "Roller Rink Concession Worker"
    },
    {
      "id": "nm6824208",
      "name": "Douglas Sikora",
      "character": "Uncle Piddles-Upright Bass (Legendary Hucklebucks)"
    },
    {
      "id": "nm5296998",
      "name": "Clay Sismour",
      "character": "Kitchen Corn Shucker"
    },
    {
      "id": "nm6159819",
      "name": "Nicholas Sprowls",
      "character": "Terrorized Trick or Treater"
    },
    {
      "id": "nm7120141",
      "name": "Jeremiah Startare",
      "character": "Roller Rink Patron #3"
    },
    {
      "id": "nm7120128",
      "name": "Jacob Stone",
      "character": "Hootenanny Guest #10"
    },
    {
      "id": "nm2916550",
      "name": "Ryan Sullivan",
      "character": "Hootenanny Guest #5"
    },
    {
      "id": "nm7120135",
      "name": "Clarissa Teagarden",
      "character": "Hootenanny Guest #17"
    },
    {
      "id": "nm7120133",
      "name": "Jeremy Teagarden",
      "character": "Hootenanny Guest #15"
    },
    {
      "id": "nm7120134",
      "name": "Megan Teagarden",
      "character": "Hootenanny Guest #16"
    },
    {
      "id": "nm7120142",
      "name": "Ethan Turner",
      "character": "Roller Rink Patron #4"
    },
    {
      "id": "nm7385540",
      "name": "Keith Uram",
      "character": "Iggy Stevens"
    },
    {
      "id": "nm6159816",
      "name": "Christopher Vertosick",
      "character": "Hootenanny guest #2"
    },
    {
      "id": "nm6159815",
      "name": "Jonathan Vertosick",
      "character": "Hootenanny guest #1"
    },
    {
      "id": "nm7120129",
      "name": "Darby Zerbini",
      "character": "Hootenanny Guest #11"
    }
  ],
  "overview": "Its Halloween 1989, best friends Sam and Josh are trying to enjoy what's left of their final Devil's Night before graduating high school. But trouble arises when the two pals and a group of friends take a detour on their way to a rock concert, finding an old abandoned barn and awakening the evil inside. Now it's up to Sam and Josh to find a way to protect their friends and defeat the creatures that lurk within \"The Barn\".",
  "storyline": "Its Halloween 1989, best friends Sam and Josh are trying to enjoy what's left of their final Devil's Night before graduating high school. But trouble arises when the two pals and a group of friends take a detour on their way to a rock concert, finding an old abandoned barn and awakening the evil inside. Now it's up to Sam and Josh to find a way to protect their friends and defeat the creatures that lurk within \"The Barn\".",
  "plot": null,
  "synopsis": null
}