{
  "imdb_id": "tt3309038",
  "tmdb_id": "229693",
  "douban_id": null,
  "title": "Supervention (2013)",
  "genres": [
    "Documentary",
    "Sport"
  ],
  "country": "Norway",
  "version": [
    {
      "runtime": "97 min",
      "description": ""
    }
  ],
  "imdb_rating": 8.3,
  "director": [
    {
      "id": "nm5859920",
      "name": "Filip Christensen"
    },
    {
      "id": "nm5859923",
      "name": "Even Sigstad"
    }
  ],
  "writer": null,
  "cast": [
    {
      "id": "nm6060905",
      "name": "Anders Backe",
      "character": "Himself"
    },
    {
      "id": "nm5629165",
      "name": "Tiril Sj\u00e5stad Christiansen",
      "character": "Herself"
    },
    {
      "id": "nm5527879",
      "name": "Tim Durtschi",
      "character": "Himself"
    },
    {
      "id": "nm0351817",
      "name": "Terje H\u00e5konsen",
      "character": "Himself       (as Terje Haakonsen)"
    },
    {
      "id": "nm2203552",
      "name": "Asbj\u00f8rn Eggeb\u00f8 Ness",
      "character": "Himself"
    },
    {
      "id": "nm5859923",
      "name": "Even Sigstad",
      "character": "Himself"
    },
    {
      "id": "nm4149045",
      "name": "Aksel Lund Svindal",
      "character": "Himself"
    },
    {
      "id": "nm6060902",
      "name": "\u00c5smund Thorsen",
      "character": "Himself"
    },
    {
      "id": "nm5859921",
      "name": "Jesper Tj\u00e4der",
      "character": "Himself"
    }
  ],
  "overview": "The film Supervention addresses all aspects of modern free-skiing. The company behind the film has previously won numerous awards within the genre and we meet amazing riders usually not on film, Aksel Lund Svindal and Terje Haakonsen.",
  "storyline": "A ski documentary showcasing modern freeskiing, free riding and snowboarding.",
  "plot": null,
  "synopsis": "Supervention is a documentary showcasing all aspects of modern freeskiing and snowboarding. Join an intense, fun and unpredictable journey together with the worlds most talented athletes. The stories are told told through travels all over Norway, New Zealand, Alaska and British Columbia."
}