{
  "imdb_id": "tt3378266",
  "tmdb_id": "241555",
  "douban_id": null,
  "title": "Thagaraaru (2013)",
  "genres": [
    "Action"
  ],
  "country": "India",
  "version": [
    {
      "runtime": "128 min",
      "description": ""
    }
  ],
  "imdb_rating": 5.3,
  "director": [
    {
      "id": "nm6127822",
      "name": "Ganesh Vinayak"
    }
  ],
  "writer": null,
  "cast": [
    {
      "id": "nm4650730",
      "name": "Arulnithi",
      "character": "Saravanan       (as Arulnidhi)"
    },
    {
      "id": "nm1957308",
      "name": "V. Jayaprakash",
      "character": ""
    },
    {
      "id": "nm4486082",
      "name": "Shamna Kasim",
      "character": "Meenakshi       (as Poorna)"
    },
    {
      "id": "nm10009909",
      "name": "Sulile Kumar",
      "character": "Pazhani"
    },
    {
      "id": "nm1416319",
      "name": "Mayilsamy",
      "character": ""
    },
    {
      "id": "nm6127823",
      "name": "Tarun Shatriya",
      "character": "Pazhani"
    }
  ],
  "overview": "The hero and three of his friends devise a plan to get rich quick by looting a bureau. While in the process of implementing this plan they come across a lovely young woman. The hero falls in love with her and their romance spirals into a chaotic and hilarious sequence of events!",
  "storyline": "The protagonist and his 3 friends are a gang of notorious robbers who make merry in Madurai. Their way of life earns them a handful of formidable rivals. An intense depiction of friendship and love marred by rivalry and vengeance ensues.",
  "plot": null,
  "synopsis": null
}