{
  "imdb_id": "tt3322814",
  "tmdb_id": "241975",
  "douban_id": null,
  "title": "Obra 67 (2013)",
  "genres": [
    "Comedy",
    "Mystery",
    "Thriller"
  ],
  "country": "Spain",
  "version": [
    {
      "runtime": "108 min",
      "description": ""
    }
  ],
  "imdb_rating": 6.5,
  "director": [
    {
      "id": "nm4544325",
      "name": "David Sainz"
    }
  ],
  "writer": [
    {
      "id": "nm3240775",
      "name": "Ken Appledorn",
      "description": null
    },
    {
      "id": "nm4716590",
      "name": "Jacinto Bobo",
      "description": null
    },
    {
      "id": "nm0213766",
      "name": "Antonio Dechent",
      "description": null
    },
    {
      "id": "nm2560305",
      "name": "Daniel Mantero",
      "description": null
    },
    {
      "id": "nm5409733",
      "name": "\u00c1lvaro P\u00e9rez",
      "description": null
    },
    {
      "id": "nm5907514",
      "name": "Ricardo Mena Rosado",
      "description": null
    },
    {
      "id": "nm4544325",
      "name": "David Sainz",
      "description": null
    }
  ],
  "cast": [
    {
      "id": "nm0213766",
      "name": "Antonio Dechent",
      "character": "Juan el Candela"
    },
    {
      "id": "nm5409733",
      "name": "\u00c1lvaro P\u00e9rez",
      "character": "Juan el Chispa       (as Alvaro P\u00e9rez)"
    },
    {
      "id": "nm4716590",
      "name": "Jacinto Bobo",
      "character": "Cristo"
    },
    {
      "id": "nm2560305",
      "name": "Daniel Mantero",
      "character": "Alejandro Polo"
    },
    {
      "id": "nm5907514",
      "name": "Ricardo Mena Rosado",
      "character": "Mario Cruz       (as Ricardo Mena)"
    },
    {
      "id": "nm3240775",
      "name": "Ken Appledorn",
      "character": "Ariel"
    },
    {
      "id": "nm6329178",
      "name": "Roc\u00edo Sep\u00falveda",
      "character": "Wendy"
    },
    {
      "id": "nm5664265",
      "name": "Ana Saurel",
      "character": "Margot"
    },
    {
      "id": "nm4748135",
      "name": "Teresa Segura",
      "character": "Blanca"
    },
    {
      "id": "nm4627302",
      "name": "Alba Cabrera",
      "character": "Prostituta"
    },
    {
      "id": "nm6329179",
      "name": "Bel\u00e9n Gonz\u00e1lez",
      "character": "Jessica"
    }
  ],
  "overview": null,
  "storyline": "After 20 years in prison, the famous burglar of houses Juan \"el Candela\" is released. Waiting for him are his son Juan \"el Chispa\" and his friend Cristo, with whom he will live while he gets used to living outside the prison. Following the example of his father, \"El Chispa\" and his partner Cristo will try to get money to promote his musical career.",
  "plot": null,
  "synopsis": null
}