{
  "imdb_id": "tt3304688",
  "tmdb_id": "362116",
  "douban_id": null,
  "title": "Paperback (2015)",
  "genres": [
    "Comedy",
    "Romance"
  ],
  "country": "USA",
  "version": [
    {
      "runtime": "79 min",
      "description": ""
    }
  ],
  "imdb_rating": 8.6,
  "director": [
    {
      "id": "nm3241561",
      "name": "Adam Bowers"
    }
  ],
  "writer": [
    {
      "id": "nm3241561",
      "name": "Adam Bowers",
      "description": "written by"
    }
  ],
  "cast": [
    {
      "id": "nm3241561",
      "name": "Adam Bowers",
      "character": "Rob"
    },
    {
      "id": "nm2439111",
      "name": "Dreama Walker",
      "character": "Emily"
    },
    {
      "id": "nm2991005",
      "name": "Colin Contreary",
      "character": "Jason"
    },
    {
      "id": "nm2247247",
      "name": "Genevieve Jones",
      "character": "Samantha"
    },
    {
      "id": "nm7599852",
      "name": "Senta Ach\u00e9e",
      "character": "Heather"
    },
    {
      "id": "nm6651942",
      "name": "Ana P. Acosta",
      "character": "Elementary School Girl #2"
    },
    {
      "id": "nm6651872",
      "name": "Brittany Bennett",
      "character": "College Girl #1"
    },
    {
      "id": "nm6651874",
      "name": "Keeth Boyle",
      "character": "Carl"
    },
    {
      "id": "nm6651944",
      "name": "Mona Brink",
      "character": "Baby"
    },
    {
      "id": "nm2222556",
      "name": "Robert Hugh Brown",
      "character": "Professor Babinikos"
    },
    {
      "id": "nm7599854",
      "name": "Erika Capin",
      "character": "Woman In Canoe"
    },
    {
      "id": "nm6651877",
      "name": "Miels Clifton",
      "character": "Guy on Street #2"
    },
    {
      "id": "nm4706394",
      "name": "Debbie Friedman",
      "character": "Public Radio Host       (voice)"
    },
    {
      "id": "nm6404483",
      "name": "Aedra Ho",
      "character": "French Actress       (voice)"
    },
    {
      "id": "nm3656406",
      "name": "Valerie Jones",
      "character": "Serena"
    },
    {
      "id": "nm6651943",
      "name": "Yusuf Khuddus",
      "character": "Bandaged Boy"
    },
    {
      "id": "nm4732409",
      "name": "David Kim",
      "character": "Guy Hitting On Emily"
    },
    {
      "id": "nm3759545",
      "name": "Sky King",
      "character": "Peter       (voice)"
    },
    {
      "id": "nm7599853",
      "name": "Lara Lookabaugh",
      "character": "Hey Girl"
    },
    {
      "id": "nm6651936",
      "name": "Chris Mullet",
      "character": "Night Shift Cook"
    },
    {
      "id": "nm6651878",
      "name": "George S. O'Brien",
      "character": "Homeless Man"
    },
    {
      "id": "nm2882031",
      "name": "Courtney Pape",
      "character": "Internet Date"
    },
    {
      "id": "nm6651871",
      "name": "Ryan Phillips",
      "character": "Jason's Student"
    },
    {
      "id": "nm6651876",
      "name": "Joshua Raiford",
      "character": "Guy on Street #1"
    },
    {
      "id": "nm5649123",
      "name": "Kinley Rice",
      "character": "Elementary School Girl #1"
    },
    {
      "id": "nm4922689",
      "name": "L.J. Ruth",
      "character": "Elementary School Boy"
    },
    {
      "id": "nm3658771",
      "name": "Eric Schackne",
      "character": "French Actor       (voice)"
    },
    {
      "id": "nm3264963",
      "name": "Whitney Teubner",
      "character": "Receptionist       (voice)"
    },
    {
      "id": "nm6203962",
      "name": "Maralee Thompson",
      "character": "Elementary School Girl #3"
    },
    {
      "id": "nm6651933",
      "name": "Anthony Verdi",
      "character": "Flaco's Cashier"
    },
    {
      "id": "nm6651869",
      "name": "Isaac Wells",
      "character": "Billy"
    },
    {
      "id": "nm6651932",
      "name": "James Wesson",
      "character": "Bookstore Clerk"
    },
    {
      "id": "nm6651873",
      "name": "Lynna Wheeler",
      "character": "College Girl #2"
    },
    {
      "id": "nm6651875",
      "name": "Amanda Young",
      "character": "Dancing Girl"
    },
    {
      "id": "nm3774462",
      "name": "Alex Zuko",
      "character": "Mark"
    }
  ],
  "overview": "A pizza cook who's never left his college town meets the girl of his dreams before finding out there's a huge roadblock to them being together.",
  "storyline": "A pizza cook who's never left his college town meets the woman of his dreams before finding out there's a huge roadblock to them being together.",
  "plot": null,
  "synopsis": null
}