{
  "imdb_id": "tt3349772",
  "tmdb_id": "368596",
  "douban_id": null,
  "title": "Back in the Day (2016)",
  "genres": [
    "Drama",
    "Sport"
  ],
  "country": "USA",
  "version": [
    {
      "runtime": "121 min",
      "description": ""
    }
  ],
  "imdb_rating": 4.0,
  "director": [
    {
      "id": "nm0096637",
      "name": "Paul Borghese"
    }
  ],
  "writer": [
    {
      "id": "nm0218318",
      "name": "William DeMeo",
      "description": null
    }
  ],
  "cast": [
    {
      "id": "nm0218318",
      "name": "William DeMeo",
      "character": "Anthony"
    },
    {
      "id": "nm0000514",
      "name": "Michael Madsen",
      "character": "Enzo"
    },
    {
      "id": "nm0000285",
      "name": "Alec Baldwin",
      "character": "Gino Fratelli"
    },
    {
      "id": "nm0001711",
      "name": "Annabella Sciorra",
      "character": "Mary"
    },
    {
      "id": "nm0673563",
      "name": "Manny Perez",
      "character": "Jose"
    },
    {
      "id": "nm0195844",
      "name": "Joseph D'Onofrio",
      "character": "Matty       (as Joe D'Onofrio)"
    },
    {
      "id": "nm0549370",
      "name": "Ronnie Marmo",
      "character": "Dominick"
    },
    {
      "id": "nm7277313",
      "name": "Cristian DeMeo",
      "character": "Young Anthony"
    },
    {
      "id": "nm0580341",
      "name": "Larry Merchant",
      "character": "Himself"
    },
    {
      "id": "nm0005512",
      "name": "Mike Tyson",
      "character": "Himself"
    },
    {
      "id": "nm0000969",
      "name": "Lillo Brancato",
      "character": "Nicky       (as Lillo Brancato Jr.)"
    },
    {
      "id": "nm0518385",
      "name": "Louis Lombardi",
      "character": "Jerry Velvontie"
    },
    {
      "id": "nm0001147",
      "name": "Shannen Doherty",
      "character": "Maria"
    },
    {
      "id": "nm0000418",
      "name": "Danny Glover",
      "character": "Eddie 'Rocks' Travor"
    },
    {
      "id": "nm3569001",
      "name": "Aaron Joshua",
      "character": "Reggie Dawson"
    },
    {
      "id": "nm0096637",
      "name": "Paul Borghese",
      "character": "Sal Sapienza"
    },
    {
      "id": "nm1459235",
      "name": "Harold Lederman",
      "character": "Boxing Anchor Man"
    },
    {
      "id": "nm6262611",
      "name": "Nora Brandeis",
      "character": "Bedroom Girl"
    },
    {
      "id": "nm6260399",
      "name": "Greg Basile",
      "character": "Dino       (as Gregory Basile)"
    },
    {
      "id": "nm7285946",
      "name": "Justin Luca",
      "character": "Teen Matty"
    },
    {
      "id": "nm2475814",
      "name": "Patricia Stark",
      "character": "Lauren Freeman"
    },
    {
      "id": "nm7285948",
      "name": "Justin Brackus",
      "character": "Angry Protestor"
    },
    {
      "id": "nm3203829",
      "name": "Maria May",
      "character": "Young Maria"
    },
    {
      "id": "nm4221136",
      "name": "John Barbieri",
      "character": "Teen Dominick"
    },
    {
      "id": "nm7285947",
      "name": "Greg DeCola Jr.",
      "character": "Teen Tommy"
    },
    {
      "id": "nm10518839",
      "name": "Larry Tornetta",
      "character": "Italian Guy"
    },
    {
      "id": "nm10518840",
      "name": "George Mastroktas",
      "character": "Police Officer"
    },
    {
      "id": "nm1443325",
      "name": "Anthony Desio",
      "character": "Frank"
    },
    {
      "id": "nm0658861",
      "name": "Jimmy Palumbo",
      "character": "Carmine Tacona"
    },
    {
      "id": "nm10518841",
      "name": "Anthony Sicurelli",
      "character": "Jimmy"
    },
    {
      "id": "nm10518842",
      "name": "Ronnie Ballad",
      "character": "Hit & Run Driver"
    },
    {
      "id": "nm2563403",
      "name": "Bobby Guarino",
      "character": "Hit Man       (as Robert Guarino)"
    },
    {
      "id": "nm1133622",
      "name": "Robert D'Aleo",
      "character": "Rowdy Fan       (as Robert Daleo)"
    },
    {
      "id": "nm10518843",
      "name": "Charley Sedita",
      "character": "Rowdy Fan"
    },
    {
      "id": "nm1953322",
      "name": "Gaetano Iacono",
      "character": "Santo"
    },
    {
      "id": "nm6914868",
      "name": "Peter Gaudio",
      "character": "Rocco"
    },
    {
      "id": "nm10518844",
      "name": "Nick Deire",
      "character": "Nicky's Friend"
    },
    {
      "id": "nm0661327",
      "name": "Rocco Parente",
      "character": "Tommy       (as Rocco Parente Jr.)"
    },
    {
      "id": "nm10518845",
      "name": "Jim Pecorino",
      "character": "Victor"
    },
    {
      "id": "nm7378171",
      "name": "Melisa Vlasaty",
      "character": "Victor's Girlfriend       (as Melisa Vlasity)"
    },
    {
      "id": "nm10518846",
      "name": "Andrew Klampert",
      "character": "Drunk Guy"
    },
    {
      "id": "nm3654368",
      "name": "Danny Panagatos",
      "character": "Bar Manager"
    },
    {
      "id": "nm0157728",
      "name": "Clint Chin",
      "character": "Chinese Man"
    },
    {
      "id": "nm10518847",
      "name": "Joelle Barchan",
      "character": "Sexy Girl at Bar"
    },
    {
      "id": "nm10518848",
      "name": "Dana Raudanza",
      "character": "Bartender"
    },
    {
      "id": "nm3875708",
      "name": "Nick Khan",
      "character": "Sparring Partner       (as Naveed Nick Khan)"
    },
    {
      "id": "nm3222412",
      "name": "Brian Patrick Murphy",
      "character": "Vito Germano"
    },
    {
      "id": "nm2809018",
      "name": "David Calicchio",
      "character": "Goon"
    },
    {
      "id": "nm10518849",
      "name": "Rehan Taqi",
      "character": "Bus Boy"
    },
    {
      "id": "nm10518850",
      "name": "Ashley Castellanos",
      "character": "Matty's Last Date"
    },
    {
      "id": "nm2460153",
      "name": "Manny Ayala",
      "character": "Hector Gomez"
    },
    {
      "id": "nm2450046",
      "name": "Emmanuel Brown",
      "character": "Tyler Miller"
    },
    {
      "id": "nm4352496",
      "name": "Jason Mello",
      "character": "Boxing Opponent"
    },
    {
      "id": "nm10518851",
      "name": "Joaquin H. Bobe",
      "character": "Boxing Opponent"
    },
    {
      "id": "nm2691413",
      "name": "Mark Ortega",
      "character": "Boxing Referee"
    },
    {
      "id": "nm10518852",
      "name": "Danny Shivaone",
      "character": "Boxing Referee"
    },
    {
      "id": "nm9790625",
      "name": "Robert Dreiss",
      "character": "Boxing Referee"
    },
    {
      "id": "nm4445757",
      "name": "David Diamante",
      "character": "Boxing Announcer       (as Dave Diamonte)"
    },
    {
      "id": "nm10518853",
      "name": "Michael Rella",
      "character": "Cut Man"
    },
    {
      "id": "nm10518854",
      "name": "Shelby Tornetta",
      "character": "Ring Card Girl"
    },
    {
      "id": "nm10518855",
      "name": "Ashleigh Perez",
      "character": "Ring Card Girl"
    },
    {
      "id": "nm0278334",
      "name": "Stephanie Finochio",
      "character": "Girl with Nick"
    },
    {
      "id": "nm0479098",
      "name": "Sebastian De la Torre",
      "character": "Nightclub DJ       (as Sebastian Torre)"
    },
    {
      "id": "nm3827465",
      "name": "Brooke Allison",
      "character": "Bikini Dancer"
    },
    {
      "id": "nm3092936",
      "name": "Joelle Ashley",
      "character": "Nicky       (as Joelle Barchan)"
    },
    {
      "id": "nm8159004",
      "name": "Robert D'Aleo",
      "character": "Rowdy Fan"
    },
    {
      "id": "nm7285949",
      "name": "Nicky Germano",
      "character": "Lillo Brancato"
    },
    {
      "id": "nm1133709",
      "name": "Joe Giordanella",
      "character": "Bar Gunman       (as Lenny Ligotti)"
    },
    {
      "id": "nm7285944",
      "name": "Catherine Jane",
      "character": "Bar Girl"
    },
    {
      "id": "nm5313647",
      "name": "Margo Kazaryan",
      "character": "Spectator"
    },
    {
      "id": "nm7235199",
      "name": "Sarah Martin",
      "character": "High Roller"
    },
    {
      "id": "nm6052098",
      "name": "Stephen Moscatello",
      "character": "Enzo's Crew"
    },
    {
      "id": "nm7377139",
      "name": "Rehan",
      "character": "Busboy"
    },
    {
      "id": "nm6179757",
      "name": "Alex Van Zeelandt",
      "character": "Bikini Girl"
    }
  ],
  "overview": "A young boxer is taken under the wing of a mob boss after his mother dies and his father is run out of town for being an abusive alcoholic.",
  "storyline": "Set in both the late 80's and current day, \"Back in the Day\" is a gritty tale about Anthony Rodriguez (William DeMeo), a half Italian - half Puerto Rican young teenager growing up on the streets of Bensonhurst, Brooklyn; a then very dangerous and racist neighborhood filled with bullies, big shots and social clubs where all of the neighborhood shots were called. Anthony had to endure an abusive, unemployed, alcoholic father but was blessed with a nurturing, hard-working mother who he loses at a very early age and is devastated by it. In spite of his bitterness, he struggles to uphold the morals his Mother taught him and retain his dignity in spite of being up against all odds. He is taken under the wing of a local mob boss, Enzo DeVino (Michael Madsen), who supports Anthony's wishes to escape his demons through the sport of boxing. Enzo connects Anthony with a trainer (Danny Glover), who means business, and turns Anthony into a contender although his troubled life and friends, who seem...",
  "plot": null,
  "synopsis": null
}