{
  "imdb_id": "tt3368930",
  "tmdb_id": "40023",
  "douban_id": null,
  "title": "Core (2010)",
  "genres": [
    "Documentary"
  ],
  "country": "USA",
  "version": [
    {
      "runtime": "82 min",
      "description": ""
    }
  ],
  "imdb_rating": 6.6,
  "director": [
    {
      "id": "nm3812328",
      "name": "Chuck Fryberger"
    }
  ],
  "writer": null,
  "cast": null,
  "overview": "CORE goes to the heart of climbing. Join an international cast of the sport's most dedicated athletes as they stick it when it matters most. Shot in 35mm Ultra High Definition, get ready to see every detail of some of the nastiest pieces of rock ever climbed. CORE exposes the contrast in landscape and lifestyle that defines the sport. A close examination of each character offers perspective beyond just their achievements on the stone.",
  "storyline": "Core goes to the heart of climbing. Join an international cast of the sport's most dedicated athletes as they stick it when it matters most. Shot in 35mm Ultra HD, get ready to see every detail of some of the nastiest pieces of rock ever climbed.",
  "plot": null,
  "synopsis": null
}