{
  "imdb_id": "tt3468824",
  "tmdb_id": "396862",
  "douban_id": null,
  "title": "Golden Five (2016)",
  "genres": [
    "Drama",
    "History",
    "Romance"
  ],
  "country": "Republic of Macedonia",
  "version": [
    {
      "runtime": "83 min",
      "description": ""
    }
  ],
  "imdb_rating": 8.7,
  "director": [
    {
      "id": "nm2029597",
      "name": "Goran Trenchovski"
    }
  ],
  "writer": [
    {
      "id": "nm2483426",
      "name": "Biljana Garvanlieva",
      "description": null
    },
    {
      "id": "nm6220708",
      "name": "Bratislav Tashkovski",
      "description": "based on the novel and play by"
    },
    {
      "id": "nm2029597",
      "name": "Goran Trenchovski",
      "description": null
    },
    {
      "id": "nm4394901",
      "name": "Eleonora Veninova",
      "description": null
    }
  ],
  "cast": [
    {
      "id": "nm0037590",
      "name": "Petre Arsovski",
      "character": "Old Jiji       (as Petar Arsovski)"
    },
    {
      "id": "nm2740384",
      "name": "Igor Angelov",
      "character": "Young Jiji"
    },
    {
      "id": "nm0246247",
      "name": "Ljupka Dzundeva",
      "character": "Old Kata"
    },
    {
      "id": "nm4018562",
      "name": "Jana Stojanovska",
      "character": "Young Kata"
    },
    {
      "id": "nm1056970",
      "name": "Nenad Milosavljevic",
      "character": "Old Alavantie"
    },
    {
      "id": "nm1176118",
      "name": "Vasil Mihajlov",
      "character": "Young Alavantie"
    },
    {
      "id": "nm5762599",
      "name": "Biljana Tanevska",
      "character": "Zagarieva       (as Biljana Taneski)"
    },
    {
      "id": "nm3466059",
      "name": "Dine Drvarov",
      "character": "Grandpa Koljo"
    },
    {
      "id": "nm5228225",
      "name": "Aleksandar Ristoski",
      "character": "Maki"
    },
    {
      "id": "nm0830371",
      "name": "Slavko Stimac",
      "character": "Lamarinic"
    },
    {
      "id": "nm3893188",
      "name": "Vlatko Ilievski",
      "character": "Toni"
    },
    {
      "id": "nm7642353",
      "name": "Grigor Jovanovski",
      "character": "Leva"
    },
    {
      "id": "nm7642355",
      "name": "Igor Todorov",
      "character": "Krap"
    },
    {
      "id": "nm7642354",
      "name": "Viktor Jakimovski",
      "character": "Bistri"
    },
    {
      "id": "nm10966304",
      "name": "Elisaveta Boncheva",
      "character": "Kata's Mother"
    },
    {
      "id": "nm10966305",
      "name": "Danche Azmanova",
      "character": "Froska"
    },
    {
      "id": "nm10966306",
      "name": "Aco Gogov",
      "character": "Jiji's Assistant #1"
    },
    {
      "id": "nm10966307",
      "name": "Sofija Andonova",
      "character": "Jiji's Assistant #2"
    },
    {
      "id": "nm10966308",
      "name": "Boro Borozan",
      "character": "Doctor Janko"
    },
    {
      "id": "nm4737682",
      "name": "Stojan Velkov",
      "character": "Monk       (as Stojan Velkov-Trn)"
    },
    {
      "id": "nm10966309",
      "name": "Dimitar Krcev",
      "character": "Priest"
    },
    {
      "id": "nm10966310",
      "name": "Petre Golubov",
      "character": "Waiter"
    },
    {
      "id": "nm0431317",
      "name": "Meto Jovanovski",
      "character": "Alavantie       (voice)"
    }
  ],
  "overview": "This is a feature about one discontinued and one started love, with passion and betrayal floating between them. Kata and Djidji live their own life, escaping the absurd sins of the past. But then Alavantie discovers some new clues that lead to the case in which a group of students is liquidated. One of those 5 innocent boys had a relationship with Kata. The long kept secret is finally here. The end of damnation is approaching.",
  "storyline": "Maki, Kata and Jiji are loyal friends who believe in their youthful ideals. However, when Maki and Kata announce their engagement, Jiji becomes jealous. In the period of communist liquidations, there is an unsolved murder of five students, one of them being Maki. A half century later, Alavantie, as a witness and a researcher, returns to his homeland with the \"Golden Five\" dossier. His secrets and knowledge bring additional tension in Kata's and Jiji's married life.",
  "plot": "In 1927, silent film star George Valentin is posing for pictures outside the premiere of his latest hit film when a young woman, Peppy Miller, accidentally bumps into him. Valentin reacts with humor to the accident and shows off with Peppy for the cameras. The next day, Peppy finds herself on the front page of Variety with the headline \"Who's That Girl?\" Later, Peppy auditions as a dancer and is spotted by Valentin, who insists that she have a part in Kinograph Studios' next production, despite objections from the studio boss, Al Zimmer. While performing a scene in which they dance together, Valentin and Peppy show great chemistry, despite her being merely an extra. With a little guidance from Valentin (he draws a beauty spot on her, which will eventually be her trademark, after finding her in his dressing room), Peppy slowly rises through the industry, earning more prominent starring roles.\n\nTwo years later, Zimmer announces the end of production of silent films at Kinograph Studios, but Valentin is dismissive, insisting that sound is just a fad. In a dream, Valentin begins hearing sounds from his environment (as does the audience), but cannot speak himself, then wakes up in a sweat. He decides to produce and direct his own silent film, financing it himself. The film opens on the same day as Peppy's new sound film as well as the 1929 Stock Market Crash. Now Valentin's only chance of avoiding bankruptcy is for his film to be a hit. Unfortunately audiences flock to Peppy's film instead and Valentin is ruined. His wife, Doris, kicks him out, and he moves into an apartment with his valet/chauffeur, Clifton, and his dog. Peppy goes on to become a major Hollywood star.\n\nLater, the bankrupt Valentin is forced to auction off all of his personal effects, and after realizing he has not paid loyal Clifton in over a year, gives him the car and fires him, telling him to get another job. Depressed and drunk, Valentin angrily sets a match to his private collection of his earlier films. As the nitrate film quickly blazes out of control he is overwhelmed by the smoke and passes out inside the burning house, still clutching a single film canister. However, Valentin's dog attracts the help of a nearby policeman, and after being rescued Valentin is hospitalized for injuries suffered in the fire. Peppy visits the hospital and discovers that the film he rescued is the one with them dancing together. She asks for him to be moved to her house to recuperate. Valentin awakens in a bed at her house, to find that Clifton is now working for Peppy. Valentin seems to remain dismissive of Peppy having taken him in, prompting Clifton to sternly remind Valentin of his changing luck.\n\nPeppy insists to Zimmer that Valentin co-star in her next film, threatening to quit Kinograph if Zimmer does not agree to her terms. After Valentin learns to his dismay that it had been Peppy who had purchased all his auctioned effects, he returns in despair to his burnt-out apartment. Peppy arrives, panicked, and finds that Valentin is about to attempt suicide with a handgun. Peppy tells him she only wanted to help him. They embrace and Valentin tells her it's no use; no one wants to hear him speak. Remembering Valentin's superb dancing ability, Peppy persuades Zimmer to let them make a musical together.\n\nNow the audience hears sound for the second time, as the film starts rolling for a dance scene with Peppy and Valentin and their tap-dancing can be heard. Once the choreography is complete, the two dancers are heard panting. The director of the musical calls out audibly, \"Cut!\" to which Zimmer adds: \"Perfect. Beautiful. Could you give me one more?\" Valentin, in his only audible line, replies \"With pleasure!\" revealing his French accent. The camera then pulls back to the sounds of the film crew as they prepare to shoot another take.",
  "synopsis": null
}