{
  "imdb_id": "tt3476472",
  "tmdb_id": "348264",
  "douban_id": null,
  "title": "Doll Syndrome (2014)",
  "genres": [
    "Thriller"
  ],
  "country": "Italy",
  "version": [],
  "imdb_rating": 4.7,
  "director": [
    {
      "id": "nm0188173",
      "name": "Domiziano Cristopharo"
    }
  ],
  "writer": [
    {
      "id": "nm2854099",
      "name": "Andrea Cavaletto",
      "description": "screenplay"
    }
  ],
  "cast": [
    {
      "id": "nm4450035",
      "name": "Yuri Antonosante",
      "character": "The other"
    },
    {
      "id": "nm4892477",
      "name": "Tiziano Cella",
      "character": "Him"
    },
    {
      "id": "nm6228594",
      "name": "Aurora Kostova",
      "character": "Her"
    }
  ],
  "overview": "a soldier try to start a new life and a new job after a nightmarish experience during the war. he fall in love for a young girl that meet everyday in a bar, without talk, and everything goes fine till he discovers that she have a boyfriend.",
  "storyline": "An obsessed, homicidal loner stalks women in a metropolitan city in hopes of creating the ultimate living doll that he can keep all for himself.",
  "plot": null,
  "synopsis": null
}