{
  "imdb_id": "tt3459004",
  "tmdb_id": "343814",
  "douban_id": null,
  "title": "Happy Hour in Paradise (2015)",
  "genres": [
    "Comedy"
  ],
  "country": "Sweden",
  "version": [
    {
      "runtime": "86 min",
      "description": ""
    }
  ],
  "imdb_rating": 4.7,
  "director": [
    {
      "id": "nm0839268",
      "name": "Kjell Sundvall"
    }
  ],
  "writer": [
    {
      "id": "nm1061625",
      "name": "Niclas Ekstr\u00f6m",
      "description": null
    },
    {
      "id": "nm1059661",
      "name": "Jacob Vassell",
      "description": "dramaturge"
    }
  ],
  "cast": [
    {
      "id": "nm1748545",
      "name": "Agnes Kittelsen",
      "character": "Line"
    },
    {
      "id": "nm0071078",
      "name": "Bj\u00f6rn Bengtsson",
      "character": "DJ Hawk"
    },
    {
      "id": "nm0075003",
      "name": "Kjell Bergqvist",
      "character": "Krister Hellstr\u00f6m"
    },
    {
      "id": "nm0753982",
      "name": "Eva R\u00f6se",
      "character": "Carro"
    },
    {
      "id": "nm1179336",
      "name": "Richard Ulfs\u00e4ter",
      "character": "Hannes"
    },
    {
      "id": "nm0031483",
      "name": "Atle Antonsen",
      "character": "Espen"
    },
    {
      "id": "nm0257810",
      "name": "Stig Engstr\u00f6m",
      "character": "Brudens far"
    },
    {
      "id": "nm3302336",
      "name": "Maria Fahl-Vikander",
      "character": "Musikintresserad dam"
    },
    {
      "id": "nm0530499",
      "name": "Anders L\u00f6nnbro",
      "character": "\u00c4ldre par i baren"
    },
    {
      "id": "nm2308273",
      "name": "Erik Lundin",
      "character": "S\u00e4pomannen"
    },
    {
      "id": "nm0771593",
      "name": "Peter Schildt",
      "character": "Hotellmanager"
    },
    {
      "id": "nm2641659",
      "name": "Annika Nordin",
      "character": "Statsministern"
    },
    {
      "id": "nm0387079",
      "name": "\u00c5sa-Lena Hjelm",
      "character": "\u00c4ldre par i baren"
    },
    {
      "id": "nm0515549",
      "name": "Evalena Ljung-Kjellberg",
      "character": "Susanne"
    },
    {
      "id": "nm0424084",
      "name": "Ulf-Peder Johansson",
      "character": "Bar\u00e4gare"
    }
  ],
  "overview": "Kjell Bergqvist is a priest for the Swedish church in Thailand, and he is happy with his easy life in an exotic paradise. Maybe he drinks a little too much and maybe he flirts a little too much with the married women.",
  "storyline": "Kjell Bergqvist is a priest for the Swedish church in Thailand, and he is happy with his easy life in an exotic paradise. Maybe he drinks a little too much and maybe he flirts a little too much with the married women.",
  "plot": null,
  "synopsis": null
}