{
  "imdb_id": "tt3458220",
  "tmdb_id": "250771",
  "douban_id": null,
  "title": "This May Be the Last Time (2014)",
  "genres": [
    "Documentary",
    "Drama",
    "History",
    "Music"
  ],
  "country": "USA",
  "version": [
    {
      "runtime": "95 min",
      "description": ""
    }
  ],
  "imdb_rating": 7.1,
  "director": [
    {
      "id": "nm1802161",
      "name": "Sterlin Harjo"
    }
  ],
  "writer": null,
  "cast": [
    {
      "id": "nm6016995",
      "name": "Jeff S. Anderson",
      "character": "Searcher"
    },
    {
      "id": "nm7954749",
      "name": "Jimmy Anderson",
      "character": "Himself"
    },
    {
      "id": "nm7954757",
      "name": "Hugh W. Foley Jr.",
      "character": "Himself"
    },
    {
      "id": "nm7954753",
      "name": "Eugene Harjo",
      "character": "Himself"
    },
    {
      "id": "nm7954756",
      "name": "Jesse Harjo",
      "character": "Himself"
    },
    {
      "id": "nm7954750",
      "name": "Nelson Harjo",
      "character": "Himself"
    },
    {
      "id": "nm1802161",
      "name": "Sterlin Harjo",
      "character": "(voice)"
    },
    {
      "id": "nm7954760",
      "name": "Belinda Harjoche",
      "character": "Herself"
    },
    {
      "id": "nm7954759",
      "name": "George Harjoche",
      "character": "Himself"
    },
    {
      "id": "nm7954758",
      "name": "Harry Long",
      "character": "Himself"
    },
    {
      "id": "nm7954752",
      "name": "Wotko Long",
      "character": "Himself"
    },
    {
      "id": "nm7954751",
      "name": "Joy Nelson",
      "character": "Himself"
    },
    {
      "id": "nm7954754",
      "name": "Joanna Palmer",
      "character": "Herself"
    },
    {
      "id": "nm7954755",
      "name": "James Stafford",
      "character": "Himself"
    },
    {
      "id": "nm7954761",
      "name": "Houston Tiger",
      "character": "Himself"
    }
  ],
  "overview": "Filmmaker Sterlin Harjo's Grandfather disappeared mysteriously in 1962. The community searching for him sang songs of encouragement that were passed down for generations. Harjo explores the origins of these songs as well as the violent history of his people.",
  "storyline": "This May Be The Last Time is the story of Muscogee (Creek) and Seminole hymns. A unique style of singing that may have gotten its start in Europe. Told from a first person VO by directer Sterlin Harjo, we travel through rural southeastern Oklahoma to uncover the stories of these songs. We talk to the few people that keep this singing alive, as well as tell the history of the songs through oral histories. It's a personal film about songs that is all woven together by a mystery. The death of the filmmakers grandfather. It's a very exclusive world that the viewer is let in on, and by the end they will realize that these songs have shaped the modern world as we know it.",
  "plot": null,
  "synopsis": null
}