{
  "imdb_id": "tt3496334",
  "tmdb_id": "293456",
  "douban_id": null,
  "title": "For Some Inexplicable Reason (2014)",
  "genres": [
    "Comedy",
    "Drama"
  ],
  "country": "Hungary",
  "version": [
    {
      "runtime": "96 min",
      "description": ""
    }
  ],
  "imdb_rating": 7.8,
  "director": [
    {
      "id": "nm2520391",
      "name": "G\u00e1bor Reisz"
    }
  ],
  "writer": [
    {
      "id": "nm2520391",
      "name": "G\u00e1bor Reisz",
      "description": "screenplay"
    }
  ],
  "cast": [
    {
      "id": "nm2425148",
      "name": "\u00c1ron Ferenczik",
      "character": "\u00c1ron Szentesi"
    },
    {
      "id": "nm4690723",
      "name": "Mikl\u00f3s Horv\u00e1th",
      "character": "Mikl\u00f3s Hamza"
    },
    {
      "id": "nm2772349",
      "name": "B\u00e1lint Gy\u00f6riv\u00e1nyi",
      "character": "B\u00e1lint Gy\u00f6rv\u00e1ri"
    },
    {
      "id": "nm2594758",
      "name": "Tam\u00e1s Owczarek",
      "character": "Tam\u00e1s Juh\u00e1sz"
    },
    {
      "id": "nm2593567",
      "name": "Roland Luk\u00e1cs",
      "character": "Roland"
    },
    {
      "id": "nm3769837",
      "name": "Juli Jakab",
      "character": "Eszter"
    },
    {
      "id": "nm0847744",
      "name": "Katalin Tak\u00e1cs",
      "character": "Mrs. Szentesi, \u00c1ron's mother"
    },
    {
      "id": "nm0468514",
      "name": "Zsolt Kov\u00e1cs",
      "character": "Mr. Szentesi, \u00c1ron's father"
    },
    {
      "id": "nm2514387",
      "name": "Zal\u00e1n Makranczi",
      "character": "Bal\u00e1zs Szentesi, \u00c1ron's brother"
    },
    {
      "id": "nm2984088",
      "name": "Erika Kapronczai",
      "character": "Anna"
    },
    {
      "id": "nm3769897",
      "name": "Judit Tarr",
      "character": "HR Zsanett"
    },
    {
      "id": "nm3247248",
      "name": "G\u00e1bor Hermann",
      "character": "Munka\u00fcgyis"
    },
    {
      "id": "nm6131157",
      "name": "Kata Bach",
      "character": "\u00c9va Tinta"
    },
    {
      "id": "nm3473975",
      "name": "Maria Leite",
      "character": "Maria"
    },
    {
      "id": "nm2205031",
      "name": "L\u00f3r\u00e1nt Csorba",
      "character": "Portugese guy"
    },
    {
      "id": "nm3793759",
      "name": "J\u00falia Huzella",
      "character": "Girl at funeral"
    },
    {
      "id": "nm2261102",
      "name": "M\u00e1t\u00e9 M\u00e9sz\u00e1ros",
      "character": "D\u00e1vid Amig\u00f3"
    },
    {
      "id": "nm6248102",
      "name": "Ferenc Varga",
      "character": "Eszter's new boyfriend"
    },
    {
      "id": "nm9621011",
      "name": "Ivett Di\u00e1na Bukovinszki",
      "character": "Teenager"
    },
    {
      "id": "nm0619524",
      "name": "Viktor Nagy",
      "character": "Cashier"
    }
  ],
  "overview": "A trip to Lisbon helps a nerdy guy who is quickly approaching 30 finally get his mojo back.",
  "storyline": "A trip to Lisbon helps a nerdy guy who is quickly approaching 30 finally get his mojo back.",
  "plot": null,
  "synopsis": null
}