{
  "imdb_id": "tt3465186",
  "tmdb_id": "283215",
  "douban_id": null,
  "title": "Panya Raenu 4 (2014)",
  "genres": [
    "Comedy"
  ],
  "country": "Thailand",
  "version": [],
  "imdb_rating": null,
  "director": [
    {
      "id": "nm0991532",
      "name": "Bin Bunluerit"
    }
  ],
  "writer": null,
  "cast": [
    {
      "id": "nm5838807",
      "name": "Natnischa Cerdchoobuphakaree",
      "character": "Inn"
    },
    {
      "id": "nm5008330",
      "name": "Suthida Hongsa",
      "character": "Nam Khing"
    },
    {
      "id": "nm1335081",
      "name": "Apaporn Nakornsawan",
      "character": ""
    },
    {
      "id": "nm6385899",
      "name": "Front Virakorn",
      "character": ""
    },
    {
      "id": "nm5081143",
      "name": "Chris Wegoda",
      "character": "Dance Competition MC"
    }
  ],
  "overview": "The fourth sequel in the successful Pany Reanu series,  with the country to enter the European Community (AEC) in the next two years. The school must raise the level of competence in English, the international language of the world. This has become a burden ... Gosh ... the assignment for students who are not familiar with English. When all students are to learn and practice speaking English as a salute to Post in OMG !!! Hello, How Are You, I'm Fine, Thank You, What, When, Where, Why did each other.... What happens next!",
  "storyline": null,
  "plot": null,
  "synopsis": null
}