{
  "imdb_id": "tt3487994",
  "tmdb_id": "317981",
  "douban_id": null,
  "title": "Bloodsucking Bastards (2015)",
  "genres": [
    "Action",
    "Comedy",
    "Horror"
  ],
  "country": "USA",
  "version": [
    {
      "runtime": "86 min",
      "description": ""
    }
  ],
  "imdb_rating": 5.6,
  "director": [
    {
      "id": "nm0640031",
      "name": "Brian James O'Connell"
    }
  ],
  "writer": [
    {
      "id": "nm6547032",
      "name": "Dr. God",
      "description": "writer"
    },
    {
      "id": "nm3051028",
      "name": "Ryan Mitts",
      "description": "writer"
    },
    {
      "id": "nm3051028",
      "name": "Ryan Mitts",
      "description": null
    }
  ],
  "cast": [
    {
      "id": "nm0469823",
      "name": "Fran Kranz",
      "character": "Evan"
    },
    {
      "id": "nm0050959",
      "name": "Pedro Pascal",
      "character": "Max"
    },
    {
      "id": "nm0449466",
      "name": "Joey Kern",
      "character": "Tim"
    },
    {
      "id": "nm0615063",
      "name": "Joel Murray",
      "character": "Ted"
    },
    {
      "id": "nm3500747",
      "name": "Emma Fitzpatrick",
      "character": "Amanda"
    },
    {
      "id": "nm1545721",
      "name": "Yvette Yates Redick",
      "character": "Zabeth       (as Yvette Yates)"
    },
    {
      "id": "nm1234853",
      "name": "Justin Ware",
      "character": "Andrew"
    },
    {
      "id": "nm2274249",
      "name": "Marshall Givens",
      "character": "Frank"
    },
    {
      "id": "nm2745931",
      "name": "David F. Park",
      "character": "Dave"
    },
    {
      "id": "nm2369675",
      "name": "Neil Garguilo",
      "character": "Mike       (as Neil W. Garguilo)"
    },
    {
      "id": "nm1231867",
      "name": "Parvesh Cheena",
      "character": "Jack the Intern"
    },
    {
      "id": "nm1288436",
      "name": "Zabeth Russell",
      "character": "Elaine"
    },
    {
      "id": "nm1216185",
      "name": "Sean Cowhig",
      "character": "Janitor"
    },
    {
      "id": "nm0990777",
      "name": "Patricia Rae",
      "character": "Sofia"
    },
    {
      "id": "nm0640031",
      "name": "Brian James O'Connell",
      "character": "Mail Room Boy"
    },
    {
      "id": "nm4091868",
      "name": "Lauren Miller",
      "character": "Phallicyte Executive"
    },
    {
      "id": "nm2521534",
      "name": "Tommy Bechtold",
      "character": "Phallicyte Executive"
    },
    {
      "id": "nm0465286",
      "name": "Brian Konowal",
      "character": "Vampire Drone"
    },
    {
      "id": "nm1106056",
      "name": "Jacquelyn Palmquist",
      "character": "Vampire Drone"
    },
    {
      "id": "nm1421624",
      "name": "Jessica Rothert",
      "character": "Vampire Drone"
    },
    {
      "id": "nm1353781",
      "name": "Michael Hughes",
      "character": "Vampire Drone"
    },
    {
      "id": "nm7606894",
      "name": "Peter Hard",
      "character": "Vampire Drone"
    },
    {
      "id": "nm1792530",
      "name": "Heather Miller",
      "character": "Vampire Drone"
    },
    {
      "id": "nm3034404",
      "name": "Bethany Hilliard",
      "character": "Vampire Drone"
    },
    {
      "id": "nm1753894",
      "name": "William Treadwell",
      "character": "Vampire Lawyers"
    },
    {
      "id": "nm6271475",
      "name": "Kyran Danaher",
      "character": "Lawyer"
    },
    {
      "id": "nm3947702",
      "name": "Adam Slemon",
      "character": "Vampire Lawyers"
    },
    {
      "id": "nm2382239",
      "name": "James Warfield",
      "character": "James"
    }
  ],
  "overview": "An action-packed horror comedy, BLOODSUCKING BASTARDS stars Fran Kranz as Evan, a dutiful and overworked employee stuck at a soul-killing corporation with his beautiful co-worker and girlfriend Amanda (Emma Fitzpatrick) and his slacker best friend Tim (Joey Kern). Evans world begins to crumble when Amanda dumps him and his boss Ted (Joel Murray) hands his coveted promotion to his nemesis Max (Pedro Pascal). When his office mates start going through disturbing changes, Evan must find a way to stop the evil brewing admist the cubicles, and rescue his workplace pals before his life and career go from dead-end... to just dead.",
  "storyline": "Evan is a a dutiful and overworked employee stuck at a soul-killing corporation with his beautiful co-worker and girlfriend Amanda and his slacker best friend Tim. Evan's world begins to crumble when Amanda dumps him and his boss Ted hands his coveted promotion to his nemesis Max. However when the bodies start piling up and lazy coworkers become paler, hard-working, and more aggressive Evan soon discovers Max is actually a vampire, and has turned most of the office into vampires as well. Now Evan must defeat Max and rescue his workplace pals before his life and career go from dead-end - to just dead.",
  "plot": null,
  "synopsis": null
}