{
  "imdb_id": "tt3447876",
  "tmdb_id": "340868",
  "douban_id": null,
  "title": "Deadly Sanctuary (2017)",
  "genres": [
    "Family",
    "Mystery",
    "Thriller"
  ],
  "country": "USA",
  "version": [
    {
      "runtime": "100 min",
      "description": ""
    }
  ],
  "imdb_rating": 4.8,
  "director": [
    {
      "id": "nm0188027",
      "name": "Nancy Criss"
    }
  ],
  "writer": [
    {
      "id": "nm6197888",
      "name": "Sylvia Nobel",
      "description": "novel"
    },
    {
      "id": "nm6197888",
      "name": "Sylvia Nobel",
      "description": null
    },
    {
      "id": "nm4243300",
      "name": "Bower Yousse",
      "description": null
    }
  ],
  "cast": [
    {
      "id": "nm0000616",
      "name": "Eric Roberts",
      "character": "Tugg"
    },
    {
      "id": "nm2126366",
      "name": "Paul Greene",
      "character": "Eric Heisler"
    },
    {
      "id": "nm0001002",
      "name": "Dean Cain",
      "character": "Roy Hollingsworth"
    },
    {
      "id": "nm0000838",
      "name": "Daniel Baldwin",
      "character": "Dr. Price"
    },
    {
      "id": "nm2260724",
      "name": "Marco Dapper",
      "character": "Bradley Talverson"
    },
    {
      "id": "nm3796165",
      "name": "Mandalynn Carlson",
      "character": "Tiffany"
    },
    {
      "id": "nm1407022",
      "name": "Rebekah Kochan",
      "character": "Kendall O'Dell"
    },
    {
      "id": "nm2051826",
      "name": "Jason Van Eman",
      "character": "Bartender"
    },
    {
      "id": "nm2204540",
      "name": "Michael Harrelson",
      "character": "Elwood"
    },
    {
      "id": "nm3675178",
      "name": "Terri Minton",
      "character": "Lucinda"
    },
    {
      "id": "nm3961686",
      "name": "Michael Emery",
      "character": "Deputy Potts"
    },
    {
      "id": "nm1053523",
      "name": "Dante",
      "character": "Mike Scott"
    },
    {
      "id": "nm4973827",
      "name": "Teri Lee",
      "character": "Ginger"
    },
    {
      "id": "nm0316596",
      "name": "Sanford Gibbons",
      "character": "Guard"
    },
    {
      "id": "nm3061531",
      "name": "Richard Anderson",
      "character": "Carlos"
    },
    {
      "id": "nm3204678",
      "name": "Jedediah Jones",
      "character": "Raoul"
    },
    {
      "id": "nm0633188",
      "name": "Ron Nix",
      "character": "Jake"
    },
    {
      "id": "nm3034285",
      "name": "Jason Wiechert",
      "character": "Jason"
    },
    {
      "id": "nm5046881",
      "name": "Bobbi Jeen Olson",
      "character": "Claudia"
    },
    {
      "id": "nm1683409",
      "name": "Nicole Criss",
      "character": "Hitchhiker       (as Nicole Taylor)"
    },
    {
      "id": "nm5155685",
      "name": "Cazi Greene",
      "character": "Jim Sykes"
    },
    {
      "id": "nm3136424",
      "name": "Marie Joelyn",
      "character": "Yolanda"
    },
    {
      "id": "nm5736472",
      "name": "Virginia Olivieri",
      "character": "Bonnie"
    },
    {
      "id": "nm5448190",
      "name": "Madelynn Eldredge",
      "character": "Pregnant Teen"
    },
    {
      "id": "nm4919057",
      "name": "Mark DeBoer",
      "character": "Tom"
    },
    {
      "id": "nm6594480",
      "name": "Olivia Hill",
      "character": "Stephanie"
    },
    {
      "id": "nm7284945",
      "name": "William Chambers",
      "character": "Restaurant Patron"
    },
    {
      "id": "nm5178016",
      "name": "Amy Eidel",
      "character": "News Reporter"
    },
    {
      "id": "nm6436683",
      "name": "Paul Nathan",
      "character": "Second Hiker"
    },
    {
      "id": "nm5144222",
      "name": "LeeAnn Sharpe",
      "character": "Party Guest"
    },
    {
      "id": "nm5877247",
      "name": "Jeremy Cluff",
      "character": "Stablehand"
    },
    {
      "id": "nm7284943",
      "name": "Larry Chebowski",
      "character": "Party Guest"
    },
    {
      "id": "nm5794982",
      "name": "Asia Climaco",
      "character": "Party Guest"
    }
  ],
  "overview": "Feisty, flame-haired reporter, Kendall O'Dell is drawn into an evil web of conspiracy beyond anything she could have ever imagined when she accepts a position at a small newspaper in isolated Castle Valley, Arizona. In the mix is a vanished reporter, two dead teenage girls and an attractive cowboy. Kendall's life hangs in the balance as she strives to uncover the horrifying secret.",
  "storyline": "Feisty, flame-haired reporter, Kendall O'Dell is drawn into an evil web of conspiracy beyond anything she could have ever imagined when she accepts a position at a small newspaper in isolated Castle Valley, Arizona. In the mix is a vanished reporter, two dead teenage girls and an attractive cowboy. Kendall's life hangs in the balance as she strives to uncover the horrifying secret.",
  "plot": null,
  "synopsis": null
}