{
  "imdb_id": "tt3520008",
  "tmdb_id": "339076",
  "douban_id": null,
  "title": "3rd Street Blackout (2015)",
  "genres": [
    "Comedy",
    "Romance"
  ],
  "country": "USA",
  "version": [
    {
      "runtime": "87 min",
      "description": ""
    }
  ],
  "imdb_rating": 6.8,
  "director": [
    {
      "id": "nm2399716",
      "name": "Negin Farsad"
    },
    {
      "id": "nm1234046",
      "name": "Jeremy Redleaf"
    },
    {
      "id": "nm2399716",
      "name": "Negin Farsad"
    },
    {
      "id": "nm1234046",
      "name": "Jeremy Redleaf"
    }
  ],
  "writer": [
    {
      "id": "nm2399716",
      "name": "Negin Farsad",
      "description": "co-writer"
    },
    {
      "id": "nm1234046",
      "name": "Jeremy Redleaf",
      "description": "co-writer"
    }
  ],
  "cast": [
    {
      "id": "nm0000413",
      "name": "Janeane Garofalo",
      "character": "June Sherman"
    },
    {
      "id": "nm3585980",
      "name": "Henry Zebrowski",
      "character": "Wasserman, Blaine"
    },
    {
      "id": "nm0711864",
      "name": "Devin Ratray",
      "character": "Adam Daddario"
    },
    {
      "id": "nm4576371",
      "name": "Sunita Mani",
      "character": "Elora"
    },
    {
      "id": "nm2287597",
      "name": "Rachel Feinstein",
      "character": "Melanie"
    },
    {
      "id": "nm1894655",
      "name": "John Hodgman",
      "character": "Gary Voonerjab"
    },
    {
      "id": "nm0813902",
      "name": "Phyllis Somerville",
      "character": "Susan Sussman"
    },
    {
      "id": "nm2819460",
      "name": "Ed Weeks",
      "character": "Nathan Blonket"
    },
    {
      "id": "nm2473246",
      "name": "Katie Hartman",
      "character": "Christina 'DUBS' Dubsweig"
    },
    {
      "id": "nm1644112",
      "name": "Michael Cyril Creighton",
      "character": "Gossipy Man"
    },
    {
      "id": "nm1994167",
      "name": "Jordan Carlos",
      "character": "Ari Wiser"
    },
    {
      "id": "nm4080915",
      "name": "Emma Ramos",
      "character": "Tech Woman 1       (as Emma E. Ramos)"
    },
    {
      "id": "nm1217827",
      "name": "Debargo Sanyal",
      "character": "Hassan"
    },
    {
      "id": "nm1106304",
      "name": "Adam Scarimbolo",
      "character": "Devin Parks"
    },
    {
      "id": "nm4851020",
      "name": "Miles J. Harvey",
      "character": "Chuck Manning"
    },
    {
      "id": "nm2077729",
      "name": "Larry Gevirtz",
      "character": "Man in Bar"
    },
    {
      "id": "nm0788587",
      "name": "Michael Shapiro",
      "character": "Josh"
    },
    {
      "id": "nm4525965",
      "name": "Jason Tottenham",
      "character": "Giorgio Willens"
    },
    {
      "id": "nm2935346",
      "name": "Maria-Christina Oliveras",
      "character": "Veronica Joy"
    },
    {
      "id": "nm2308760",
      "name": "Ari Rubin",
      "character": "Scott Kim"
    },
    {
      "id": "nm0995946",
      "name": "Ali Reza",
      "character": "Ralph Pizzola"
    },
    {
      "id": "nm0294043",
      "name": "Arthur French",
      "character": "Hayward 'The Chillmaster' Roberts"
    },
    {
      "id": "nm1234046",
      "name": "Jeremy Redleaf",
      "character": "Rudy Higgins"
    },
    {
      "id": "nm2399716",
      "name": "Negin Farsad",
      "character": "Mina Shamkhali"
    },
    {
      "id": "nm2386006",
      "name": "Becky Yamamoto",
      "character": "Jewel"
    },
    {
      "id": "nm4857479",
      "name": "Kim Park",
      "character": "Scientist 1"
    },
    {
      "id": "nm0539282",
      "name": "Heather Male",
      "character": "Couple"
    },
    {
      "id": "nm4309233",
      "name": "Ciara Mashea",
      "character": "Technology Customer #4       (as Ciara Curran)"
    },
    {
      "id": "nm6613991",
      "name": "James Hoepelman",
      "character": "Technology Customer #3"
    },
    {
      "id": "nm3881906",
      "name": "Andrew Madsen",
      "character": "Reggie Martin"
    },
    {
      "id": "nm6766641",
      "name": "Josey Miller",
      "character": "Jane"
    },
    {
      "id": "nm1943314",
      "name": "Monica Meadows",
      "character": "Technology Customer #1"
    }
  ],
  "overview": "A technology-obsessed couple is forced to examine their relationship during a blackout",
  "storyline": "After Hurricane Sandy left large parts of New York City without power, an internet savvy couple deals with the absence of technology, a flailing relationship, and the trappings of an analogue world. How far would you go to deliver a note in a blackout?",
  "plot": null,
  "synopsis": null
}