{
  "imdb_id": "tt3552638",
  "tmdb_id": "288313",
  "douban_id": null,
  "title": "Perez. (2014)",
  "genres": [
    "Crime",
    "Drama",
    "Thriller"
  ],
  "country": "Italy",
  "version": [
    {
      "runtime": "94 min",
      "description": ""
    }
  ],
  "imdb_rating": 6.4,
  "director": [
    {
      "id": "nm2395887",
      "name": "Edoardo De Angelis"
    }
  ],
  "writer": [
    {
      "id": "nm2395887",
      "name": "Edoardo De Angelis",
      "description": "written by"
    },
    {
      "id": "nm2738907",
      "name": "Filippo Gravino",
      "description": "written by"
    }
  ],
  "cast": [
    {
      "id": "nm0956956",
      "name": "Luca Zingaretti",
      "character": "Demetrio Perez"
    },
    {
      "id": "nm3634704",
      "name": "Marco D'Amore",
      "character": "Francesco Corvino"
    },
    {
      "id": "nm6350234",
      "name": "Simona Tabasco",
      "character": "Tea Perez"
    },
    {
      "id": "nm3103724",
      "name": "Giampaolo Fabrizio",
      "character": "Ignazio Merolla"
    },
    {
      "id": "nm2691468",
      "name": "Massimiliano Gallo",
      "character": "Luca Buglione"
    },
    {
      "id": "nm4058717",
      "name": "Saman Anthony",
      "character": "Sinkonkar"
    },
    {
      "id": "nm5818791",
      "name": "Ida Brandi",
      "character": "Ragazza Festa"
    },
    {
      "id": "nm0134480",
      "name": "Salvatore Cantalupo",
      "character": "Uomo Auto"
    },
    {
      "id": "nm3940658",
      "name": "Ivan Castiglione",
      "character": "Walter"
    },
    {
      "id": "nm7499099",
      "name": "Roberto Capuozzo",
      "character": "Rapinatore"
    },
    {
      "id": "nm6690280",
      "name": "Gennaro Di Colandrea",
      "character": "Uomo in Tribunale"
    },
    {
      "id": "nm7499100",
      "name": "Gennaro Di Martino",
      "character": ""
    },
    {
      "id": "nm0231873",
      "name": "Cristina Donadio",
      "character": "Madre Corvino"
    },
    {
      "id": "nm3012922",
      "name": "Vincenzo Fabricino",
      "character": "Pescivendolo"
    },
    {
      "id": "nm4436864",
      "name": "Stefano Ferraro",
      "character": "Poliziotto Procura"
    },
    {
      "id": "nm1169563",
      "name": "Jian Ye",
      "character": "Imputato Cinese"
    },
    {
      "id": "nm1045921",
      "name": "Toni Laudadio",
      "character": "Procuratore Rossetti"
    },
    {
      "id": "nm7351577",
      "name": "Marianna Mercurio",
      "character": "Avvocata"
    },
    {
      "id": "nm0603351",
      "name": "Antonella Morea",
      "character": "Giudice"
    },
    {
      "id": "nm7499101",
      "name": "Moses Moussa Mone",
      "character": "Imputato Africano"
    },
    {
      "id": "nm5034016",
      "name": "Lino Musella",
      "character": "Latella"
    },
    {
      "id": "nm7499102",
      "name": "Suthakaran Navaratnam",
      "character": "Fattore Indiano"
    },
    {
      "id": "nm0672049",
      "name": "Antonio Pennarella",
      "character": "Assistente Procuratore"
    },
    {
      "id": "nm7499103",
      "name": "Seneth Ranawaka",
      "character": "Bambino Indiano"
    },
    {
      "id": "nm4830288",
      "name": "Pasqualina Sanna",
      "character": "La Muta"
    },
    {
      "id": "nm3527892",
      "name": "Loredana Simioli",
      "character": "Impiegata Tribunale"
    },
    {
      "id": "nm0846937",
      "name": "Tonino Taiuti",
      "character": "Commerciante Vasi"
    },
    {
      "id": "nm1637384",
      "name": "Emilio Vacca",
      "character": "Amico Corvino"
    },
    {
      "id": "nm7499104",
      "name": "Giovanni Vastarella",
      "character": "Rapinatore"
    }
  ],
  "overview": null,
  "storyline": "A lawyer has to cross the edge between law and crime to protect his family.",
  "plot": "Demetrio Perez is a famous criminal lawyer from Naples who years ago was considered one of the best in his field, but after having had made too many enemies is now reduced to working as a public defender. His life begins to fall apart when his daughter Tea falls madly in love with Francesco Corvino, the son of a boss of the Camorra.\n\nLuca Buglione, the boss of a rival clan, decides to become a pentito. He makes a deal with Perez: if the lawyer will retrieve a batch of smuggled diamonds for him, then he will testify against Francesco.",
  "synopsis": null
}