{
  "imdb_id": "tt3513054",
  "tmdb_id": "310119",
  "douban_id": null,
  "title": "Last Days in the Desert (2015)",
  "genres": [
    "Adventure",
    "Drama"
  ],
  "country": "USA",
  "version": [
    {
      "runtime": "98 min",
      "description": ""
    }
  ],
  "imdb_rating": 5.6,
  "director": [
    {
      "id": "nm0006554",
      "name": "Rodrigo Garc\u00eda"
    }
  ],
  "writer": [
    {
      "id": "nm0006554",
      "name": "Rodrigo Garc\u00eda",
      "description": null
    }
  ],
  "cast": [
    {
      "id": "nm0000191",
      "name": "Ewan McGregor",
      "character": "Yeshua /              The Demon"
    },
    {
      "id": "nm5606342",
      "name": "Susan Gray",
      "character": "Demonic Woman"
    },
    {
      "id": "nm4446467",
      "name": "Tye Sheridan",
      "character": "The Boy"
    },
    {
      "id": "nm0001354",
      "name": "Ciar\u00e1n Hinds",
      "character": "The Father"
    },
    {
      "id": "nm0957909",
      "name": "Ayelet Zurer",
      "character": "The Mother"
    }
  ],
  "overview": "On his way out of the wilderness, Jesus struggles with the Devil over the fate of a family in crisis, setting himself up for a dramatic test.",
  "storyline": "Ewan McGregor is Jesus - and the Devil - in an imagined chapter from his forty days of fasting and praying in the desert. On his way out of the wilderness, Jesus struggles with the Devil over the fate of a family in crisis, setting for himself a dramatic test.",
  "plot": "Last Days in the Desert follows Jesus in an imagined chapter from his 40 days of fasting and praying in the desert. On his way out of the wilderness, he struggles with a demon over the fate of an ordinary family in crisis, setting for himself a dramatic test with distinctly human conflicts.",
  "synopsis": null
}