{
  "imdb_id": "tt3598108",
  "tmdb_id": "405050",
  "douban_id": null,
  "title": "Bad Girl (2016)",
  "genres": [
    "Drama",
    "Thriller"
  ],
  "country": "Australia",
  "version": [
    {
      "runtime": "87 min",
      "description": ""
    }
  ],
  "imdb_rating": 6.8,
  "director": [
    {
      "id": "nm1168930",
      "name": "Fin Edquist"
    }
  ],
  "writer": [
    {
      "id": "nm1168930",
      "name": "Fin Edquist",
      "description": null
    }
  ],
  "cast": [
    {
      "id": "nm0972622",
      "name": "Sara West",
      "character": "Amy Anderson"
    },
    {
      "id": "nm3034977",
      "name": "Samara Weaving",
      "character": "Chloe Buchanan /              Jessica Cooper"
    },
    {
      "id": "nm2956038",
      "name": "Benjamin Winspear",
      "character": "Peter Anderson       (as Ben Winspear)"
    },
    {
      "id": "nm0696894",
      "name": "Felicity Price",
      "character": "Michelle Anderson"
    },
    {
      "id": "nm1544427",
      "name": "Rebecca Massey",
      "character": "Detective Daniels"
    },
    {
      "id": "nm5755433",
      "name": "Sam Hutchin",
      "character": "First Neighbour"
    },
    {
      "id": "nm4223899",
      "name": "Liam Graham",
      "character": "Second Neighbour"
    },
    {
      "id": "nm5896591",
      "name": "Chris Buckley",
      "character": "Police Officer"
    },
    {
      "id": "nm5824097",
      "name": "Brodie Masini",
      "character": "Police Officer"
    },
    {
      "id": "nm3118097",
      "name": "Paul Komadina",
      "character": "Police Officer"
    },
    {
      "id": "nm0518851",
      "name": "Michael Loney",
      "character": "Suburban Neighbour"
    },
    {
      "id": "nm2239952",
      "name": "Renato Fabretti",
      "character": "Young Barman"
    },
    {
      "id": "nm9834213",
      "name": "Elizabeth Haran",
      "character": "Kovac Imposter"
    },
    {
      "id": "nm4890634",
      "name": "Michelle Philips",
      "character": "Kovac Imposter"
    },
    {
      "id": "nm0946787",
      "name": "Malcolm Yates",
      "character": "Kovac Imposter"
    },
    {
      "id": "nm3228406",
      "name": "Kenny Low",
      "character": "Investor"
    },
    {
      "id": "nm6436940",
      "name": "Izumi Woods",
      "character": "Female Investor"
    },
    {
      "id": "nm4145005",
      "name": "Wayne Davies",
      "character": "Motel Owner"
    },
    {
      "id": "nm2640898",
      "name": "Bruce Denny",
      "character": "Farmer"
    },
    {
      "id": "nm7282416",
      "name": "Greg McNeil",
      "character": "Mr. Buchanan"
    },
    {
      "id": "nm4682225",
      "name": "Suzanne Clarke",
      "character": "Mrs. Buchanan"
    },
    {
      "id": "nm8204163",
      "name": "Hannah Bardsley",
      "character": "The Real Chloe Buchanan"
    },
    {
      "id": "nm7558862",
      "name": "Christien Reid",
      "character": "Chloe Buchanan's Boyfriend"
    },
    {
      "id": "nm8917495",
      "name": "Crystal Della Posta",
      "character": "Em       (voice)"
    },
    {
      "id": "nm1805311",
      "name": "Tenille Kennedy",
      "character": "Rosie       (voice)"
    },
    {
      "id": "nm10306122",
      "name": "Mojo",
      "character": "Himself"
    }
  ],
  "overview": "Bad girl Amy, 17, is given one last chance by her adoptive parents, who think Amy's friendship with local girl Chloe is a step in the right direction. But when Amy discovers Chloe's secret she finds herself fighting for her life, and for the future of the family she herself tried to destroy.",
  "storyline": "Bad girl Amy, 17, is given one last chance by her adoptive parents, who think Amy's friendship with local girl Chloe is a step in the right direction. But when Amy discovers Chloe's secret she finds herself fighting for her life, and for the future of the family she herself tried to destroy.",
  "plot": null,
  "synopsis": null
}