{
  "imdb_id": "tt3564574",
  "tmdb_id": "382501",
  "douban_id": null,
  "title": "Eternity (2016)",
  "genres": [
    "Drama"
  ],
  "country": "France",
  "version": [
    {
      "runtime": "115 min",
      "description": ""
    }
  ],
  "imdb_rating": 6.0,
  "director": [
    {
      "id": "nm0870841",
      "name": "Tran Anh Hung"
    }
  ],
  "writer": [
    {
      "id": "nm1933585",
      "name": "Alice Ferney",
      "description": "novel"
    },
    {
      "id": "nm0870841",
      "name": "Tran Anh Hung",
      "description": "screenplay"
    }
  ],
  "cast": [
    {
      "id": "nm0851582",
      "name": "Audrey Tautou",
      "character": "Valentine"
    },
    {
      "id": "nm0067367",
      "name": "B\u00e9r\u00e9nice Bejo",
      "character": "Gabrielle"
    },
    {
      "id": "nm0491259",
      "name": "M\u00e9lanie Laurent",
      "character": "Mathilde"
    },
    {
      "id": "nm0753737",
      "name": "J\u00e9r\u00e9mie Renier",
      "character": "Henri"
    },
    {
      "id": "nm1731624",
      "name": "Pierre Deladonchamps",
      "character": "Charles"
    },
    {
      "id": "nm0001393",
      "name": "Ir\u00e8ne Jacob",
      "character": "M\u00e8re de Gabrielle"
    },
    {
      "id": "nm3581007",
      "name": "Arieh Worthalter",
      "character": "Jules"
    },
    {
      "id": "nm0834805",
      "name": "Val\u00e9rie Stroh",
      "character": "M\u00e8re de Mathilde"
    },
    {
      "id": "nm0503800",
      "name": "Philippine Leroy-Beaulieu",
      "character": "M\u00e8re de Valentine"
    },
    {
      "id": "nm0951295",
      "name": "Nu Y\u00ean-Kh\u00ea Tran",
      "character": "Narrator       (voice) (as Tran Nu Y\u00ean-Kh\u00ea)"
    },
    {
      "id": "nm7502587",
      "name": "Lou Lambrecht",
      "character": "Valentine (7 ans)"
    },
    {
      "id": "nm8424066",
      "name": "Mya Essalhi",
      "character": "Valentine (14 ans)"
    },
    {
      "id": "nm6968837",
      "name": "Katia Miran",
      "character": "Valentine (doublure jeune) /              Soeur 2 de Valentine (3 ans) /              Mathilde (doublure jeune)"
    },
    {
      "id": "nm8424067",
      "name": "Catherine Matty",
      "character": "Valentine (doublure 60-70 ans)"
    },
    {
      "id": "nm4242209",
      "name": "Colette Roche",
      "character": "Valentine (doublure 80 ans)"
    },
    {
      "id": "nm0598857",
      "name": "Thibault de Montalembert",
      "character": "P\u00e8re de Valentine (36-55 ans)"
    },
    {
      "id": "nm8424068",
      "name": "J\u00e9r\u00f4me Bassin",
      "character": "P\u00e8re de Valentine (doublure)"
    },
    {
      "id": "nm8294079",
      "name": "Saskia de Melo Dillais",
      "character": "Soeur 2 de Valentine (4 ans)"
    },
    {
      "id": "nm7411824",
      "name": "No\u00e9mie Morales",
      "character": "Soeur 1 de Valentine (3 ans)"
    },
    {
      "id": "nm8424069",
      "name": "Florence Neefs",
      "character": "Soeur 2 de Valentine (17 ans)"
    },
    {
      "id": "nm8424070",
      "name": "Basile Schram",
      "character": "Jules (3 mois)"
    },
    {
      "id": "nm2569049",
      "name": "Th\u00e9o Lambert",
      "character": "Jules (9-10 ans)"
    },
    {
      "id": "nm8424071",
      "name": "Trystan Bouvrat",
      "character": "Jules (12 ans)"
    },
    {
      "id": "nm3922902",
      "name": "Jean-Baptiste Lafarge",
      "character": "Jules (20 ans)"
    },
    {
      "id": "nm8424072",
      "name": "Marie-Claude Kumps",
      "character": "M\u00e8re de Jules (50-61 ans)"
    },
    {
      "id": "nm0208756",
      "name": "Xavier de Guillebon",
      "character": "P\u00e8re de Jules (52-63 ans)"
    },
    {
      "id": "nm8424073",
      "name": "Jeanne Thi\u00e9baut",
      "character": "Gabrielle (12 ans)"
    },
    {
      "id": "nm8424074",
      "name": "Joannie No\u00ebl",
      "character": "Gabrielle (doublure jeune)"
    },
    {
      "id": "nm8424075",
      "name": "Anne-Claire Mangin",
      "character": "M\u00e8re de Gabrielle (doublure jeune)"
    },
    {
      "id": "nm7747742",
      "name": "Eva-Luuna Mathues",
      "character": "Mathilde (8 ans)"
    },
    {
      "id": "nm8424076",
      "name": "Lilou Brouquier",
      "character": "Mathilde (13 ans)"
    },
    {
      "id": "nm8424077",
      "name": "Hortense Le Lann",
      "character": "M\u00e8re de Mathilde (doublure jeune)"
    },
    {
      "id": "nm8424078",
      "name": "Juliette Lep\u00e8re",
      "character": "Henri (1 mois)"
    },
    {
      "id": "nm8424079",
      "name": "Thiago Collignon",
      "character": "Henri (5-7 ans)"
    },
    {
      "id": "nm7457905",
      "name": "Louis Durant",
      "character": "Henri (12-13 ans)"
    },
    {
      "id": "nm8424080",
      "name": "Pierre-Alexandre Legendre",
      "character": "Henri (15 ans)"
    },
    {
      "id": "nm7879633",
      "name": "Quentin Demon",
      "character": "Henri (doublure jeune)"
    },
    {
      "id": "nm0887289",
      "name": "Philippe Van Kessel",
      "character": "Premier pr\u00eatre (65-71 ans)"
    },
    {
      "id": "nm0785253",
      "name": "Christophe Sermet",
      "character": "Deuxi\u00e8me pr\u00eatre (30-50 ans)"
    },
    {
      "id": "nm0214692",
      "name": "Yves Degen",
      "character": "Troisi\u00e8me pr\u00eatre"
    },
    {
      "id": "nm0557185",
      "name": "Olivier Massart",
      "character": "M\u00e9decin (50-60 ans)"
    },
    {
      "id": "nm8424081",
      "name": "Natalie Perez",
      "character": "Chanteuse"
    },
    {
      "id": "nm4067684",
      "name": "Tristan Pfaff",
      "character": "Pianiste"
    },
    {
      "id": "nm8424082",
      "name": "Antonin Meeus",
      "character": "Jumeau Louis (2 mois)"
    },
    {
      "id": "nm8424083",
      "name": "Jules Meeus",
      "character": "Jumeau Jean (2 mois)"
    },
    {
      "id": "nm8424084",
      "name": "Gabriel Dumon",
      "character": "Jumeau Louis (9 mois)"
    },
    {
      "id": "nm8424085",
      "name": "Valentin Dumon",
      "character": "Jumeau Jean (9 mois)"
    },
    {
      "id": "nm8424086",
      "name": "Lucas Petiau",
      "character": "Jumeau Louis (3 ans)"
    },
    {
      "id": "nm8424087",
      "name": "Matt\u00e9o Petiau",
      "character": "Jumeau Jean (3 ans)"
    },
    {
      "id": "nm8424088",
      "name": "Cyprien Pertuis",
      "character": "Jumeau Louis (5 ans)"
    },
    {
      "id": "nm8424089",
      "name": "R\u00e9my Pertuis",
      "character": "Jumeau Jean (5 ans)"
    },
    {
      "id": "nm8424090",
      "name": "Pierre Bourroux",
      "character": "Jumeau Louis (10-12 ans)"
    },
    {
      "id": "nm8424091",
      "name": "Martin Bourroux",
      "character": "Jumeau Jean (10-12 ans)"
    },
    {
      "id": "nm8424092",
      "name": "Diego Spaey",
      "character": "Jumeau Louis (17-20 ans)"
    },
    {
      "id": "nm8424093",
      "name": "Quentin Spaey",
      "character": "Jumeau Jean (17-20 ans)"
    },
    {
      "id": "nm8424094",
      "name": "Adrien Courcy",
      "character": "Adrien (6 mois)"
    },
    {
      "id": "nm8424095",
      "name": "Gabriel de Bonni\u00e8res",
      "character": "Adrien (2 ans)"
    },
    {
      "id": "nm8424096",
      "name": "R\u00e9mi Goebeert",
      "character": "Adrien (7-9 ans)"
    },
    {
      "id": "nm8424097",
      "name": "Ulysse Gilson",
      "character": "Adrien (14-15 ans)"
    },
    {
      "id": "nm3190410",
      "name": "Martin Loizillon",
      "character": "Adrien (17-26 ans)"
    },
    {
      "id": "nm8424098",
      "name": "Anna Seynaeve",
      "character": "Margaux (naissance)"
    },
    {
      "id": "nm8424099",
      "name": "Juliette Paulicevich",
      "character": "Margaux (2 ans)"
    },
    {
      "id": "nm6745682",
      "name": "Paloma Nardy Marchier",
      "character": "Margaux (10 ans)"
    },
    {
      "id": "nm8424100",
      "name": "Mia Ankri-Avy",
      "character": "Margaux (17-19 ans)"
    },
    {
      "id": "nm4422007",
      "name": "Anamaria Vartolomei",
      "character": "Margaux (17-19 ans)"
    },
    {
      "id": "nm2942996",
      "name": "Alice Hubball",
      "character": "Margaux (30 ans)"
    },
    {
      "id": "nm8424101",
      "name": "Lisa Zoetardt",
      "character": "Elisabeth (naissance)"
    },
    {
      "id": "nm8424102",
      "name": "Eliana Remiens Vidal Cabello",
      "character": "Elisabeth (6 mois)"
    },
    {
      "id": "nm8424103",
      "name": "Ambre Gendrot",
      "character": "Elisabeth (5-6 ans)"
    },
    {
      "id": "nm8424104",
      "name": "Gloria Vanes",
      "character": "Elisabeth (8 ans)"
    },
    {
      "id": "nm8424105",
      "name": "Janelle Vanes",
      "character": "Elisabeth (15 ans)"
    },
    {
      "id": "nm8424106",
      "name": "Augustin de Zuttere",
      "character": "Pierre (6 mois)"
    },
    {
      "id": "nm8424107",
      "name": "Sam Tobalina-Climent",
      "character": "Pierre (6 mois)"
    },
    {
      "id": "nm8424108",
      "name": "Cyril Wauters",
      "character": "Pierre (1 an)"
    },
    {
      "id": "nm8424109",
      "name": "Alexandre Duqu\u00e9",
      "character": "Pierre (3 ans)"
    },
    {
      "id": "nm5589009",
      "name": "Jeremy Szyper",
      "character": "Pierre (10-13 ans)"
    },
    {
      "id": "nm7934383",
      "name": "Laurent Cavallotto",
      "character": "Pierre (23 ans)"
    },
    {
      "id": "nm5904498",
      "name": "F\u00e9lix Bossuet",
      "character": "Jean (8-9 ans)"
    },
    {
      "id": "nm8424110",
      "name": "Jules Pl\u00e9",
      "character": "Jean (11 ans)"
    },
    {
      "id": "nm8424111",
      "name": "Bartholom\u00e9 Chapel",
      "character": "Jean (19 ans)"
    },
    {
      "id": "nm8424112",
      "name": "Gaspard Fava",
      "character": "Nicolas (6-7 ans)"
    },
    {
      "id": "nm7399361",
      "name": "Maxime Rennaux",
      "character": "Nicolas (9 ans)"
    },
    {
      "id": "nm5763475",
      "name": "Eliott Margueron",
      "character": "Nicolas (17 ans)"
    },
    {
      "id": "nm4988467",
      "name": "Rom\u00e0n Malempr\u00e9",
      "character": "Andr\u00e9 (3-4 ans)"
    },
    {
      "id": "nm8424114",
      "name": "Henri Deroy",
      "character": "Andr\u00e9 (6-8 ans)"
    },
    {
      "id": "nm8424115",
      "name": "Max Garang-Boul\u00e8gue",
      "character": "Andr\u00e9 (14 ans)"
    },
    {
      "id": "nm8424116",
      "name": "Gaspard Gosselin",
      "character": "Joseph (2-3 ans)"
    },
    {
      "id": "nm8424117",
      "name": "Argan Despontin",
      "character": "Joseph (5 ans)"
    },
    {
      "id": "nm8424118",
      "name": "Romeo Libero Rotunno",
      "character": "Joseph (13 ans)"
    },
    {
      "id": "nm8424119",
      "name": "Emmanuelle Grunwald",
      "character": "Louise (naissance)"
    },
    {
      "id": "nm8424120",
      "name": "Sienna Dorseuil",
      "character": "Louise (10 mois)"
    },
    {
      "id": "nm8424121",
      "name": "V\u00e9ra Fonteyne",
      "character": "Louise (2 ans)"
    },
    {
      "id": "nm8424122",
      "name": "Rose Alloing",
      "character": "Louise (7-9-10 ans)"
    },
    {
      "id": "nm8424123",
      "name": "Rapha\u00ebl de Greve",
      "character": "J\u00e9r\u00f4me (7 ans)"
    },
    {
      "id": "nm8424124",
      "name": "Lucien Peeters",
      "character": "Christian (6 ans)"
    },
    {
      "id": "nm8424125",
      "name": "Diego Berghmans Rubio",
      "character": "Guy (3 ans)"
    },
    {
      "id": "nm8424126",
      "name": "Elia Pergent",
      "character": "Marie (naissance)"
    },
    {
      "id": "nm8424127",
      "name": "Bylie Ravel",
      "character": "Marie (3 mois)"
    },
    {
      "id": "nm8424128",
      "name": "F\u00e9lix Van Dijk",
      "character": "Solange (5 mois)"
    },
    {
      "id": "nm8424129",
      "name": "Ma\u00eb Demarigny",
      "character": "Solange (9-10-12 ans)"
    },
    {
      "id": "nm8424130",
      "name": "Mona Lederman",
      "character": "Solange (14 ans)"
    },
    {
      "id": "nm6077431",
      "name": "Mathilde Warnier",
      "character": "Solange (20 ans)"
    },
    {
      "id": "nm8424131",
      "name": "Stanley Mizrahi",
      "character": "Guillaume (7-8 ans)"
    },
    {
      "id": "nm8424132",
      "name": "William Henry",
      "character": "Guillaume (10-12 ans)"
    },
    {
      "id": "nm6143475",
      "name": "Victor Meutelet",
      "character": "Guillaume (18 ans)"
    },
    {
      "id": "nm8424113",
      "name": "Charles Dekoninck",
      "character": "Fran\u00e7ois (6-7 ans)"
    },
    {
      "id": "nm8424143",
      "name": "Agathe Longr\u00e9e",
      "character": "Clothilde (5-6 ans)"
    },
    {
      "id": "nm7749171",
      "name": "Aminthe Audiard",
      "character": "Clothilde (8-10 ans)"
    },
    {
      "id": "nm8424144",
      "name": "Zo\u00e9 Gotovitch",
      "character": "Clothilde (16 ans)"
    },
    {
      "id": "nm8424145",
      "name": "Karel Dillais de Melo",
      "character": "Yves (4-5 ans)"
    },
    {
      "id": "nm8424146",
      "name": "Julien Gaspard",
      "character": "Yves (7-9 ans)"
    },
    {
      "id": "nm6261975",
      "name": "Juliette Lamet",
      "character": "Alice"
    },
    {
      "id": "nm5586991",
      "name": "Louka Meliava",
      "character": "Le jeune homme"
    },
    {
      "id": "nm8424147",
      "name": "Louise Tassin",
      "character": "Novice"
    },
    {
      "id": "nm8424148",
      "name": "Mathilde Many",
      "character": "Employ\u00e9e de maison Mathilde"
    },
    {
      "id": "nm8424149",
      "name": "Aurore Wouters",
      "character": "Employ\u00e9e de maison Mathilde"
    },
    {
      "id": "nm3807676",
      "name": "V\u00e9ronique Perrault",
      "character": "Employ\u00e9e de maison Gabrielle"
    },
    {
      "id": "nm8424150",
      "name": "Jeanne Sauvat",
      "character": "Femme d'Adrien"
    },
    {
      "id": "nm8424151",
      "name": "Lila Amico",
      "character": "Enfant d'Adrien"
    },
    {
      "id": "nm8424152",
      "name": "C\u00e9sar Carpentier",
      "character": "Enfant d'Adrien"
    },
    {
      "id": "nm8424153",
      "name": "Lola Darquenne",
      "character": "Enfant d'Adrien"
    },
    {
      "id": "nm8424154",
      "name": "Amaury Ponet",
      "character": "Enfant d'Adrien"
    },
    {
      "id": "nm8424155",
      "name": "Elliot Quinet",
      "character": "Enfant d'Adrien"
    },
    {
      "id": "nm6162858",
      "name": "Yann-A\u00ebl Solli\u00e8re",
      "character": "Enfant d'Adrien"
    },
    {
      "id": "nm7390385",
      "name": "Dorian Salkin",
      "character": "Le parrain de Mathilde"
    },
    {
      "id": "nm8424156",
      "name": "Julius Prosst",
      "character": "Enfant de choeur"
    },
    {
      "id": "nm8424157",
      "name": "C\u00e9lian Dallemagne",
      "character": "Enfant de choeur"
    },
    {
      "id": "nm8424158",
      "name": "Ghislain Chabuel",
      "character": "Employ\u00e9 Pompes fun\u00e8bres"
    },
    {
      "id": "nm1260396",
      "name": "Flavien Dareau",
      "character": "Employ\u00e9 Pompes fun\u00e8bres"
    },
    {
      "id": "nm3237026",
      "name": "Guillaume Gallo-Manrique",
      "character": "Photographe"
    },
    {
      "id": "nm8424159",
      "name": "No\u00e9mie Van Geem",
      "character": "Doublure allaitement"
    },
    {
      "id": "nm9147686",
      "name": "Fabrice Godfroid",
      "character": "Employ\u00e9 Pompes fun\u00e8bres"
    }
  ],
  "overview": "The story of the women and relationships that define a family across a century.",
  "storyline": "The story of the women and relationships that define a family across a century.",
  "plot": null,
  "synopsis": null
}