{
  "imdb_id": "tt3593916",
  "tmdb_id": "279332",
  "douban_id": null,
  "title": "Mom's Day Away (TV Movie 2014)",
  "genres": [
    "Comedy"
  ],
  "country": "USA",
  "version": [
    {
      "runtime": "82 min",
      "description": ""
    }
  ],
  "imdb_rating": 5.7,
  "director": [
    {
      "id": "nm0419865",
      "name": "Mark Jean"
    }
  ],
  "writer": [
    {
      "id": "nm0229800",
      "name": "Neal H. Dobrofsky",
      "description": "screenplay"
    },
    {
      "id": "nm5137545",
      "name": "Spyder Dobrofsky",
      "description": "story"
    },
    {
      "id": "nm0229801",
      "name": "Tippi Dobrofsky",
      "description": "screenplay"
    }
  ],
  "cast": [
    {
      "id": "nm0813887",
      "name": "Bonnie Somerville",
      "character": "Laura Miller"
    },
    {
      "id": "nm0876805",
      "name": "James Tupper",
      "character": "Michael Miller"
    },
    {
      "id": "nm0336125",
      "name": "Ona Grauer",
      "character": "Trish Danville"
    },
    {
      "id": "nm4256622",
      "name": "Iain Belcher",
      "character": "Brandon Miller"
    },
    {
      "id": "nm5305557",
      "name": "Kaitlyn Bernard",
      "character": "Ella Miller"
    },
    {
      "id": "nm0574081",
      "name": "Kevin McNulty",
      "character": "Don Holland"
    },
    {
      "id": "nm1573094",
      "name": "Toby Levins",
      "character": "Jason"
    },
    {
      "id": "nm1660138",
      "name": "David Milchard",
      "character": "Cop"
    },
    {
      "id": "nm5443713",
      "name": "Dave Dimapilis",
      "character": "Emcee"
    },
    {
      "id": "nm4423531",
      "name": "Drew Ray Tanner",
      "character": "Richie       (as Drew Tanner)"
    },
    {
      "id": "nm4858507",
      "name": "Bernadette Saquibal",
      "character": "New Mother"
    },
    {
      "id": "nm2252165",
      "name": "Erica Sigurdson",
      "character": "Paula Hill"
    },
    {
      "id": "nm1065187",
      "name": "Ellen Ewusie",
      "character": "Spa Attendant"
    }
  ],
  "overview": "A frustrated stay-at-home mom takes a weekend away when her family ignores her over Mother's Day.",
  "storyline": "It's just before the Mother's Day weekend. Laura Miller n\u00e9e Ames is housewife to real estate agent Michael Miller and stay-at-home mom to mid-teen Brandon Miller and twelve year old Ella Miller. Laura and Michael met immediately after she got her Architecture degree, she forgoing a career in favor of marriage and a family. Laura used to think that they as a collective were a team, but now feels the other three have all moved on without her, Michael always on the phone with clients, and the kids preoccupied with their own lives. The three have an expectation that Laura will always be there to do whatever they need done around the house without question. Michael has also placed her in a role that she does not want but feels that someone has to do in placing boundaries for the kids: bad cop. All three of her family members forgetting until she reminds them that it is Mother's Day weekend upcoming, Michael informing her that he has to postpone their long planned summer family vacation to ...",
  "plot": null,
  "synopsis": null
}