{
  "imdb_id": "tt3501086",
  "tmdb_id": "253275",
  "douban_id": null,
  "title": "Lost in Detroit (2013)",
  "genres": [
    "Short",
    "Horror",
    "Thriller"
  ],
  "country": "USA",
  "version": [
    {
      "runtime": "7 min",
      "description": ""
    }
  ],
  "imdb_rating": 8.0,
  "director": [
    {
      "id": "nm6254090",
      "name": "Jeff Moore"
    },
    {
      "id": "nm1979858",
      "name": "Benjie Solorzano"
    }
  ],
  "writer": [
    {
      "id": "nm6254090",
      "name": "Jeff Moore",
      "description": "co-writer"
    },
    {
      "id": "nm6254090",
      "name": "Jeff Moore",
      "description": "story"
    },
    {
      "id": "nm5413812",
      "name": "Rick D. Smith",
      "description": "story"
    },
    {
      "id": "nm1979858",
      "name": "Benjie Solorzano",
      "description": "writer"
    }
  ],
  "cast": [
    {
      "id": "nm4049738",
      "name": "Wendy Aaron",
      "character": "Lonnie"
    },
    {
      "id": "nm4082036",
      "name": "Rachael Adams",
      "character": "Jen"
    },
    {
      "id": "nm4780103",
      "name": "Laura Besh",
      "character": "Bailey"
    },
    {
      "id": "nm5015852",
      "name": "Joey Cipriano",
      "character": "Child in Bag       (as Joe Cipriano)"
    },
    {
      "id": "nm5148421",
      "name": "Niki Cipriano",
      "character": "Natalie Wilson"
    },
    {
      "id": "nm6254088",
      "name": "Stephen Clark",
      "character": "As Himself"
    },
    {
      "id": "nm6254086",
      "name": "Carolyn Clifford",
      "character": "Herself"
    },
    {
      "id": "nm5788352",
      "name": "Michelle Cohl",
      "character": "Monica"
    },
    {
      "id": "nm4173713",
      "name": "Andrew Dawe-Collins",
      "character": "Musk"
    },
    {
      "id": "nm6254089",
      "name": "Amy Lange",
      "character": "Herself"
    },
    {
      "id": "nm6254084",
      "name": "Braeden Logsdon",
      "character": "Kidnapped Child"
    },
    {
      "id": "nm6254087",
      "name": "Rylan Logsdon",
      "character": "Kidnapped Child"
    },
    {
      "id": "nm4110858",
      "name": "Joseph Smith",
      "character": "Fuzzy"
    },
    {
      "id": "nm5413812",
      "name": "Rick D. Smith",
      "character": "Rooster"
    },
    {
      "id": "nm5788357",
      "name": "Ron Smith",
      "character": "Dirk Denver"
    },
    {
      "id": "nm6254085",
      "name": "Mike Williams",
      "character": "Teddy"
    }
  ],
  "overview": "A film crew working on a 48 Hour Film project in Detroit goes missing. Some found footage surfaces on a SD card and tells the gruesome tale of what happened to the film crew and actors that fateful day.",
  "storyline": "When a group of filmmakers gets lost in Detroit, things quickly take a wrong turn and fiction soon becomes reality.",
  "plot": null,
  "synopsis": null
}