{
  "imdb_id": "tt3539664",
  "tmdb_id": "261860",
  "douban_id": null,
  "title": "Dior and I (2014)",
  "genres": [
    "Documentary"
  ],
  "country": "France",
  "version": [
    {
      "runtime": "90 min",
      "description": ""
    }
  ],
  "imdb_rating": 7.3,
  "director": [
    {
      "id": "nm3088409",
      "name": "Fr\u00e9d\u00e9ric Tcheng"
    }
  ],
  "writer": [
    {
      "id": "nm3088409",
      "name": "Fr\u00e9d\u00e9ric Tcheng",
      "description": "written by"
    }
  ],
  "cast": [
    {
      "id": "nm0228039",
      "name": "Christian Dior",
      "character": "Himself       (archive footage)"
    },
    {
      "id": "nm3740275",
      "name": "Omar Berrada",
      "character": "Christian Dior       (voice)"
    },
    {
      "id": "nm4758112",
      "name": "Raf Simons",
      "character": "Himself"
    },
    {
      "id": "nm6418529",
      "name": "Pieter Mulier",
      "character": "Himself"
    },
    {
      "id": "nm3848665",
      "name": "Cathy Horyn",
      "character": "Herself, fashion critic and journalist, The New York Times"
    },
    {
      "id": "nm5864086",
      "name": "Florence Chehet",
      "character": "Herself"
    },
    {
      "id": "nm8092748",
      "name": "Monique Bailly",
      "character": "Herself"
    },
    {
      "id": "nm2818739",
      "name": "Bernard Arnault",
      "character": "Himself owner of LVMH Mo\u00ebt Hennessy Louis Vuitton SE and Christian Dior SE"
    },
    {
      "id": "nm3735796",
      "name": "Catherine Rivi\u00e8re",
      "character": "Herself, Dior's director of haute couture"
    },
    {
      "id": "nm2693404",
      "name": "Sidney Toledano",
      "character": "Himself"
    },
    {
      "id": "nm8532672",
      "name": "Li Hong Bo",
      "character": "Himself       (as Hong Bo)"
    },
    {
      "id": "nm8532673",
      "name": "Fulvio Rigoni",
      "character": "Himself, design director of the women's collections, Christian Dior"
    },
    {
      "id": "nm8532674",
      "name": "Nadine Prot",
      "character": "Herself"
    },
    {
      "id": "nm5918190",
      "name": "Olivier Bialobos",
      "character": "Himself, international communications VP, Christian Dior"
    },
    {
      "id": "nm6883972",
      "name": "Esther Heesch",
      "character": "Herself"
    },
    {
      "id": "nm8532675",
      "name": "Julia Nobis",
      "character": "Herself, Christian Dior model       (as Julia)"
    }
  ],
  "overview": "In Frederic Tcheng\u2019s masterful documentary, one enters the storied world that is the House of Christian Dior with a privileged, behind-the-scenes look at the creation of Raf Simons\u2019 first Dior Haute Couture collection as Artistic Director, a true labor of love by a dedicated, charming, and often humorous group of collaborators. Beautifully melding the everyday, pressure-filled components of fashion with a mysterious and elegant reverence for the history of this iconic brand, Tcheng\u2019s colorful homage to the seamstresses of the atelier is nothing short of magical. In English and French with subtitles.",
  "storyline": "Dior and I brings the viewer inside the storied world of the Christian Dior fashion house with a privileged, behind-the-scenes look at the creation of Raf Simons' first haute couture collection as its new artistic director-a true labor of love created by a dedicated group of collaborators. Melding the everyday, pressure-filled components of fashion with mysterious echoes from the iconic brand's past, the film is also a colorful homage to the seamstresses who serve Simons' vision.",
  "plot": null,
  "synopsis": null
}