{
  "imdb_id": "tt3608766",
  "tmdb_id": "264454",
  "douban_id": null,
  "title": "Nessuno mi pettina bene come il vento (2014)",
  "genres": [
    "Drama"
  ],
  "country": "Italy",
  "version": [
    {
      "runtime": "93 min",
      "description": ""
    }
  ],
  "imdb_rating": 5.3,
  "director": [
    {
      "id": "nm0215659",
      "name": "Peter Del Monte"
    }
  ],
  "writer": [
    {
      "id": "nm0215659",
      "name": "Peter Del Monte",
      "description": "story"
    },
    {
      "id": "nm0215659",
      "name": "Peter Del Monte",
      "description": "screenplay &"
    },
    {
      "id": "nm0538986",
      "name": "Gloria Malatesta",
      "description": "screenplay &"
    },
    {
      "id": "nm3262874",
      "name": "Chiara Ridolfi",
      "description": "screenplay"
    }
  ],
  "cast": [
    {
      "id": "nm0603090",
      "name": "Laura Morante",
      "character": "Arianna"
    },
    {
      "id": "nm6370535",
      "name": "Denisa Andreea Savin",
      "character": "Gea"
    },
    {
      "id": "nm4578637",
      "name": "Jacopo Olmo Antinori",
      "character": "Yuri"
    },
    {
      "id": "nm2872723",
      "name": "Maria Sole Mansutti",
      "character": "Erica       (as Mariasole Mansutti)"
    },
    {
      "id": "nm6370537",
      "name": "Massimiliano Carradori",
      "character": "America"
    },
    {
      "id": "nm6370538",
      "name": "Aurora Garofalo",
      "character": "Dora"
    },
    {
      "id": "nm6370539",
      "name": "Marco Paparoni",
      "character": "Mazinga"
    },
    {
      "id": "nm0016371",
      "name": "Sergio Albelli",
      "character": "Tullio"
    },
    {
      "id": "nm1620556",
      "name": "Monica Dugo",
      "character": "Ginevra"
    },
    {
      "id": "nm6370540",
      "name": "Giada Cortellesi",
      "character": "Marta"
    },
    {
      "id": "nm1389939",
      "name": "Luigi Iacuzio",
      "character": "Paco"
    },
    {
      "id": "nm6370541",
      "name": "Irina Ustsinava",
      "character": "Irina"
    },
    {
      "id": "nm0723017",
      "name": "Diego Ribon",
      "character": "Uomo di Irina"
    },
    {
      "id": "nm0714537",
      "name": "Paco Reconti",
      "character": "Poliziotto"
    },
    {
      "id": "nm0337220",
      "name": "Paolo Graziosi",
      "character": "Skipper"
    }
  ],
  "overview": null,
  "storyline": "No One Can Brush My Hair Like the Wind, a film that portrays the lives of many lonely souls in a desperate search for company. The difficult relationship between a woman writer who lives in solitude and a young girl who comes bursting into her life.",
  "plot": null,
  "synopsis": null
}