{
  "imdb_id": "tt3640832",
  "tmdb_id": "268681",
  "douban_id": null,
  "title": "Echoserang Frog (2014)",
  "genres": [
    "Comedy"
  ],
  "country": "Philippines",
  "version": [
    {
      "runtime": "80 min",
      "description": ""
    }
  ],
  "imdb_rating": null,
  "director": [
    {
      "id": "nm1216840",
      "name": "Joven Tan"
    }
  ],
  "writer": [
    {
      "id": "nm1216840",
      "name": "Joven Tan",
      "description": "story"
    },
    {
      "id": "nm1216840",
      "name": "Joven Tan",
      "description": "screenplay"
    }
  ],
  "cast": [
    {
      "id": "nm2440994",
      "name": "Lito 'Shalala' Reyes",
      "character": ""
    },
    {
      "id": "nm0209644",
      "name": "Angelu De Leon",
      "character": ""
    },
    {
      "id": "nm1940324",
      "name": "Kiray Celis",
      "character": ""
    },
    {
      "id": "nm1106048",
      "name": "Dennis Padilla",
      "character": ""
    },
    {
      "id": "nm1714943",
      "name": "Joross Gamboa",
      "character": ""
    },
    {
      "id": "nm1700610",
      "name": "Marco Alcaraz",
      "character": ""
    },
    {
      "id": "nm2482735",
      "name": "Angelo Patrimonio",
      "character": ""
    },
    {
      "id": "nm1493532",
      "name": "Empoy Marquez",
      "character": ""
    },
    {
      "id": "nm0225010",
      "name": "Lav Diaz",
      "character": "Himself"
    }
  ],
  "overview": "An industry veteran is given a chance to produce and star in his own movie. But he quickly finds movie production isn't quite as glamorous as it seems.",
  "storyline": "An industry veteran is given a chance to produce and star in his own movie. But he quickly finds movie production isn't quite as glamorous as it seems.",
  "plot": null,
  "synopsis": null
}