{
  "imdb_id": "tt3695114",
  "tmdb_id": "298728",
  "douban_id": null,
  "title": "Sting: When the Last Ship Sails (2013)",
  "genres": [
    "Documentary"
  ],
  "country": "UK",
  "version": [
    {
      "runtime": "83 min",
      "description": "TV"
    }
  ],
  "imdb_rating": 8.9,
  "director": [
    {
      "id": "nm0102537",
      "name": "Paul Bozymowski"
    }
  ],
  "writer": null,
  "cast": [
    {
      "id": "nm0001776",
      "name": "Sting",
      "character": "Himself"
    },
    {
      "id": "nm1659050",
      "name": "Rob Mathes",
      "character": "Himself - piano, keyboards, acoustic guitars, background vocals"
    },
    {
      "id": "nm3759920",
      "name": "Kathryn Tickell",
      "character": "Herself, violin, Northumbrian pipes"
    },
    {
      "id": "nm0619700",
      "name": "Jimmy Nail",
      "character": "Himself, vocals"
    },
    {
      "id": "nm6550935",
      "name": "Peter Tickell",
      "character": "Himself, violin, mandolin"
    },
    {
      "id": "nm0588244",
      "name": "Dominic Miller",
      "character": "Himself, electric and acoustic guitars"
    },
    {
      "id": "nm6550936",
      "name": "Julian Sutton",
      "character": "Himself, melodeon"
    },
    {
      "id": "nm5665877",
      "name": "Jo Lawry",
      "character": "Herself, vocals"
    },
    {
      "id": "nm0093693",
      "name": "Joe Bonadio",
      "character": "Himself, drums and percussion"
    },
    {
      "id": "nm5021554",
      "name": "Ira Coleman",
      "character": "Himself, bass"
    }
  ],
  "overview": "Live At The Public Theater on DVD, Blu-ray and digital formats on September 26th. Featuring songs from Sting\u2019s latest album and forthcoming Broadway musical of the same name, the DVD and Blu-ray captures Sting in an intimate evening of music and storytelling filmed on his birthday, during a run of 10 benefit concerts performed at The Public Theater in New York City. The DVD and Blu-ray will be available for worldwide pre-order beginning today.",
  "storyline": "In an intimate evening of music and storytelling filmed on Sting's birthday during a run of benefit concerts at The Public Theater in New York City, \"The Last Ship\" features Sting joined by 14 musicians performing original songs from his critically acclaimed album and Broadway musical of the same name. Inspired by his childhood experiences, \"The Last Ship,\" is set in the seafaring community of Wallsend in the North East of England where Sting was born and raised and marks his Broadway debut as a composer. Against a backdrop of evocative visual projections, this captivating live performance takes us on a journey of love, loss, redemption, and self-discovery, offering an inside look at the story behind \"The Last Ship.\"",
  "plot": null,
  "synopsis": null
}