{
  "imdb_id": "tt3624624",
  "tmdb_id": "278646",
  "douban_id": null,
  "title": "L'ex de ma vie (2014)",
  "genres": [
    "Comedy",
    "Romance"
  ],
  "country": "France",
  "version": [
    {
      "runtime": "80 min",
      "description": ""
    }
  ],
  "imdb_rating": 4.3,
  "director": [
    {
      "id": "nm0780999",
      "name": "Doroth\u00e9e Sebbagh"
    }
  ],
  "writer": [
    {
      "id": "nm4651704",
      "name": "Fanny Chesnel",
      "description": "screenplay adaptation dialogue"
    },
    {
      "id": "nm0780999",
      "name": "Doroth\u00e9e Sebbagh",
      "description": "screenplay adaptation dialogue"
    },
    {
      "id": "nm0843483",
      "name": "Marc Syrigas",
      "description": "collaboration"
    }
  ],
  "cast": [
    {
      "id": "nm1995246",
      "name": "G\u00e9raldine Nakache",
      "character": "Ariane"
    },
    {
      "id": "nm0744107",
      "name": "Kim Rossi Stuart",
      "character": "Nino"
    },
    {
      "id": "nm0218615",
      "name": "Pascal Demolon",
      "character": "Christen"
    },
    {
      "id": "nm0968797",
      "name": "Sophie Cattani",
      "character": "Barbara"
    },
    {
      "id": "nm0414185",
      "name": "Catherine Jacob",
      "character": "Daphn\u00e9"
    },
    {
      "id": "nm0239515",
      "name": "G\u00e9rard Dubouche",
      "character": "Quadra du groupe Paris Mon Amour"
    },
    {
      "id": "nm5580968",
      "name": "Nicole Ferroni",
      "character": "Guide du groupe Paris Mon Amour"
    },
    {
      "id": "nm3937233",
      "name": "Nora Hamzawi",
      "character": "L'employ\u00e9e de mairie"
    },
    {
      "id": "nm1168978",
      "name": "\u00c9ric Frey",
      "character": "Le juge des affaires familiales"
    },
    {
      "id": "nm1231758",
      "name": "Fabien A\u00efssa Busetta",
      "character": "L'ouvreur salle de concert       (as Fabien-A\u00efssa Busetta)"
    },
    {
      "id": "nm1195438",
      "name": "St\u00e9phane Malassenet",
      "character": "L'homme du mur des amours bris\u00e9es"
    },
    {
      "id": "nm1731527",
      "name": "Antoine Oppenheim",
      "character": "Le fr\u00e8re de Nino"
    },
    {
      "id": "nm4988695",
      "name": "Barbara Bolotner",
      "character": "La surveillante au Louvre"
    },
    {
      "id": "nm0318568",
      "name": "Marie Gili-Pierre",
      "character": "La femme du quadra Paris Mon Amour"
    },
    {
      "id": "nm0699543",
      "name": "Christophe Pr\u00e9vost",
      "character": "Vendeur kiosque"
    },
    {
      "id": "nm3025473",
      "name": "Cyril Diederich",
      "character": "Chef d'orchestre r\u00e9p\u00e9tition"
    },
    {
      "id": "nm0845390",
      "name": "Olivier S\u00e9ror",
      "character": "Divorc\u00e9 palais de justice"
    },
    {
      "id": "nm1366614",
      "name": "Isabelle Catalan",
      "character": "Divorc\u00e9e palais de justice"
    },
    {
      "id": "nm1924525",
      "name": "Gilles Louzon",
      "character": "Divorc\u00e9 palais de justice"
    },
    {
      "id": "nm6494219",
      "name": "Cendrine Gourbin",
      "character": "Divorc\u00e9e palais de justice"
    },
    {
      "id": "nm6594628",
      "name": "Claire Corlier",
      "character": "Divorc\u00e9e palais de justice"
    },
    {
      "id": "nm0319006",
      "name": "Sylvain Gillet",
      "character": "Le gardien du lac"
    },
    {
      "id": "nm5633284",
      "name": "Claire Olivier",
      "character": "Vendeuse robes de mari\u00e9es"
    },
    {
      "id": "nm6954519",
      "name": "Caroline Le Quang",
      "character": "Guide cort\u00e8ge chinois"
    },
    {
      "id": "nm2626832",
      "name": "Rudy Galiffi",
      "character": "Technicien th\u00e9\u00e2tre italien"
    },
    {
      "id": "nm2056075",
      "name": "Marisa Commandeur",
      "character": "Musicienne th\u00e9\u00e2tre italien"
    },
    {
      "id": "nm2624053",
      "name": "Laetitia Langlet",
      "character": "Musicienne th\u00e9\u00e2tre italien"
    },
    {
      "id": "nm1569324",
      "name": "Laurent Bozzi",
      "character": "Musicien th\u00e9\u00e2tre italien"
    },
    {
      "id": "nm1053963",
      "name": "Fr\u00e9d\u00e9ric Gozlan",
      "character": "Musicien th\u00e9\u00e2tre italien"
    },
    {
      "id": "nm6499211",
      "name": "Manu Libert",
      "character": "El\u00e8ve de Nino"
    },
    {
      "id": "nm6954520",
      "name": "Max Libert",
      "character": "El\u00e8ve de Nino"
    },
    {
      "id": "nm6954521",
      "name": "Enzo Picchetti",
      "character": "El\u00e8ve de Nino"
    },
    {
      "id": "nm6895259",
      "name": "Yun Lai",
      "character": "Touriste japonais       (as Yunlai)"
    },
    {
      "id": "nm5569499",
      "name": "Folco Marchi",
      "character": ""
    }
  ],
  "overview": "Ariane, a young French violinist, accepts the marriage proposal of Christen, an irresistible conductor. Only problem: she's a little bit ... married! Separated for two years with Nino, an Italian teacher with a strong character, she manages to convince him to follow her to Paris to divorce in 8 days flat. But their trip in the city of love looks much more eventful than expected...",
  "storyline": "A conductor and violinist are playing the same orchestra wants to marry. But the violinist woman is married to Italian guy. First she has to divorced. Because of Italian law divorce taking place 3 years. So they decided to go to Paris for divorcing.",
  "plot": "Ariane, a young French violinist, agrees inflamed marriage proposal Christen, an irresistible conductor. Only problem: she is still a little ... married! Separated for two years with Nino, an Italian schoolteacher with a strong character, she manages to convince him to follow her to Paris for divorce in 8 days flat. But their trip for two in the city of love looks much more eventful than expected ...",
  "synopsis": null
}