{
  "imdb_id": "tt3643996",
  "tmdb_id": "273374",
  "douban_id": null,
  "title": "Zyuden Sentai Kyoryuger: 100 Years After (Video 2014)",
  "genres": [
    "Action"
  ],
  "country": "Japan",
  "version": [
    {
      "runtime": "52 min",
      "description": ""
    }
  ],
  "imdb_rating": 7.3,
  "director": [
    {
      "id": "nm0847545",
      "name": "Noboru Takemoto"
    }
  ],
  "writer": [
    {
      "id": "nm0762834",
      "name": "Riku Sanjyo",
      "description": "written by"
    }
  ],
  "cast": [
    {
      "id": "nm4065455",
      "name": "Ry\u00f4 Ry\u00fbsei",
      "character": "Dai-kun /              Kyoryu Navy /              Kyoryu Red II /              Daigo Kiryu /              Kyoryu Red"
    },
    {
      "id": "nm5441453",
      "name": "Sh\u00fbsuke Sait\u00f4",
      "character": "Icchan /              Kyoryu Silver III /              Kyoryu Black II /              Ian Yorkland /              Kyoryu Black"
    },
    {
      "id": "nm5441467",
      "name": "Yamato Kinjo",
      "character": "Nobuta-san /              Kyoryu Blue II /              Nobuharu Udo /              Kyoryu Blue"
    },
    {
      "id": "nm5441790",
      "name": "Akihisa Shiono",
      "character": "Soujiro /              Kyoryu Gray III /              Kyoryu Green II /              Souji Rippukan /              Kyoryu Green"
    },
    {
      "id": "nm5441448",
      "name": "Ayuri Konno",
      "character": "Ami-neesan /              Kyoryu Cyan III /              Kyoryu Pink II /              Amy Yuzuki /              Kyoryu Pink"
    },
    {
      "id": "nm3739694",
      "name": "Atsushi Maruyama",
      "character": "Uppi /              Kyoryu Violet III /              Kyoryu Gold II /              Utsusemimaru /              Kyoryu Gold"
    },
    {
      "id": "nm5619822",
      "name": "Marie Iitoyo",
      "character": "Yayoi Ulshade"
    },
    {
      "id": "nm0605451",
      "name": "Toshiyuki Morikawa",
      "character": "Torin       (voice)"
    },
    {
      "id": "nm3995652",
      "name": "Reika Fujisawa",
      "character": "Rin Katsuyama"
    },
    {
      "id": "nm2955927",
      "name": "Haruka Tomatsu",
      "character": "Candelilla       (voice)"
    },
    {
      "id": "nm0649849",
      "name": "Ai Orikasa",
      "character": "Luckyuro       (voice)"
    },
    {
      "id": "nm1080019",
      "name": "Takayuki Sug\u00f4",
      "character": "Gaos       (voice)"
    },
    {
      "id": "nm1106566",
      "name": "Satoshi Tsuruoka",
      "character": "Sneldo       (voice)"
    },
    {
      "id": "nm0594712",
      "name": "Y\u00fb Mizushima",
      "character": "Hoshigaron       (voice)"
    },
    {
      "id": "nm0605453",
      "name": "Sh\u00f4tar\u00f4 Morikubo",
      "character": "Arslevan       (voice)"
    },
    {
      "id": "nm1617276",
      "name": "Noriaki Sugiyama",
      "character": "Debo Harudamonne       (voice)"
    },
    {
      "id": "nm0847416",
      "name": "Yasuhiro Takato",
      "character": "Debo Natsudamonne       (voice)"
    },
    {
      "id": "nm0614045",
      "name": "Takehiro Murozono",
      "character": "Debo Akidamonne       (voice)"
    },
    {
      "id": "nm0619200",
      "name": "Ch\u00f4",
      "character": "Debo Fuyudamonne       (voice) (as Cho)"
    },
    {
      "id": "nm0157133",
      "name": "Shigeru Chiba",
      "character": "Kyoryuger Equipment       (voice)"
    }
  ],
  "overview": "100 years in the future, the descendants of Daigo, Ian, Souji, Nobuharu, Amy and Ustemimaru, must fight back against evil monsters.",
  "storyline": "100 years in the future, the descendants of Daigo, Ian, Nobuharu, Souji, Amy, and Utsusemimaru must fight back against the revived Deboth.",
  "plot": null,
  "synopsis": null
}