{
  "imdb_id": "tt3685554",
  "tmdb_id": "337115",
  "douban_id": null,
  "title": "Alias Maria (2015)",
  "genres": [
    "Drama",
    "War"
  ],
  "country": "Colombia",
  "version": [
    {
      "runtime": "91 min",
      "description": ""
    }
  ],
  "imdb_rating": 6.3,
  "director": [
    {
      "id": "nm3061273",
      "name": "Jos\u00e9 Luis Rugeles"
    }
  ],
  "writer": [
    {
      "id": "nm0900220",
      "name": "Diego Vivanco",
      "description": null
    }
  ],
  "cast": [
    {
      "id": "nm7306671",
      "name": "Carlos Clavijo",
      "character": "Mauricio"
    },
    {
      "id": "nm7306670",
      "name": "Anderson Gomez",
      "character": "Byron"
    },
    {
      "id": "nm1863990",
      "name": "Carmenza Gonz\u00e1lez",
      "character": "Esposa Medico"
    },
    {
      "id": "nm7306672",
      "name": "Lola Lagos",
      "character": "Diana"
    },
    {
      "id": "nm6236856",
      "name": "Juan Carlos Ortega",
      "character": "Paramilitar"
    },
    {
      "id": "nm1143521",
      "name": "Julio Pach\u00f3n",
      "character": "Medico"
    },
    {
      "id": "nm7306669",
      "name": "Erik Ruiz",
      "character": "Yuldor"
    },
    {
      "id": "nm7306668",
      "name": "Karen Torres",
      "character": "Maria"
    },
    {
      "id": "nm3841247",
      "name": "Fabio Velazco",
      "character": "Comandante"
    }
  ],
  "overview": "A vision of Colombia's inhuman armed conflict, seen through the eyes of a young - and pregnant - girl soldier.",
  "storyline": "A vision of Colombia's inhuman armed conflict, seen through the eyes of a young - and pregnant - girl soldier.",
  "plot": null,
  "synopsis": null
}