{
  "imdb_id": "tt3686176",
  "tmdb_id": "268479",
  "douban_id": null,
  "title": "Happy Journey (2014)",
  "genres": [
    "Drama"
  ],
  "country": "India",
  "version": [],
  "imdb_rating": 5.2,
  "director": [
    {
      "id": "nm4609648",
      "name": "Boban Samuel"
    }
  ],
  "writer": [
    {
      "id": "nm5684430",
      "name": "Arunlal Ramachandran",
      "description": "as Arun Lal"
    }
  ],
  "cast": [
    {
      "id": "nm5732706",
      "name": "Aparna Gopinath",
      "character": "Siya"
    },
    {
      "id": "nm1334389",
      "name": "Jayasurya",
      "character": "Aaron"
    },
    {
      "id": "nm0482309",
      "name": "Lal",
      "character": "Gopikrishnan"
    },
    {
      "id": "nm2445419",
      "name": "Lena",
      "character": ""
    },
    {
      "id": "nm6444863",
      "name": "Gourav Menon",
      "character": ""
    },
    {
      "id": "nm9025545",
      "name": "Indian Pallassery",
      "character": "Pranchi"
    },
    {
      "id": "nm7478940",
      "name": "Balu Varghese",
      "character": ""
    }
  ],
  "overview": "Happy Journey is a 2014 Malayalam drama film written by Arunlal and directed by Boban Samuel, starring Jayasurya, Aparna Gopinath and Lal.",
  "storyline": "A blind cricketer pursues his dream and tries to make an Indian blind cricket team a reality.",
  "plot": "The story narrates the life of a young man from Fort Kochi named Aaron (Jayasurya),who loses his eyesight during his school days in an accident who then to find a place in the Indian cricket team for the blind.",
  "synopsis": null
}