{
  "imdb_id": "tt3617996",
  "tmdb_id": "297090",
  "douban_id": null,
  "title": "The Torture Club (2014)",
  "genres": [
    "Comedy",
    "Drama",
    "Romance"
  ],
  "country": "Japan",
  "version": [
    {
      "runtime": "97 min",
      "description": ""
    },
    {
      "runtime": "107 min",
      "description": "director's cut"
    }
  ],
  "imdb_rating": 4.2,
  "director": [
    {
      "id": "nm2919378",
      "name": "K\u00f4ta Yoshida"
    }
  ],
  "writer": [
    {
      "id": "nm5320150",
      "name": "Makoto Fukami",
      "description": "manga &"
    },
    {
      "id": "nm6378113",
      "name": "Alpha AlfLayla",
      "description": "manga"
    },
    {
      "id": "nm2919378",
      "name": "K\u00f4ta Yoshida",
      "description": "screenplay"
    }
  ],
  "cast": [
    {
      "id": "nm2254706",
      "name": "Noriko Kijima",
      "character": "Yuzuki Muto"
    },
    {
      "id": "nm6378112",
      "name": "Haruna Yoshizumi",
      "character": "Aoi Funaki"
    },
    {
      "id": "nm5439221",
      "name": "Yuki Mamiya",
      "character": "Yuri Kobashi"
    },
    {
      "id": "nm6342060",
      "name": "Mika Yano",
      "character": "Maika Shinzaki"
    },
    {
      "id": "nm5732348",
      "name": "Nami Motoyama",
      "character": ""
    },
    {
      "id": "nm5289775",
      "name": "Kanako Mochida",
      "character": ""
    },
    {
      "id": "nm0370576",
      "name": "Reiko Hayama",
      "character": ""
    },
    {
      "id": "nm0879749",
      "name": "Shungiku Uchida",
      "character": ""
    }
  ],
  "overview": "Film adaptation of the same-titled comic popular for its extraordinary premise. Up-and-coming Yoshida Kota, known for his humorous yet sensual style in films like Usotsuki Paradox, creates a unique coming-of-age drama about love between two girls, with elements of sports and perseverance sprinkled throughout.  The \"Torture Club\" is an official afterschool activity at the private school Saint Honesty Gakuen. Yuzuki (Kijima Noriko) has no idea about the club when she enrolls, and gets abducted by the club members and hauled off the clubroom. There, she finds out that upperclass student Aoi (Yoshizumi Haruna), her secret idol, is in the club, and decides to join, but\u2026",
  "storyline": "The movie is at a torture club within a prestigious female high school; Right after Yuzuki Muto (Noriko Kijima) entered school, she becomes a member of the Torture Club. The club trains students secretly to enter military and police fields as interrogation experts. Senior student Aoi Funaki (Haruna Yoshizumi), who is a member of the club, tortures members including Yuzuki Muto.",
  "plot": null,
  "synopsis": null
}