{
  "imdb_id": "tt3673180",
  "tmdb_id": "270125",
  "douban_id": null,
  "title": "State of Bacon (2014)",
  "genres": [
    "Comedy"
  ],
  "country": "USA",
  "version": [],
  "imdb_rating": 8.0,
  "director": [
    {
      "id": "nm0177085",
      "name": "Jason Cook"
    }
  ],
  "writer": [
    {
      "id": "nm0177085",
      "name": "Jason Cook",
      "description": null
    }
  ],
  "cast": [
    {
      "id": "nm0383371",
      "name": "David Anthony Higgins",
      "character": "Bacon Dreamer"
    },
    {
      "id": "nm0240913",
      "name": "Jim Duggan",
      "character": "Himself"
    },
    {
      "id": "nm0177846",
      "name": "Anderson Cooper",
      "character": "Himself"
    },
    {
      "id": "nm1806964",
      "name": "Bjorn Ofeigsson",
      "character": "Himself"
    },
    {
      "id": "nm6433857",
      "name": "Kevin Metzger",
      "character": "Butcher"
    },
    {
      "id": "nm6433858",
      "name": "Randy Goodwin",
      "character": "Butcher"
    },
    {
      "id": "nm6433859",
      "name": "P. Brooks Reynolds",
      "character": "Himself"
    },
    {
      "id": "nm6433860",
      "name": "Marshall Porter",
      "character": "Himself"
    },
    {
      "id": "nm6433861",
      "name": "Mark Pederson",
      "character": "Himself"
    },
    {
      "id": "nm6433862",
      "name": "John Tiffany",
      "character": "Himself"
    },
    {
      "id": "nm6433863",
      "name": "Seth Hall",
      "character": "Himself"
    },
    {
      "id": "nm6433864",
      "name": "\u00c1rni Georgsson",
      "character": "Himself"
    },
    {
      "id": "nm6433905",
      "name": "John Allen",
      "character": "Himself"
    },
    {
      "id": "nm6433919",
      "name": "Katie Bailey",
      "character": "Herself"
    },
    {
      "id": "nm3562828",
      "name": "Elizabeth Ballstadt",
      "character": "Pepper"
    },
    {
      "id": "nm4481367",
      "name": "Alexandra Beem",
      "character": "Woman at Bar /              Rocker Groupie"
    },
    {
      "id": "nm6433912",
      "name": "Jeremy Bingaman",
      "character": "Himself"
    },
    {
      "id": "nm4837802",
      "name": "Terry Branstad",
      "character": "Himself"
    },
    {
      "id": "nm6433913",
      "name": "Lauren Braune",
      "character": "Herself"
    },
    {
      "id": "nm6433882",
      "name": "Beth Brooner",
      "character": "Herself"
    },
    {
      "id": "nm6433932",
      "name": "Heather Burnside",
      "character": "Dancer"
    },
    {
      "id": "nm6433885",
      "name": "Chrissie Cartmell",
      "character": "Herself"
    },
    {
      "id": "nm6433870",
      "name": "J.C. Collier",
      "character": "Logan"
    },
    {
      "id": "nm6433876",
      "name": "Sean Conrad",
      "character": "Odin - Mascott"
    },
    {
      "id": "nm5261780",
      "name": "Peter Dean",
      "character": "Angry Farmer"
    },
    {
      "id": "nm6433926",
      "name": "Alex Deaver",
      "character": "Herself"
    },
    {
      "id": "nm6433904",
      "name": "Rachel Deiter",
      "character": "Herself"
    },
    {
      "id": "nm6433930",
      "name": "Shane Donegan",
      "character": "Dancer"
    },
    {
      "id": "nm6433901",
      "name": "Shane Donegon",
      "character": "Corn"
    },
    {
      "id": "nm6433871",
      "name": "Andy Fales",
      "character": "Himself"
    },
    {
      "id": "nm6433869",
      "name": "Caroline Fink",
      "character": "Grace"
    },
    {
      "id": "nm6433867",
      "name": "Janet Fink",
      "character": "Teacher"
    },
    {
      "id": "nm6433924",
      "name": "Kari Gladson",
      "character": "Herself"
    },
    {
      "id": "nm0335948",
      "name": "Chuck Grassley",
      "character": "Himself       (as Charles Grassley)"
    },
    {
      "id": "nm6433911",
      "name": "Gail Grimes",
      "character": "Herself"
    },
    {
      "id": "nm6433888",
      "name": "Bogi Gu\u00f0mundsson",
      "character": "Himself"
    },
    {
      "id": "nm6433898",
      "name": "Joe Hand",
      "character": "Camper - Joe"
    },
    {
      "id": "nm4447262",
      "name": "Kristen Hansen",
      "character": "Herself"
    },
    {
      "id": "nm6433874",
      "name": "Randy Hilleman",
      "character": "Himself"
    },
    {
      "id": "nm6433931",
      "name": "Katie Howe",
      "character": "Dancer"
    },
    {
      "id": "nm6433890",
      "name": "Ragnar Ing\u00f3lfsson",
      "character": "Himself"
    },
    {
      "id": "nm6433886",
      "name": "Ashley Ivers",
      "character": "Herself"
    },
    {
      "id": "nm6433892",
      "name": "J\u00f3hann J\u00f3nsson",
      "character": "Himself"
    },
    {
      "id": "nm6433887",
      "name": "Dianna Kealy",
      "character": "Herself"
    },
    {
      "id": "nm6433920",
      "name": "Mindy Kimball-Gerritson",
      "character": "Herself"
    },
    {
      "id": "nm6433909",
      "name": "Shannon Kindred",
      "character": "Herself"
    },
    {
      "id": "nm6433915",
      "name": "Kristyn Knight",
      "character": "Herself"
    },
    {
      "id": "nm6433908",
      "name": "Des Kuhn",
      "character": "Herself"
    },
    {
      "id": "nm6433868",
      "name": "Leo Landis",
      "character": "Bacon Professor"
    },
    {
      "id": "nm6433894",
      "name": "Brandon Leek",
      "character": "Bus Driver"
    },
    {
      "id": "nm6433880",
      "name": "Cheri Lyon",
      "character": "Herself"
    },
    {
      "id": "nm6433929",
      "name": "Rebecca Masucci",
      "character": "Dancer"
    },
    {
      "id": "nm6433900",
      "name": "Rebecca Maucci",
      "character": "Carrot"
    },
    {
      "id": "nm6433899",
      "name": "Katelyn McBurney",
      "character": "Tomato"
    },
    {
      "id": "nm6433875",
      "name": "Joe McConville",
      "character": "Chef Joe"
    },
    {
      "id": "nm6433897",
      "name": "Matt McCormick",
      "character": "Camper - Matt"
    },
    {
      "id": "nm6433872",
      "name": "Andrew Meek",
      "character": "Chef Meek"
    },
    {
      "id": "nm6433918",
      "name": "Danielle Milligan",
      "character": "Herself"
    },
    {
      "id": "nm6433881",
      "name": "Meghan Moorlach",
      "character": "Herself"
    },
    {
      "id": "nm6433903",
      "name": "Zander Morales",
      "character": "Protestor /              Runner with Pigs"
    },
    {
      "id": "nm1035873",
      "name": "Jason Parkin",
      "character": "Himself"
    },
    {
      "id": "nm6433878",
      "name": "Kim Pfannebecker",
      "character": "Herself"
    },
    {
      "id": "nm6433873",
      "name": "Bonnie the Pig",
      "character": "Herself"
    },
    {
      "id": "nm6433923",
      "name": "Zahra Rahmani",
      "character": "Herself"
    },
    {
      "id": "nm6433877",
      "name": "Stan W. Reynolds",
      "character": "Bacon Queen Contest Host"
    },
    {
      "id": "nm6433907",
      "name": "Stephanie Rhodd",
      "character": "Herself"
    },
    {
      "id": "nm2296336",
      "name": "John Earl Robinson",
      "character": "D.J. Pale"
    },
    {
      "id": "nm5261152",
      "name": "Maxwell Schaeffer",
      "character": "Ambassador"
    },
    {
      "id": "nm6433896",
      "name": "Jackie Schmillen",
      "character": "Herself"
    },
    {
      "id": "nm6433925",
      "name": "Michelle Schulz",
      "character": "Herself"
    },
    {
      "id": "nm6433927",
      "name": "Faye Senne",
      "character": "Dancer"
    },
    {
      "id": "nm6433916",
      "name": "Laura Shelton",
      "character": "Herself"
    },
    {
      "id": "nm6433866",
      "name": "\u00deorbj\u00f6rn Sigurbj\u00f6rnsson",
      "character": "Himself"
    },
    {
      "id": "nm6433865",
      "name": "J\u00f3n \u00d3lafur Sigurj\u00f3nsson",
      "character": "Himself"
    },
    {
      "id": "nm6433895",
      "name": "Lou Sipolt",
      "character": "Himself"
    },
    {
      "id": "nm6433921",
      "name": "Deanna Smith",
      "character": "Herself"
    },
    {
      "id": "nm6433928",
      "name": "Joshua Ster",
      "character": "Dancer"
    },
    {
      "id": "nm6433902",
      "name": "Ronald Teller",
      "character": "It's Baconfest Guy"
    },
    {
      "id": "nm6433906",
      "name": "Joe Thompson",
      "character": "Himself"
    },
    {
      "id": "nm6433914",
      "name": "Monica Thompson",
      "character": "Herself"
    },
    {
      "id": "nm6433910",
      "name": "Meredith Todd",
      "character": "Herself"
    },
    {
      "id": "nm6433891",
      "name": "Benedikt T\u00f3masson",
      "character": "Himself"
    },
    {
      "id": "nm6433883",
      "name": "Melissa Visek",
      "character": "Herself"
    },
    {
      "id": "nm6433917",
      "name": "Amanda Werner",
      "character": "Herself"
    },
    {
      "id": "nm6433922",
      "name": "Brea Whittaker",
      "character": "Herself"
    },
    {
      "id": "nm6433884",
      "name": "Jennifer Zeis",
      "character": "Herself"
    },
    {
      "id": "nm6433889",
      "name": "Bolli \u00d3feigsson",
      "character": "Himself"
    },
    {
      "id": "nm6433893",
      "name": "Sigf\u00fas \u00d3lafsson",
      "character": "Himself"
    }
  ],
  "overview": "State of Bacon tells the kinda real but mostly fake tale of an oddball group of characters leading up to the annual Blue Ribbon Bacon Festival. Bacon-enthusiasts, Governor Branstad, a bacon queen, Hacksaw Jim Duggan, members of PETA, and an envoy of Icelanders are not excluded from this bacon party and during the course of the film become intertwined with the organizers of the festival to show that bacon diplomacy is not dead.",
  "storyline": "State of Bacon tells the kinda real but mostly fake tale of an oddball group of characters leading up to the annual Blue Ribbon Bacon Festival. Bacon-enthusiasts, Governor Branstad, a bacon queen, Hacksaw Jim Duggan, members of PETA, and an envoy of Icelanders are not excluded from this bacon party and during the course of the film become intertwined with the organizers of the festival to show that bacon diplomacy is not dead.",
  "plot": null,
  "synopsis": null
}