{
  "imdb_id": "tt3656090",
  "tmdb_id": "380192",
  "douban_id": null,
  "title": "Hermann mit der Schneeschaufel (2014)",
  "genres": [
    "Adventure",
    "Comedy",
    "Horror"
  ],
  "country": "Austria",
  "version": [
    {
      "runtime": "53 min",
      "description": ""
    }
  ],
  "imdb_rating": 5.9,
  "director": [
    {
      "id": "nm6415106",
      "name": "Albert Krivanec"
    },
    {
      "id": "nm4831775",
      "name": "Reinhard Schr\u00f6der"
    },
    {
      "id": "nm5683296",
      "name": "Dominic Marcus Singer"
    }
  ],
  "writer": [
    {
      "id": "nm6415106",
      "name": "Albert Krivanec",
      "description": "writer"
    },
    {
      "id": "nm4831775",
      "name": "Reinhard Schr\u00f6der",
      "description": "writer"
    },
    {
      "id": "nm5683296",
      "name": "Dominic Marcus Singer",
      "description": "writer"
    }
  ],
  "cast": [
    {
      "id": "nm5683296",
      "name": "Dominic Marcus Singer",
      "character": "Gro\u00dfvater /              Hermann"
    },
    {
      "id": "nm4831775",
      "name": "Reinhard Schr\u00f6der",
      "character": "Tamer"
    },
    {
      "id": "nm6415107",
      "name": "Jolanta Warpechowski",
      "character": "Gro\u00dfmutter"
    },
    {
      "id": "nm6415106",
      "name": "Albert Krivanec",
      "character": "Nachrichtensprecher"
    },
    {
      "id": "nm1384107",
      "name": "Andreas Bettinger",
      "character": "Teleladenmann"
    },
    {
      "id": "nm9990678",
      "name": "Oskar",
      "character": "Katze Karlowatschko       (as Kater Oskar)"
    },
    {
      "id": "nm1517001",
      "name": "Raimund Wallisch",
      "character": "Zigeunerin"
    },
    {
      "id": "nm6400933",
      "name": "Nathalie Mintert",
      "character": "Hannah"
    },
    {
      "id": "nm6415111",
      "name": "Roman Haselbacher",
      "character": "Rocco die Faust"
    },
    {
      "id": "nm5864361",
      "name": "Andreas Lugmayer",
      "character": "R\u00fcpel Richie"
    },
    {
      "id": "nm6415113",
      "name": "Georg Gogoljak",
      "character": "Ivan der Intolerante"
    },
    {
      "id": "nm6415112",
      "name": "Georg Kanka",
      "character": "Babyface Heinrich"
    },
    {
      "id": "nm6415108",
      "name": "David Lehmann",
      "character": "Madhead Jupp"
    },
    {
      "id": "nm4528340",
      "name": "Raoul Johannes Simmler",
      "character": "Latzhosen Kurt"
    },
    {
      "id": "nm6415109",
      "name": "Orlando S\u00fcss",
      "character": "Puk"
    },
    {
      "id": "nm6415116",
      "name": "Najimy Vozenilek",
      "character": "Junger Latzhosen Kurt"
    },
    {
      "id": "nm6415110",
      "name": "Niklas Winter",
      "character": "Schlitzer"
    },
    {
      "id": "nm6415115",
      "name": "Sven Wrana",
      "character": "Junger Bruno der Berserker"
    },
    {
      "id": "nm3575757",
      "name": "Jackie Wulf",
      "character": "Bruno der Berserker"
    }
  ],
  "overview": null,
  "storyline": "Splatter film meets slapstick comedy. This blood-soaked winter fairytale of a special kind is filled with absurd humor, zany characters and crazy non-stop action.",
  "plot": null,
  "synopsis": null
}