{
  "imdb_id": "tt3681454",
  "tmdb_id": "263487",
  "douban_id": null,
  "title": "Vadacurry (2014)",
  "genres": [
    "Comedy",
    "Thriller"
  ],
  "country": "India",
  "version": [
    {
      "runtime": "131 min",
      "description": ""
    }
  ],
  "imdb_rating": 5.5,
  "director": [
    {
      "id": "nm6442131",
      "name": "Saravana Rajan"
    }
  ],
  "writer": [
    {
      "id": "nm6442131",
      "name": "Saravana Rajan",
      "description": null
    }
  ],
  "cast": [
    {
      "id": "nm0415773",
      "name": "Jai",
      "character": "Satish"
    },
    {
      "id": "nm3763970",
      "name": "Swathi Reddy",
      "character": "Naveena       (as Swati Reddy)"
    },
    {
      "id": "nm3457617",
      "name": "Kasthuri",
      "character": "Satish's Sister-in-law"
    },
    {
      "id": "nm1293381",
      "name": "Sunny Leone",
      "character": "Special Appearance"
    },
    {
      "id": "nm4725798",
      "name": "Aruldoss",
      "character": "Satish's Brother       (as Aruldass)"
    },
    {
      "id": "nm5657068",
      "name": "RJ Balaji",
      "character": "Karikalan"
    },
    {
      "id": "nm4012416",
      "name": "Ajay Raj",
      "character": "Dhayalan"
    },
    {
      "id": "nm6662203",
      "name": "Sai Prasath",
      "character": "Ravishankar"
    },
    {
      "id": "nm4367928",
      "name": "Misha Ghoshal",
      "character": "Naveena's Friend"
    },
    {
      "id": "nm6670078",
      "name": "Ramachandran",
      "character": ""
    },
    {
      "id": "nm6662204",
      "name": "Vicky",
      "character": ""
    },
    {
      "id": "nm6662205",
      "name": "Satish",
      "character": ""
    },
    {
      "id": "nm6662206",
      "name": "Sashti",
      "character": ""
    },
    {
      "id": "nm6662207",
      "name": "Madhu",
      "character": ""
    },
    {
      "id": "nm6662208",
      "name": "Thangadurai",
      "character": ""
    },
    {
      "id": "nm6662209",
      "name": "Raja",
      "character": ""
    },
    {
      "id": "nm6662210",
      "name": "Mippu",
      "character": ""
    },
    {
      "id": "nm6662211",
      "name": "Hitler",
      "character": ""
    },
    {
      "id": "nm6662212",
      "name": "Dheena Dhayalan",
      "character": ""
    },
    {
      "id": "nm6662213",
      "name": "Driver Raja",
      "character": ""
    },
    {
      "id": "nm6662214",
      "name": "Mano",
      "character": ""
    },
    {
      "id": "nm6662215",
      "name": "Baby Dhawanya",
      "character": "Satish's Niece"
    },
    {
      "id": "nm6662216",
      "name": "Baby Reshma",
      "character": "Satish's Niece"
    },
    {
      "id": "nm6662217",
      "name": "Bhaskar",
      "character": ""
    },
    {
      "id": "nm6662218",
      "name": "Rajagopal",
      "character": ""
    },
    {
      "id": "nm6662219",
      "name": "Vetri",
      "character": ""
    },
    {
      "id": "nm1862815",
      "name": "Venkat Prabhu",
      "character": "Special Appearance"
    },
    {
      "id": "nm2908893",
      "name": "Premgi Amaren",
      "character": "Special Appearance"
    },
    {
      "id": "nm4019274",
      "name": "Mahat Raghavendra",
      "character": "Special Appearance"
    },
    {
      "id": "nm7628617",
      "name": "Vicky Vijai",
      "character": "Kalai       (as Vicky R)"
    }
  ],
  "overview": "Satish (Jai), is a newly appointed medical representative, who is basically a family man, living with his brother an auto-rickshaw driver. Sathish is always embarrassed about his mobile phone, and much to his delight picks up a phone which is left carelessly by its owner at a tea shop. The mobile phone gets him into trouble and his carefree life with girlfriend Naveena (Swathi) turns upside down.",
  "storyline": "Satish (Jai), is a newly appointed medical representative, who is basically a family man, living with his brother an auto-rickshaw driver. Sathish is always embarrassed about his mobile phone, and much to his delight picks up a phone which is left carelessly by its owner at a tea shop. The mobile phone gets him into trouble and his carefree life with girlfriend Naveena (Swathi) turns upside down.",
  "plot": "Satish (Jai), is a newly appointed medical representative, who is basically a family man, living with his brother an auto-rickshaw driver. Sathish is always embarrassed about his mobile phone, and much to his delight picks up a phone which is left carelessly by its owner at a tea shop. The mobile phone gets him into trouble and his carefree life with girlfriend Naveena (Swathi) turns upside down.",
  "synopsis": null
}