{
  "imdb_id": "tt3720058",
  "tmdb_id": "273197",
  "douban_id": null,
  "title": "The Great Hypnotist (2014)",
  "genres": [
    "Drama",
    "Mystery",
    "Thriller"
  ],
  "country": "China",
  "version": [
    {
      "runtime": "104 min",
      "description": ""
    }
  ],
  "imdb_rating": 6.9,
  "director": [
    {
      "id": "nm1970591",
      "name": "Leste Chen"
    }
  ],
  "writer": [
    {
      "id": "nm1970591",
      "name": "Leste Chen",
      "description": null
    },
    {
      "id": "nm6482501",
      "name": "Peng Ren",
      "description": "writer"
    }
  ],
  "cast": [
    {
      "id": "nm2004248",
      "name": "Jing Hu",
      "character": "Chen Ting"
    },
    {
      "id": "nm3268484",
      "name": "Zhong L\u00fc",
      "character": "Pro Fang"
    },
    {
      "id": "nm0596297",
      "name": "Karen Mok",
      "character": "Ren Xiaoyan /              Gu Jie"
    },
    {
      "id": "nm4779300",
      "name": "David Yao-Qing Wang",
      "character": "Luo Yusong"
    },
    {
      "id": "nm1905770",
      "name": "Zheng Xu",
      "character": "Xu Ruining"
    },
    {
      "id": "nm9048839",
      "name": "Kaidi Yang",
      "character": "(as Cady Yang)"
    }
  ],
  "overview": "The famous psychologist Xu Ruining has a raising career, when he met the troublesome patient Ren Xiaoyan. The meeting is not easy as feeble-looking Ren is point by point against him.",
  "storyline": "The famous psychologist Xu Ruining has a raising career, when he met the troublesome patient Ren Xiaoyan. The meeting is not easy as feeble-looking Ren is point by point against him.",
  "plot": null,
  "synopsis": null
}