{
  "imdb_id": "tt3717390",
  "tmdb_id": "270909",
  "douban_id": null,
  "title": "Refugiado (2014)",
  "genres": [
    "Drama",
    "Thriller"
  ],
  "country": "Argentina",
  "version": [],
  "imdb_rating": 6.5,
  "director": [
    {
      "id": "nm1195308",
      "name": "Diego Lerman"
    }
  ],
  "writer": [
    {
      "id": "nm1195308",
      "name": "Diego Lerman",
      "description": null
    },
    {
      "id": "nm1198525",
      "name": "Mar\u00eda Meira",
      "description": null
    },
    {
      "id": "nm1237309",
      "name": "Gustavo Caba\u00f1a",
      "description": "collaborating writer and"
    },
    {
      "id": "nm1986962",
      "name": "Mar\u00eda Eugenia Castagnino",
      "description": "collaborating writer"
    }
  ],
  "cast": [
    {
      "id": "nm0246638",
      "name": "Julieta D\u00edaz",
      "character": "Laura"
    },
    {
      "id": "nm6481783",
      "name": "Sebasti\u00e1n Molinaro",
      "character": "Mat\u00edas"
    },
    {
      "id": "nm1600742",
      "name": "Marta Lubos",
      "character": "Antonia"
    },
    {
      "id": "nm6521624",
      "name": "Valentina Garc\u00eda Guerrero",
      "character": "Ana"
    },
    {
      "id": "nm6521625",
      "name": "Silvia Bayle",
      "character": "Marta"
    },
    {
      "id": "nm4118897",
      "name": "Sofia Palomino",
      "character": "Bel\u00e9n       (as Sof\u00eda Palomino)"
    },
    {
      "id": "nm2563663",
      "name": "Agust\u00edn Rittano",
      "character": "Fabi\u00e1n"
    },
    {
      "id": "nm1239135",
      "name": "Sandra Villani",
      "character": "Nelly"
    },
    {
      "id": "nm10321175",
      "name": "Carina Resnisky",
      "character": "Paola"
    },
    {
      "id": "nm1585534",
      "name": "Paula Ituriza",
      "character": "Mam\u00e1 Eugenia"
    },
    {
      "id": "nm0916352",
      "name": "Carlos Weber",
      "character": "Francisco"
    },
    {
      "id": "nm10898148",
      "name": "Luana Mellucci",
      "character": "Eugenia"
    },
    {
      "id": "nm1764066",
      "name": "Elena Conte",
      "character": "Gladys pensi\u00f3n       (as Elena Conde)"
    },
    {
      "id": "nm2597875",
      "name": "Roberto Monzo",
      "character": "Recepcionista telo"
    },
    {
      "id": "nm3511553",
      "name": "Ignacio Gim\u00e9nez",
      "character": "Mario"
    },
    {
      "id": "nm10898149",
      "name": "Josefina Guerra",
      "character": "Abogada OVD"
    },
    {
      "id": "nm10898150",
      "name": "Ester Mancera",
      "character": "Psic\u00f3loga OVD"
    },
    {
      "id": "nm10898151",
      "name": "Claudi Bani",
      "character": "Trabajadora social OVD"
    },
    {
      "id": "nm10898152",
      "name": "Daniel Kabot",
      "character": "Hombre Bruckman"
    },
    {
      "id": "nm10751669",
      "name": "Jorge Tomas",
      "character": "Polic\u00eda 2       (as Jorge Norberto Tomas)"
    },
    {
      "id": "nm10898153",
      "name": "Carola Botto",
      "character": "Abogada del refugio"
    },
    {
      "id": "nm7177977",
      "name": "Cristina Maresca",
      "character": "Blanca"
    },
    {
      "id": "nm1751429",
      "name": "Alicia Muxo",
      "character": "Chela"
    },
    {
      "id": "nm4875264",
      "name": "Ximena Banus",
      "character": "Forense"
    },
    {
      "id": "nm2855269",
      "name": "Matilde Adorno",
      "character": "Gloria"
    },
    {
      "id": "nm5302195",
      "name": "Nadia Ayelen Gimenez",
      "character": "Jacqueline       (as Nadia Ayel\u00e9n Gim\u00e9nez)"
    },
    {
      "id": "nm1439012",
      "name": "Diana Gim\u00e9nez",
      "character": "Mam\u00e1 de Ana       (as Diana Luc\u00eda Reyes Gim\u00e9nez)"
    },
    {
      "id": "nm1197780",
      "name": "Daniela Pal",
      "character": "Mujer en corpi\u00f1o"
    },
    {
      "id": "nm0265973",
      "name": "Carlos Falcone",
      "character": "Hombre ba\u00f1o del juzgado"
    },
    {
      "id": "nm10898154",
      "name": "Cecilia Meijide",
      "character": "M\u00e9dica ecografista"
    },
    {
      "id": "nm1374846",
      "name": "Pablo Cura",
      "character": "Pap\u00e1 de Eugenia"
    },
    {
      "id": "nm1495380",
      "name": "Fabi\u00e1n Sosa",
      "character": "Mozo"
    },
    {
      "id": "nm6850014",
      "name": "Lucrecia Gelardi",
      "character": "Trabajadora Social"
    },
    {
      "id": "nm10396885",
      "name": "Franco Mellucci",
      "character": "Hermano de Eugenia"
    },
    {
      "id": "nm7207352",
      "name": "Ana Leiva",
      "character": "Maestra       (as Ana Laura Leiva)"
    },
    {
      "id": "nm10898155",
      "name": "Yeni Molinero",
      "character": "Mar\u00eda       (as Yeni Ruth Fernanda Molinero)"
    },
    {
      "id": "nm10898156",
      "name": "Ana Mar\u00eda Remonte",
      "character": "Paula"
    },
    {
      "id": "nm10898157",
      "name": "Julieta Gutman",
      "character": "Voluntaria"
    },
    {
      "id": "nm10898158",
      "name": "Carina Altamirano",
      "character": "Mujer del refugio"
    },
    {
      "id": "nm10898159",
      "name": "Luciana Ju\u00e1rez",
      "character": "Mujer del refugio       (as Luciana Emilce Ju\u00e1rez)"
    },
    {
      "id": "nm10898160",
      "name": "Mar\u00eda Herrera",
      "character": "Mujer del refugio"
    },
    {
      "id": "nm10898161",
      "name": "Mar\u00eda Del Carmen Blanc",
      "character": "Mujer del refugio       (as Mar\u00eda Del Carmen Delmas Blanc)"
    },
    {
      "id": "nm10898162",
      "name": "Graciela Grandoli",
      "character": "Mujer del refugio"
    },
    {
      "id": "nm10898163",
      "name": "Ana Mar\u00eda Garc\u00eda",
      "character": "Mujer del refugio"
    },
    {
      "id": "nm10898164",
      "name": "Claudia Paz",
      "character": "Madre del refugio"
    },
    {
      "id": "nm10898165",
      "name": "Yamila Vera",
      "character": "Madre del refugio       (as Yamila Ayel\u00e9n Vera)"
    },
    {
      "id": "nm2303080",
      "name": "Graciela Gim\u00e9nez",
      "character": "Madre del refugio       (as Graciela Leonor Gim\u00e9nez)"
    },
    {
      "id": "nm10898166",
      "name": "Laura Garc\u00eda",
      "character": "Madre del refugio"
    },
    {
      "id": "nm10898167",
      "name": "Mar\u00eda Florencia Vieytes",
      "character": "Madre del refugio       (as Mar\u00eda Florencia Kexel Vieytes)"
    },
    {
      "id": "nm10898168",
      "name": "Paula V\u00e1zquez",
      "character": "Madre del refugio"
    },
    {
      "id": "nm10898169",
      "name": "Cecilia Anal\u00eda Cejas",
      "character": "Madre del refugio"
    },
    {
      "id": "nm10898170",
      "name": "Lorena",
      "character": "Madre del refugio"
    },
    {
      "id": "nm10898171",
      "name": "Isabella Molinaro",
      "character": "Ni\u00f1o del refugio       (as Isabella Giulia Molinaro)"
    },
    {
      "id": "nm10898172",
      "name": "Clara Molinaro",
      "character": "Ni\u00f1o del refugio       (as Clara Martina Molinaro)"
    },
    {
      "id": "nm10898173",
      "name": "Marcos Jerez",
      "character": "Ni\u00f1o del refugio       (as Marcos Leonel Jerez Gim\u00e9nez)"
    },
    {
      "id": "nm10898174",
      "name": "Freya Jerez",
      "character": "Ni\u00f1o del refugio       (as Freya Daiaira Jerez Gim\u00e9nez)"
    },
    {
      "id": "nm10898175",
      "name": "Lautaro Steinbrecher",
      "character": "Ni\u00f1o del refugio       (as Lautaro Daniel Steinbrecher)"
    },
    {
      "id": "nm10898176",
      "name": "Florencia Vera",
      "character": "Ni\u00f1o del refugio       (as Florencia Micaela Vera)"
    },
    {
      "id": "nm10704009",
      "name": "Lucero Barroso",
      "character": "Ni\u00f1o del refugio       (as Lucero Martina Barroso Garc\u00eda)"
    },
    {
      "id": "nm10898177",
      "name": "Charo Grande Kexel",
      "character": "Ni\u00f1o del refugio"
    },
    {
      "id": "nm10898178",
      "name": "Luciana Salom\u00f3n",
      "character": "Ni\u00f1o del refugio       (as Luciana In\u00e9s Salom\u00f3n)"
    },
    {
      "id": "nm10898179",
      "name": "Florencia Salom\u00f3n",
      "character": "Ni\u00f1o del refugio       (as Florencia Bel\u00e9n Salom\u00f3n)"
    },
    {
      "id": "nm10898180",
      "name": "Morena \u00c1vila",
      "character": "Ni\u00f1o del refugio       (as Morena Ayel\u00e9n \u00c1vila)"
    },
    {
      "id": "nm10898106",
      "name": "Mateo \u00c1vila",
      "character": "Ni\u00f1o del refugio       (as Mateo Agust\u00edn \u00c1vila)"
    },
    {
      "id": "nm8626899",
      "name": "Shantal Gaillardou",
      "character": "Ni\u00f1o del refugio       (as Shantal de los Milagros Gaillardou)"
    },
    {
      "id": "nm10783959",
      "name": "Kiyomi Gaillardou",
      "character": "Ni\u00f1o del refugio       (as Kiyomi Gennaro Luis Gaillardou)"
    }
  ],
  "overview": "7 year old Mat\u00edas returns home from a friend\u2019s birthday party to find his mother, Laura, unconscious on the floor. When she recovers her senses they decide to leave home and rush to a shelter for abused women where they spend 48 hours before Laura decides to rebuild her life somewhere else. Through the eyes of Mat\u00edas we will discover their escape in a city where everything Mat\u00edas once knew feels dangerous and foreign until Laura finds a secure place to raise her son.",
  "storyline": "Matias and his mother Laura, find themselves forced to hurriedly abandon the house they live in to escape another outburst of violence from Fabian. Matias is 8 and Laura is newly pregnant. Thus they begin a wandering journey in search of a place they can feel safe and protected",
  "plot": null,
  "synopsis": null
}