{
  "imdb_id": "tt3714720",
  "tmdb_id": "325346",
  "douban_id": "25881669",
  "title": "The Hollars (2016)",
  "genres": [
    "Comedy",
    "Drama",
    "Romance"
  ],
  "country": "USA",
  "version": [
    {
      "runtime": "88 min",
      "description": ""
    }
  ],
  "imdb_rating": 6.4,
  "director": [
    {
      "id": "nm1024677",
      "name": "John Krasinski"
    }
  ],
  "writer": [
    {
      "id": "nm1475479",
      "name": "James C. Strouse",
      "description": "written by as Jim Strouse"
    }
  ],
  "cast": [
    {
      "id": "nm0553269",
      "name": "Margo Martindale",
      "character": "Sally Hollar"
    },
    {
      "id": "nm1663205",
      "name": "Sharlto Copley",
      "character": "Ron Hollar"
    },
    {
      "id": "nm0420955",
      "name": "Richard Jenkins",
      "character": "Don Hollar"
    },
    {
      "id": "nm1024677",
      "name": "John Krasinski",
      "character": "John Hollar"
    },
    {
      "id": "nm0447695",
      "name": "Anna Kendrick",
      "character": "Rebecca"
    },
    {
      "id": "nm1320827",
      "name": "Randall Park",
      "character": "Dr. Fong"
    },
    {
      "id": "nm1788122",
      "name": "Ashley Dyke",
      "character": "Stacey"
    },
    {
      "id": "nm4495072",
      "name": "Isabela Costine",
      "character": "Constance"
    },
    {
      "id": "nm6366134",
      "name": "Didi Costine",
      "character": "Matilda"
    },
    {
      "id": "nm1169011",
      "name": "Josh Groban",
      "character": "Reverend Dan"
    },
    {
      "id": "nm0206359",
      "name": "Charlie Day",
      "character": "Jason"
    },
    {
      "id": "nm0005316",
      "name": "Mary Kay Place",
      "character": "Pam"
    },
    {
      "id": "nm8345903",
      "name": "Tim Crowe",
      "character": "Loan Officer"
    },
    {
      "id": "nm8345904",
      "name": "Lacey Levy",
      "character": "Neurology Nurse"
    },
    {
      "id": "nm8345905",
      "name": "Debbie Prescott",
      "character": "Liquor Barn Cashier"
    },
    {
      "id": "nm6677767",
      "name": "Gus Sanchez",
      "character": "Pedro       (as Gustavo Sanchez)"
    },
    {
      "id": "nm0935541",
      "name": "Mary Elizabeth Winstead",
      "character": "Gwen"
    },
    {
      "id": "nm4576872",
      "name": "Nancy Nave",
      "character": "OB Nurse"
    },
    {
      "id": "nm8345906",
      "name": "Ashley Ailes",
      "character": "Nurse in Hallway"
    },
    {
      "id": "nm8345907",
      "name": "Taylor Berry",
      "character": "Labor Nurse"
    },
    {
      "id": "nm8345908",
      "name": "Sarah Smith",
      "character": "ICU Nurse #1"
    },
    {
      "id": "nm8345909",
      "name": "Stephanie Carmichael",
      "character": "ICU Nurse #2"
    },
    {
      "id": "nm8345910",
      "name": "Tucker Brady",
      "character": "ICU Nurse #3"
    },
    {
      "id": "nm8345911",
      "name": "Kristin Scoggins",
      "character": "ICU Nurse #4"
    },
    {
      "id": "nm4648886",
      "name": "William Schilling",
      "character": "Minister"
    },
    {
      "id": "nm8345912",
      "name": "Terence Mosley",
      "character": "Funeral Director"
    },
    {
      "id": "nm0829873",
      "name": "Tonea Stewart",
      "character": "Latisha"
    },
    {
      "id": "nm8345913",
      "name": "Millard Smith",
      "character": "Old Man in Wheelchair"
    },
    {
      "id": "nm8345914",
      "name": "Brenda Cavin",
      "character": "Old Man's Daughter"
    },
    {
      "id": "nm6354708",
      "name": "Yvonne Angulo",
      "character": "ER Nurse       (as Yvonne Welch)"
    },
    {
      "id": "nm4959625",
      "name": "Hillary Schoelzel",
      "character": "ER Nurse #2"
    },
    {
      "id": "nm8345915",
      "name": "Finn",
      "character": "Photoshoot Dog"
    }
  ],
  "overview": "Aspiring New York City artist, John Hollar returns to his Middle America hometown on the eve of his mother\u2019s brain surgery. Joined by his girlfriend, eight months pregnant with their first child, John is forced to navigate the crazy world he left behind.",
  "storyline": "Aspiring NYC artist John Hollar returns to his middle America hometown on the eve of his mother's brain surgery. Joined by his girlfriend, eight months pregnant with their first child, John is forced to navigate the crazy world he left behind as his dysfunctional family, high school pals, and over-eager ex flood back into his life ahead of his mother's operation.",
  "plot": "Struggling New York City graphic novelist John Hollar (John Krasinski) learns that his mother, Sally (Margo Martindale) is diagnosed with a brain tumor, and joins his brother, Ron (Sharlto Copley), and father, Don (Richard Jenkins), by her side. Her attending physician Dr. Fong (Randall Park) tells them that the tumor is scheduled to be removed later that week. John is also facing the birth of his first child with his girlfriend Rebecca (Anna Kendrick). Ron is spying on his ex-wife Stacey (Ashley Dyke), who divorced him years ago, but he is confronted by her new partner Reverend Dan (Josh Groban). John meets his high school classmate and mother's nurse Jason (Charlie Day), who married Gwen (Mary Elizabeth Winstead), his ex-girlfriend. Jason rightly suspects that Gwen only married him after become pregnant with their child, and still has feelings for John.\n\nDon is forced to work at the wine shop to support his failing plumbing business. At night, Ron sneaks inside Stacey's house to see his two daughters, but is subsequently arrested by the police when Stacey finds out. He is immediately bailed when Rev. Dan learns how much he loves his kids. One day before her operation, John and Sally sneak out of the hospital to enjoy her last meal. On the day of the operation, the doctors successfully remove the tumor, but later, she dies with Don at her side. Don emotionally reads a letter Sally wrote before she died. Rev. Dan marries John and Rebecca, and later, in the middle of their mother's funeral, John, Ron, and Don rush Rebecca to the hospital as she goes into labor.",
  "synopsis": null
}