{
  "imdb_id": "tt3747978",
  "tmdb_id": "285434",
  "douban_id": null,
  "title": "Holy Ghost (2014)",
  "genres": [
    "Documentary"
  ],
  "country": "USA",
  "version": [
    {
      "runtime": "113 min",
      "description": ""
    }
  ],
  "imdb_rating": 8.5,
  "director": [
    {
      "id": "nm4203108",
      "name": "Darren Wilson"
    }
  ],
  "writer": [
    {
      "id": "nm4203108",
      "name": "Darren Wilson",
      "description": "writer"
    }
  ],
  "cast": [
    {
      "id": "nm6082884",
      "name": "Meredith Andrews",
      "character": "Herself"
    },
    {
      "id": "nm0276378",
      "name": "Reginald 'Fieldy' Arvizu",
      "character": "Himself       (as Fieldy)"
    },
    {
      "id": "nm4930889",
      "name": "Heidi Baker",
      "character": "Herself"
    },
    {
      "id": "nm2035952",
      "name": "DeVon Franklin",
      "character": "Himself"
    },
    {
      "id": "nm5149425",
      "name": "Jamie Galloway",
      "character": "Himself"
    },
    {
      "id": "nm6513711",
      "name": "Joseph Garnlington",
      "character": "Himself       (as Bishop Joseph Garnlington)"
    },
    {
      "id": "nm6513712",
      "name": "J. Lee Grady",
      "character": "Himself"
    },
    {
      "id": "nm6513713",
      "name": "Tommy Green",
      "character": "Himself"
    },
    {
      "id": "nm6513719",
      "name": "Jake Hamilton",
      "character": "Himself"
    },
    {
      "id": "nm4916809",
      "name": "Will Hart",
      "character": "Himself"
    },
    {
      "id": "nm4887737",
      "name": "Bill Johnson",
      "character": "Himself"
    },
    {
      "id": "nm6513715",
      "name": "Brian Johnson",
      "character": "Himself"
    },
    {
      "id": "nm6513716",
      "name": "Jenn Johnson",
      "character": "Herself"
    },
    {
      "id": "nm5967120",
      "name": "R.T. Kendall",
      "character": "Himself"
    },
    {
      "id": "nm0005107",
      "name": "Lenny Kravitz",
      "character": "Himself"
    },
    {
      "id": "nm5153433",
      "name": "Banning Liebscher",
      "character": "Himself"
    },
    {
      "id": "nm6513720",
      "name": "Mark Marx",
      "character": "Himself"
    },
    {
      "id": "nm6513718",
      "name": "Aaron Niequist",
      "character": "Himself"
    },
    {
      "id": "nm6513710",
      "name": "Chad Norris",
      "character": "Himself"
    },
    {
      "id": "nm1495330",
      "name": "Jeremy Riddle",
      "character": "Himself"
    },
    {
      "id": "nm0809363",
      "name": "Michael W. Smith",
      "character": "Himself"
    },
    {
      "id": "nm6022258",
      "name": "Alok Srivastava",
      "character": "Himself"
    },
    {
      "id": "nm1008415",
      "name": "Phil Vischer",
      "character": "Himself"
    },
    {
      "id": "nm6513714",
      "name": "Kim Walker-Smith",
      "character": "Herself"
    },
    {
      "id": "nm0919517",
      "name": "Brian 'Head' Welch",
      "character": "Himself"
    },
    {
      "id": "nm5152692",
      "name": "Todd White",
      "character": "Himself"
    },
    {
      "id": "nm6513717",
      "name": "Gary Wilson",
      "character": "Himself"
    },
    {
      "id": "nm3523960",
      "name": "William P. Young",
      "character": "Himself"
    }
  ],
  "overview": "Can the Holy Spirit direct a movie? In this fast-paced documentary from the director of the popular films Finger of God, Furious Love, and Father of Lights, Darren Wilson sets out to make a movie that is completely led by the Holy Spirit. No plan, no script, no safety net--just go wherever he feels the Spirit leading him to try and discover the adventure God has for him. Whether it's the riches of Monte Carlo, a heavy metal concert, or the oldest city in the world, the result is a film that not only challenges and excites, but also reveals a God who is far more alive and active than you ever imagined.",
  "storyline": "Can the Holy Spirit direct a movie? In this fast-paced documentary from the director of the popular films Finger of God, Furious Love, and Father of Lights, Darren Wilson sets out to make a movie that is completely led by the Holy Spirit. No plan, no script, no safety net--just go wherever he feels the Spirit leading him to try and discover the adventure God has for him. Whether it's the riches of Monte Carlo, a heavy metal concert, or the oldest city in the world, the result is a film that not only challenges and excites, but also reveals a God who is far more alive and active than you ever imagined.",
  "plot": null,
  "synopsis": null
}