{
  "imdb_id": "tt3744460",
  "tmdb_id": "274049",
  "douban_id": null,
  "title": "Uchuu Keiji Sharivan Next Generation (Video 2014)",
  "genres": [
    "Action",
    "Sci-Fi"
  ],
  "country": "Japan",
  "version": [
    {
      "runtime": "61 min",
      "description": ""
    }
  ],
  "imdb_rating": 6.6,
  "director": [
    {
      "id": "nm0757084",
      "name": "Koichi Sakamoto"
    }
  ],
  "writer": null,
  "cast": [
    {
      "id": "nm3075352",
      "name": "Riki Miura",
      "character": "Kai Hyuga /              Space Sheriff Sharivan"
    },
    {
      "id": "nm3930058",
      "name": "Misaki Momose",
      "character": "Sisi"
    },
    {
      "id": "nm0913907",
      "name": "Hiroshi Watari",
      "character": "Den Iga"
    },
    {
      "id": "nm0410951",
      "name": "Y\u00fbma Ishigaki",
      "character": "Geki Jumonji"
    },
    {
      "id": "nm3511606",
      "name": "K\u00f4ichir\u00f4 Nishi",
      "character": "General Gyrer       (as Koichiro Nishi)"
    },
    {
      "id": "nm1335989",
      "name": "Sh\u00f4 Tomita",
      "character": "Gencer /              Guard Beast"
    },
    {
      "id": "nm1909188",
      "name": "Haruna Yabuki",
      "character": "Eileen"
    },
    {
      "id": "nm1487709",
      "name": "Michi Nishijima",
      "character": "Newscaster"
    },
    {
      "id": "nm0443226",
      "name": "Shinji T\u00f4d\u00f4",
      "character": "Nicholas Gordon"
    },
    {
      "id": "nm1988473",
      "name": "Honoka Ishibashi",
      "character": "Eleena"
    },
    {
      "id": "nm3173316",
      "name": "Jun Itoda",
      "character": "Gamagon"
    },
    {
      "id": "nm3946494",
      "name": "Kasumi Yamaya",
      "character": "Horror Girl"
    }
  ],
  "overview": "Kai Hyuga/Sharivan uncovers the existence of a spy from the Neo Madou organization. In addition to that Kai's friend, Seigi, becomes the new Space Sheriff Estevan. They must find the spy and stop a drug ring from shipping a pain suppressing narcotic called Hyper-M on Earth. But the new Space Sheriff must learn to trust his instincts and that not all is as it seems...",
  "storyline": null,
  "plot": null,
  "synopsis": null
}