{
  "imdb_id": "tt3836642",
  "tmdb_id": "352758",
  "douban_id": null,
  "title": "Movie Mind Machine (2015)",
  "genres": [
    "Short",
    "Adventure",
    "Comedy",
    "Sci-Fi"
  ],
  "country": "USA",
  "version": [
    {
      "runtime": "12 min",
      "description": ""
    }
  ],
  "imdb_rating": 6.9,
  "director": [
    {
      "id": "nm2043336",
      "name": "Maureen Bharoocha"
    }
  ],
  "writer": [
    {
      "id": "nm2043336",
      "name": "Maureen Bharoocha",
      "description": "co-writer"
    },
    {
      "id": "nm1791436",
      "name": "Eric Cunningham",
      "description": "co-writer"
    }
  ],
  "cast": [
    {
      "id": "nm3236733",
      "name": "Ron Funches",
      "character": "Ron"
    },
    {
      "id": "nm2286712",
      "name": "Matt Braunger",
      "character": "Matt"
    },
    {
      "id": "nm4862149",
      "name": "Pam Murphy",
      "character": "Fran"
    },
    {
      "id": "nm1453888",
      "name": "Christina Anthony",
      "character": "Melissa"
    }
  ],
  "overview": "Two movie buffs invent a memory-erasing machine that allows them to watch their favorite movies over and over again like the first time.",
  "storyline": "Two movie buffs invent a memory-erasing machine that allows them to watch their favorite movies over and over again like the first time.",
  "plot": null,
  "synopsis": null
}