{
  "imdb_id": "tt3814950",
  "tmdb_id": "338400",
  "douban_id": null,
  "title": "Her Granddaughter (2014)",
  "genres": [
    "Drama"
  ],
  "country": "Japan",
  "version": [
    {
      "runtime": "119 min",
      "description": ""
    }
  ],
  "imdb_rating": 6.4,
  "director": [
    {
      "id": "nm0386382",
      "name": "Ryuichi Hiroki"
    }
  ],
  "writer": [
    {
      "id": "nm6579926",
      "name": "Keiko Nishi",
      "description": "manga"
    },
    {
      "id": "nm1158253",
      "name": "Hiroshi Sait\u00f4",
      "description": "screenplay"
    }
  ],
  "cast": [
    {
      "id": "nm2747232",
      "name": "Sakura And\u00f4",
      "character": ""
    },
    {
      "id": "nm2398082",
      "name": "Erika Asakura",
      "character": ""
    },
    {
      "id": "nm1966152",
      "name": "Nana Eikura",
      "character": ""
    },
    {
      "id": "nm1526504",
      "name": "Mari Hamada",
      "character": ""
    },
    {
      "id": "nm1959217",
      "name": "Mayuko Iwasa",
      "character": ""
    },
    {
      "id": "nm0455816",
      "name": "Hana Kino",
      "character": ""
    },
    {
      "id": "nm1058726",
      "name": "Chiharu Konno",
      "character": ""
    },
    {
      "id": "nm4064242",
      "name": "Tomoya Maeno",
      "character": ""
    },
    {
      "id": "nm1178890",
      "name": "Minami",
      "character": ""
    },
    {
      "id": "nm2888309",
      "name": "Osamu Mukai",
      "character": ""
    },
    {
      "id": "nm0624383",
      "name": "Toshie Negishi",
      "character": ""
    },
    {
      "id": "nm1822437",
      "name": "Motoki Ochiai",
      "character": ""
    },
    {
      "id": "nm6579925",
      "name": "Kentar\u00f4 Sakaguchi",
      "character": ""
    },
    {
      "id": "nm0865806",
      "name": "Yu Tokui",
      "character": ""
    },
    {
      "id": "nm0870317",
      "name": "Etsushi Toyokawa",
      "character": ""
    },
    {
      "id": "nm6442639",
      "name": "Ruka Wakabayashi",
      "character": ""
    }
  ],
  "overview": "Tsugumi Dozono (Nana Eikura) works at a large electronics company in Tokyo. She likes to spend long vacations at her grandmother\u2019s house in the countryside. One day, her grandmother passes away and Tsugumi Dozono decides to live in her grandmother's house while working from home. She finds a strange middle-aged man in the house. The man's name is Jun Kaieda (Etsushi Toyokawa).  Jun Kaieda tells Tsugumi that he is her grandmother\u2019s ex-student and her grandmother gave him a key to the annex house. Tsugumi, who does not know the exact relationship between her grandmother and Jun, begins to live with him.",
  "storyline": "In the wake of her grandmother's death, Tsugumi Dozono, who used to work at a large electronics company in Tokyo, decides to move from to the home her grandmother left behind, in the countryside, and work from home. One day, a mysterious middle-aged man named Jun Kaieda arrives at the home wanting to stay the night. He tells Tsugumi that he is her grandmother's ex-student and her grandmother gave him a key to the annex house. Tsugumi doesn't quite understand the nature of the relationship Kaieda had with her grandmother, but the two begin living together in an awkward arrangement.",
  "plot": null,
  "synopsis": null
}