{
  "imdb_id": "tt3847420",
  "tmdb_id": "298340",
  "douban_id": null,
  "title": "Brincante (2014)",
  "genres": [
    "Documentary"
  ],
  "country": "Brazil",
  "version": [],
  "imdb_rating": 8.4,
  "director": [
    {
      "id": "nm0142504",
      "name": "Walter Carvalho"
    }
  ],
  "writer": [
    {
      "id": "nm2152283",
      "name": "Leonardo Gudel",
      "description": null
    }
  ],
  "cast": [
    {
      "id": "nm6580670",
      "name": "Milton Aires",
      "character": "Pessoa na ciranda"
    },
    {
      "id": "nm6615384",
      "name": "Rosane Almeida",
      "character": ""
    },
    {
      "id": "nm6176901",
      "name": "Roberto Gouvea",
      "character": "Dancer       (as Anderson Gouvea)"
    },
    {
      "id": "nm0639125",
      "name": "Ant\u00f4nio N\u00f3brega",
      "character": ""
    }
  ],
  "overview": "A lyrical look at Antonio N\u00f3brega\u2019s universe. A lifetime\u2019s work that is characterized by the consistent reading of popular culture. A show in which all elements of our culture are mixed together. A musical and visual journey, guided by the characters Jo\u00e1o Sidurino and Rosalina from the plays Brincante and Segundas Hist\u00f3rias.",
  "storyline": "Poetic documentary registring the work of Antonio Nobrega. A genius musician-performer-actor who has base on folcloric and regional tradirions and music.",
  "plot": null,
  "synopsis": null
}