{
  "imdb_id": "tt3892996",
  "tmdb_id": "335573",
  "douban_id": null,
  "title": "Long Story Short (2015)",
  "genres": [
    "Comedy",
    "Drama",
    "Romance"
  ],
  "country": "Denmark",
  "version": [
    {
      "runtime": "100 min",
      "description": ""
    }
  ],
  "imdb_rating": 6.7,
  "director": [
    {
      "id": "nm1392439",
      "name": "May el-Toukhy"
    }
  ],
  "writer": [
    {
      "id": "nm0477622",
      "name": "Maren Louise K\u00e4ehne",
      "description": "writer"
    },
    {
      "id": "nm0477622",
      "name": "Maren Louise K\u00e4ehne",
      "description": null
    },
    {
      "id": "nm1392439",
      "name": "May el-Toukhy",
      "description": "writer"
    },
    {
      "id": "nm1392439",
      "name": "May el-Toukhy",
      "description": null
    }
  ],
  "cast": [
    {
      "id": "nm0499601",
      "name": "Mille Lehfeldt",
      "character": "Ellen"
    },
    {
      "id": "nm0304644",
      "name": "Peter Gantzler",
      "character": "Rolf"
    },
    {
      "id": "nm0245988",
      "name": "Trine Dyrholm",
      "character": "Anette"
    },
    {
      "id": "nm4439530",
      "name": "Danica Curcic",
      "character": "Maya"
    },
    {
      "id": "nm0016850",
      "name": "Jens Albinus",
      "character": "Max"
    },
    {
      "id": "nm7273725",
      "name": "Norma Omega Mengers Andersen",
      "character": "Fillipa"
    },
    {
      "id": "nm6658332",
      "name": "Leonard Georg Antonakakis",
      "character": "Hugo"
    },
    {
      "id": "nm0041522",
      "name": "Nadia Auda",
      "character": "G\u00e6st"
    },
    {
      "id": "nm0049229",
      "name": "Janus Nabil Bakrawi",
      "character": "Adam"
    },
    {
      "id": "nm2422401",
      "name": "Magnus Bruun",
      "character": "Max' bordherre"
    },
    {
      "id": "nm6658333",
      "name": "Victor Skov Dahl Christiansen",
      "character": "Folke"
    },
    {
      "id": "nm7273722",
      "name": "Ingeborg Duus",
      "character": "Rolf & Bolettes mor"
    },
    {
      "id": "nm7273728",
      "name": "Bilal Irshed's Ensemble",
      "character": "Bryllupsband"
    },
    {
      "id": "nm0292911",
      "name": "Tilde Maja Frederiksen",
      "character": "Rebekka"
    },
    {
      "id": "nm1283226",
      "name": "Dya Josefine Hauch",
      "character": "Bolette"
    },
    {
      "id": "nm2711342",
      "name": "Marijana Jankovic",
      "character": "Dina"
    },
    {
      "id": "nm7273726",
      "name": "Kasper \u00d8sterholdt Jensen",
      "character": "Bordherre 2"
    },
    {
      "id": "nm7273723",
      "name": "Angus Linnet",
      "character": "Tvillingebaby 1"
    },
    {
      "id": "nm7273724",
      "name": "Vincent Linnet",
      "character": "Tvillingebaby 2"
    },
    {
      "id": "nm1698934",
      "name": "Laura Ljungdalh",
      "character": "Adams nye k\u00e6reste"
    },
    {
      "id": "nm1412125",
      "name": "Christopher L\u00e6ss\u00f8",
      "character": "Bordherre 1"
    },
    {
      "id": "nm7273727",
      "name": "Anne-Vibeke Mogensen",
      "character": "Sangdame"
    },
    {
      "id": "nm0635262",
      "name": "Ola Rapace",
      "character": "Sebastian"
    },
    {
      "id": "nm4893246",
      "name": "Annika Holm Remmer",
      "character": "Ester"
    },
    {
      "id": "nm3158167",
      "name": "Cecilie Stenspil",
      "character": "Eva"
    }
  ],
  "overview": "The film follows a group of friends and their highs and lows in pursuit of romantic redemption. It takes place over three years and is divided into eight parties : New Year's Eve, one housewarming, Midsummer, a wedding, a surprise party, a name of celebration, anniversary and birthday parties. The friends are all late thirties or early forties. They fought all with their own idea of \u200b\u200bwhat the perfect love really is, and must re-evaluate their perception in the course of history.",
  "storyline": "Long Story Short is the story of Ellen and her friends, all in their late thirties/early forties, and their more or less self-inflicted complications of love and longing for romantic redemption. The story is a summary of three years of love-related highs and lows for the group of friends told through eight chapters, each of them set at a party: a New Year's Eve, a house warming, a Midsummer's Eve, a wedding, a surprise party, a naming ceremony, an anniversary and a round birthday. It is an ensemble story about a group of people who struggle with the conception of the perfect relationship and are bound to re-evaluate their take on what true love is.",
  "plot": null,
  "synopsis": null
}