{
  "imdb_id": "tt3877296",
  "tmdb_id": "339060",
  "douban_id": null,
  "title": "The Cokeville Miracle (2015)",
  "genres": [
    "Drama",
    "Family",
    "History",
    "Mystery",
    "Thriller"
  ],
  "country": "USA",
  "version": [
    {
      "runtime": "94 min",
      "description": ""
    }
  ],
  "imdb_rating": 4.9,
  "director": [
    {
      "id": "nm0002459",
      "name": "T.C. Christensen"
    }
  ],
  "writer": [
    {
      "id": "nm0002459",
      "name": "T.C. Christensen",
      "description": null
    }
  ],
  "cast": [
    {
      "id": "nm1751183",
      "name": "Jasen Wade",
      "character": "Ron Hartley"
    },
    {
      "id": "nm2609077",
      "name": "Sarah Kent",
      "character": "Claudia Hartley"
    },
    {
      "id": "nm4801811",
      "name": "Kimball Stinger",
      "character": "Jason Hartley"
    },
    {
      "id": "nm8267958",
      "name": "Alexa Rae",
      "character": "Cindy Hartley"
    },
    {
      "id": "nm0828654",
      "name": "Nathan Stevens",
      "character": "David Young"
    },
    {
      "id": "nm1720103",
      "name": "Kymberly Mellen",
      "character": "Doris Young"
    },
    {
      "id": "nm1013338",
      "name": "Caitlin E.J. Meyer",
      "character": "Penny Young"
    },
    {
      "id": "nm8055093",
      "name": "Caddis Adams",
      "character": "Katie Walker"
    },
    {
      "id": "nm3537517",
      "name": "Grace Hallows",
      "character": "Rachel Walker"
    },
    {
      "id": "nm4672312",
      "name": "Emily Wadley",
      "character": "Glenna Walker"
    },
    {
      "id": "nm6775345",
      "name": "Chris Clark",
      "character": "Kevin Walker"
    },
    {
      "id": "nm5890053",
      "name": "Skyler M. Day",
      "character": "Heidi Roberts"
    },
    {
      "id": "nm6196130",
      "name": "Karlee Broschinsky",
      "character": "Joanna Metcafe"
    },
    {
      "id": "nm3218960",
      "name": "Koleman Stinger",
      "character": "Travis Walker"
    },
    {
      "id": "nm2506257",
      "name": "Paul D. Hunt",
      "character": "Cunningham"
    },
    {
      "id": "nm4200280",
      "name": "Emily Hallows",
      "character": "Lori Nate Conger"
    },
    {
      "id": "nm5416112",
      "name": "Channon Voyce",
      "character": "Parker"
    },
    {
      "id": "nm0374378",
      "name": "Barta Heiner",
      "character": "Verlene Bennion"
    },
    {
      "id": "nm8267959",
      "name": "Jillette Dayton",
      "character": "Tina Cook"
    },
    {
      "id": "nm0676992",
      "name": "Alan Peterson",
      "character": "Max Excell"
    },
    {
      "id": "nm6475805",
      "name": "Mason D. Davis",
      "character": "Ben Robbins"
    },
    {
      "id": "nm2296618",
      "name": "Liz Christensen",
      "character": "Pat Bennion"
    },
    {
      "id": "nm2348086",
      "name": "Christina Torriente",
      "character": "Nadene Dana       (as Christina Torriente-Robey)"
    },
    {
      "id": "nm8267960",
      "name": "Shaunna Thompson",
      "character": "Gracie Smart"
    },
    {
      "id": "nm8267961",
      "name": "Skye Grace Herzog",
      "character": "Abby Smart"
    },
    {
      "id": "nm0828778",
      "name": "Shawn Stevens",
      "character": "Bishop John Teichert"
    },
    {
      "id": "nm4803152",
      "name": "Anson Bagley",
      "character": "Kam Wixom"
    },
    {
      "id": "nm8267962",
      "name": "Anika De Leeuw",
      "character": "Allyson Cornia"
    },
    {
      "id": "nm4268396",
      "name": "Aiden Beagley",
      "character": "Billy Guy"
    },
    {
      "id": "nm8267963",
      "name": "Kali Garrett",
      "character": "Jennie Sorenson"
    },
    {
      "id": "nm0534423",
      "name": "Rick Macy",
      "character": "Rich Haskell"
    },
    {
      "id": "nm8267964",
      "name": "Nanci Wudel",
      "character": "Janel Dayton"
    },
    {
      "id": "nm5743908",
      "name": "Joshua Cooper",
      "character": "John Miller"
    },
    {
      "id": "nm8267965",
      "name": "Heather Brown",
      "character": "Carol Petersen"
    },
    {
      "id": "nm1489620",
      "name": "Chandra Allen",
      "character": "Kliss Sparks"
    },
    {
      "id": "nm5257056",
      "name": "Matt Hale",
      "character": "Russell Thornock"
    },
    {
      "id": "nm1778335",
      "name": "Ken Eklof",
      "character": "Sherriff Wolfley"
    },
    {
      "id": "nm2763067",
      "name": "Michelle Angela King",
      "character": "News Anchor"
    },
    {
      "id": "nm8267966",
      "name": "Dawn Bollinger",
      "character": "Receptionist"
    },
    {
      "id": "nm0288124",
      "name": "Stephanie Breinholt",
      "character": "High School Principal"
    },
    {
      "id": "nm0650451",
      "name": "Andres Orozco",
      "character": "Spanish TV Reporter"
    },
    {
      "id": "nm8267967",
      "name": "Kam Wixom",
      "character": "EMT"
    },
    {
      "id": "nm8267968",
      "name": "Nikole Bain",
      "character": "EMT"
    },
    {
      "id": "nm6231953",
      "name": "Carlin Hadlock",
      "character": "Church Lady, Mom of Victim"
    },
    {
      "id": "nm6193426",
      "name": "Jessica Hadlock",
      "character": "Elementary student, bombing victim"
    },
    {
      "id": "nm4104456",
      "name": "Lonzo Liggins",
      "character": "Dr. Bitner"
    },
    {
      "id": "nm6634726",
      "name": "Connor James Moore",
      "character": "Bombing Victim"
    },
    {
      "id": "nm4803215",
      "name": "Keaton Stinger",
      "character": "Carson Smart"
    },
    {
      "id": "nm0860704",
      "name": "Shauna Thompson",
      "character": "Gracie Smart"
    }
  ],
  "overview": "On May 9, 1986, a small ranching community in Wyoming experiences a divine intervention when a couple detonates a bomb inside a crowded classroom.",
  "storyline": "On May 16, 1986, in the small, ranching community of Cokeville, Wy, David and Doris Young took an elementary school hostage for several hours before detonating a bomb inside a single classroom that held every teacher and student in the school. In the wake of the madness, Ron Hartley, whose children were inside the classroom, must fight his skepticism and unbelief as he hears eye witness accounts from the students of miraculous, heavenly intervention during the crisis. When tragedy strikes... what do you see?",
  "plot": null,
  "synopsis": null
}