{
  "imdb_id": "tt3854770",
  "tmdb_id": "364136",
  "douban_id": null,
  "title": "The Final Lesson (2015)",
  "genres": [
    "Family"
  ],
  "country": "France",
  "version": [
    {
      "runtime": "105 min",
      "description": ""
    }
  ],
  "imdb_rating": 6.5,
  "director": [
    {
      "id": "nm0693903",
      "name": "Pascale Pouzadoux"
    }
  ],
  "writer": [
    {
      "id": "nm0693903",
      "name": "Pascale Pouzadoux",
      "description": null
    },
    {
      "id": "nm1143183",
      "name": "Laurent de Bartillat",
      "description": null
    }
  ],
  "cast": [
    {
      "id": "nm0897811",
      "name": "Marthe Villalonga",
      "character": "Madeleine"
    },
    {
      "id": "nm0094789",
      "name": "Sandrine Bonnaire",
      "character": "Diane"
    },
    {
      "id": "nm0241383",
      "name": "Antoine Dul\u00e9ry",
      "character": "Pierre"
    },
    {
      "id": "nm0169398",
      "name": "Gilles Cohen",
      "character": "Clovis"
    },
    {
      "id": "nm6622659",
      "name": "Gr\u00e9goire Montana",
      "character": "Max"
    },
    {
      "id": "nm4399136",
      "name": "Sabine Pakora",
      "character": "Victoria"
    },
    {
      "id": "nm5090064",
      "name": "Jonas Dinal",
      "character": "Didid"
    },
    {
      "id": "nm4374048",
      "name": "Xavier Alcan",
      "character": "L'ami"
    },
    {
      "id": "nm0035382",
      "name": "Armelle",
      "character": ""
    },
    {
      "id": "nm5575347",
      "name": "Micha\u00ebl Assi\u00e9",
      "character": ""
    },
    {
      "id": "nm6880030",
      "name": "Christophe Bizet",
      "character": "Roland jeune"
    },
    {
      "id": "nm3146384",
      "name": "Philippe de Monts",
      "character": "Le pompier"
    },
    {
      "id": "nm0301554",
      "name": "Emmanuelle Galabru",
      "character": ""
    },
    {
      "id": "nm0350785",
      "name": "Charles G\u00e9rard",
      "character": "Charly"
    },
    {
      "id": "nm6883173",
      "name": "Juliane Lepoureau",
      "character": "Lou"
    },
    {
      "id": "nm6858835",
      "name": "Sevane Lepoureau",
      "character": "Camille"
    },
    {
      "id": "nm3244313",
      "name": "Roby Schinasi",
      "character": "Christophe"
    }
  ],
  "overview": "Madeleine, 92 years old, decides to set the date and conditions of her departure. By telling her daughter Diane and her son Pierre, she hopes to prepare them as gently as possible to her coming disappearance. But for her children, it\u2019s a chock, and minds are set ablaze. Until the end, Madeleine will keep her dignity, wits, and passion for life as a course of conduct, so she can give them all, and in particular Diane, a touching \u201cfinal lesson\u201d.",
  "storyline": "During her 92 birthday party, Madeleine stunned her kids and grandkids when she told them that she fixed the day she wanted to die.Her intention was to prepare them slowly for her near departure but conflicts start.Only Diane her daughter respects her choice ....",
  "plot": null,
  "synopsis": null
}