{
  "imdb_id": "tt3855834",
  "tmdb_id": "345259",
  "douban_id": null,
  "title": "Musical Chairs (2015)",
  "genres": [
    "Comedy",
    "Drama"
  ],
  "country": "France",
  "version": [
    {
      "runtime": "83 min",
      "description": ""
    }
  ],
  "imdb_rating": 5.6,
  "director": [
    {
      "id": "nm2103509",
      "name": "Marie Belhomme"
    }
  ],
  "writer": [
    {
      "id": "nm2103509",
      "name": "Marie Belhomme",
      "description": "screenplay"
    },
    {
      "id": "nm1098171",
      "name": "Michel Leclerc",
      "description": "screenplay"
    }
  ],
  "cast": [
    {
      "id": "nm0141140",
      "name": "Isabelle Carr\u00e9",
      "character": "Perrine"
    },
    {
      "id": "nm0560962",
      "name": "Carmen Maura",
      "character": "Lucie"
    },
    {
      "id": "nm0714235",
      "name": "Philippe Rebbot",
      "character": "Fabrice Lunel"
    },
    {
      "id": "nm0582889",
      "name": "Nina Meurisse",
      "character": "Sol\u00e8ne"
    },
    {
      "id": "nm5811069",
      "name": "Camille Loubens",
      "character": "Ars\u00e8ne"
    },
    {
      "id": "nm5513146",
      "name": "C\u00e9line Poli",
      "character": "L'infirmi\u00e8re"
    },
    {
      "id": "nm7529949",
      "name": "Christine Defay",
      "character": "La directrice de l'\u00e9cole"
    },
    {
      "id": "nm7493204",
      "name": "Laurent Quere",
      "character": "Manu"
    },
    {
      "id": "nm0241313",
      "name": "Arnaud Dul\u00e9ry",
      "character": "Vendeur \u00e9picerie"
    },
    {
      "id": "nm1594891",
      "name": "Laurence Cordier",
      "character": "Estelle       (voice)"
    },
    {
      "id": "nm7529950",
      "name": "Jean-Baptiste Le Vaillant",
      "character": "Ado \u00e9cole de musique"
    },
    {
      "id": "nm7529951",
      "name": "Nikita Billot",
      "character": "Ado \u00e9cole de musique"
    },
    {
      "id": "nm5878149",
      "name": "Anna Burlot",
      "character": "Ado \u00e9cole de musique"
    },
    {
      "id": "nm7529952",
      "name": "Antonin M\u00e9rault",
      "character": "Ado \u00e9cole de musique"
    },
    {
      "id": "nm7529953",
      "name": "Maxime Sulma",
      "character": "Ado \u00e9cole de musique"
    },
    {
      "id": "nm7529954",
      "name": "F\u00e9licien Girault",
      "character": "Ado \u00e9cole de musique"
    },
    {
      "id": "nm7515948",
      "name": "Antoine Linguinou",
      "character": "Le kin\u00e9"
    },
    {
      "id": "nm6184606",
      "name": "Emmanuelle Hiron",
      "character": "Lola, l'ex de Fabrice"
    },
    {
      "id": "nm7529955",
      "name": "Francisco Ross",
      "character": "Caribou, le mari de Lola"
    },
    {
      "id": "nm0518650",
      "name": "Sabine Londault",
      "character": "Retrait\u00e9e Pauvre Mis\u00e8re"
    },
    {
      "id": "nm7529956",
      "name": "Roland Rebillon",
      "character": "Retrait\u00e9 Pauvre Mis\u00e8re"
    },
    {
      "id": "nm3907270",
      "name": "Denise Dod\u00e9",
      "character": "Retrait\u00e9e Pauvre Mis\u00e8re"
    },
    {
      "id": "nm7529957",
      "name": "Genevi\u00e8ve Penfornis",
      "character": "Retrait\u00e9e Pauvre Mis\u00e8re"
    },
    {
      "id": "nm0418977",
      "name": "Andr\u00e9 Jarril",
      "character": "Retrait\u00e9 Pauvre Mis\u00e8re"
    },
    {
      "id": "nm4445324",
      "name": "Louis Boull\u00e9",
      "character": "Retrait\u00e9 Pauvre Mis\u00e8re"
    },
    {
      "id": "nm0814946",
      "name": "Jacques Sorgniard",
      "character": "Retrait\u00e9 Pauvre Mis\u00e8re"
    },
    {
      "id": "nm7529958",
      "name": "Lola Madec",
      "character": "Petite fille ludoth\u00e8que"
    },
    {
      "id": "nm7529959",
      "name": "Saskia Juigner",
      "character": "Grande fille anniversaire"
    },
    {
      "id": "nm7529960",
      "name": "Fanny Madec",
      "character": ""
    },
    {
      "id": "nm7529961",
      "name": "Maurice Cortyl",
      "character": ""
    },
    {
      "id": "nm7529962",
      "name": "Pierre Belhomme",
      "character": ""
    },
    {
      "id": "nm7529963",
      "name": "Guillaume Monnier",
      "character": ""
    },
    {
      "id": "nm7529964",
      "name": "Thomas Gilbert",
      "character": ""
    },
    {
      "id": "nm7529965",
      "name": "Adrien Gilbert",
      "character": ""
    },
    {
      "id": "nm7529966",
      "name": "Magda Juigner",
      "character": ""
    },
    {
      "id": "nm5049015",
      "name": "Matthieu Kassimo",
      "character": "Le serveur"
    }
  ],
  "overview": null,
  "storyline": "Perrine is a French violinist who plays at kids' birthday parties to make ends meet. As she is on her way to a gig, she gets lost in the countryside and has to stop to ask for help. A man is surprised by her outlandish Darth Vader costume and falls into a tip. Perrine calls for help, then panics and runs. The man is taken to hospital, in a coma. Perrine soon finds out which one! Struggling with feelings of guilt, she decides to visit him every day. The victim is called Fabrice. Perrine breaks into his flat and applies for his job - she even looks after Ars\u00e8ne, his ten-year old son. Perrine has finally found a purpose in life. But what will happen when Fabrice wakes up?...",
  "plot": null,
  "synopsis": null
}