{
  "imdb_id": "tt3867606",
  "tmdb_id": "320000",
  "douban_id": null,
  "title": "Big Father, Small Father and Other Stories (2015)",
  "genres": [
    "Crime",
    "Drama"
  ],
  "country": "Vietnam",
  "version": [
    {
      "runtime": "102 min",
      "description": ""
    }
  ],
  "imdb_rating": 6.4,
  "director": [
    {
      "id": "nm3585286",
      "name": "Di Dang Phan"
    }
  ],
  "writer": [
    {
      "id": "nm3585286",
      "name": "Di Dang Phan",
      "description": null
    }
  ],
  "cast": [
    {
      "id": "nm0229498",
      "name": "Thi Hai Yen Do",
      "character": "Van"
    },
    {
      "id": "nm1283928",
      "name": "Ha Phong Nguyen",
      "character": "Ong Sau (Mr Sau)"
    },
    {
      "id": "nm7520462",
      "name": "Cong Hoang Le",
      "character": "Vu"
    },
    {
      "id": "nm4583659",
      "name": "The Vinh Truong",
      "character": "Thang"
    },
    {
      "id": "nm7520460",
      "name": "Quoc Viet Mai",
      "character": "Tung (Singer)"
    },
    {
      "id": "nm9586818",
      "name": "Van Hoang Truong",
      "character": "Cuong (Worker)"
    },
    {
      "id": "nm1711693",
      "name": "Thi Kieu Trinh Nguyen",
      "character": "Ba Phung (Ms Phung)       (as Kieu Trinh)"
    },
    {
      "id": "nm7520461",
      "name": "Thanh Tu Nguyen",
      "character": "Mai       (as Thanh Tu)"
    },
    {
      "id": "nm9586819",
      "name": "Thi Thanh Truc Nguyen",
      "character": "Huong"
    },
    {
      "id": "nm9586820",
      "name": "Tam Chau The",
      "character": "Binh Boong"
    },
    {
      "id": "nm9586821",
      "name": "Thi Linh Dang Pham",
      "character": "Bo Cuong (Cuong's Girlfriend)"
    },
    {
      "id": "nm9586822",
      "name": "Thi Anh Hong Do",
      "character": "Xuan (Vu's Sister)"
    },
    {
      "id": "nm9586823",
      "name": "Thi Bich Hong Pham",
      "character": "Hong (Vu's Sister)"
    },
    {
      "id": "nm1836665",
      "name": "Jayvee Mai The Hiep",
      "character": "Doctor"
    }
  ],
  "overview": "Saigon in the late nineties. Photography student Vu rents a room in a shared flat. With his brand-new camera, a gift from his father, he explores the people, places and things around him. He is particularly fascinated by his flatmate Thang, a charismatic young man who is at home amongst drug dealers, gamblers and prostitutes in the nightlife of Saigon. Thang introduces Vu to the nightclub dancer Van and they have sex, even though Vu feels more attracted to his friend. One day, another flatmate, a street singer, is mugged. When Vu and Thang hurry to his rescue, they are chased and eventually forced to flee to Vu's village in the Mekong Delta, where his father introduces him to his prospective wife. But Vu has little interest in the girl and instead watches with jealousy as Thang flirts with her ...",
  "storyline": "It is the late nineties, Vietnam is in economic turmoil and overpopulation has sparked political concern. Vu, a photography student, arrives in the sprawling metropolis of Saigon and moves into a slum neighborhood where he meets a mix of eccentric characters including Thang, a charismatic young man, who convinces Vu to get a vasectomy in order receive money from the government.",
  "plot": null,
  "synopsis": null
}