{
  "imdb_id": "tt3863420",
  "tmdb_id": "380671",
  "douban_id": null,
  "title": "Sunset Rock (2016)",
  "genres": [
    "Drama"
  ],
  "country": "USA",
  "version": [
    {
      "runtime": "95 min",
      "description": ""
    }
  ],
  "imdb_rating": 8.6,
  "director": [
    {
      "id": "nm3981660",
      "name": "Marc Wilkinson"
    }
  ],
  "writer": [
    {
      "id": "nm3981660",
      "name": "Marc Wilkinson",
      "description": null
    }
  ],
  "cast": [
    {
      "id": "nm7294082",
      "name": "Andrew Nowak",
      "character": "Lincoln"
    },
    {
      "id": "nm4058927",
      "name": "Megan Baim",
      "character": "Jasey Rae"
    },
    {
      "id": "nm3981660",
      "name": "Marc Wilkinson",
      "character": "Prius Hipster"
    },
    {
      "id": "nm2674058",
      "name": "Mike Lopez",
      "character": "Alexander"
    },
    {
      "id": "nm6540765",
      "name": "Amy Bury",
      "character": "Faye"
    },
    {
      "id": "nm7220598",
      "name": "Jack McDonald",
      "character": "Big Mack"
    },
    {
      "id": "nm5054408",
      "name": "Jeff Harlow",
      "character": "Geoff"
    },
    {
      "id": "nm3161816",
      "name": "Alexandra Kauffman",
      "character": "Party Girl 1"
    },
    {
      "id": "nm5800494",
      "name": "Provvidenza Catalano",
      "character": "Party Girl 2"
    },
    {
      "id": "nm7220599",
      "name": "Kate Hagen",
      "character": "Party Girl 3"
    },
    {
      "id": "nm2110879",
      "name": "Graham Rodgers",
      "character": "Office Dude"
    },
    {
      "id": "nm7220600",
      "name": "Andrew Heder",
      "character": "Bike Cop"
    },
    {
      "id": "nm5136074",
      "name": "Brian Gross",
      "character": "Man at Fountain"
    },
    {
      "id": "nm4059957",
      "name": "Dan Gallun",
      "character": "Danger Dan       (as Daniel Gallun)"
    },
    {
      "id": "nm5349874",
      "name": "Marissa Kai Miluk",
      "character": "Fangirl"
    }
  ],
  "overview": "A coming-of-age film about celebrity worship, love and disillusionment set in the Los Angeles YouTube community.",
  "storyline": "A coming-of-age film about celebrity worship, love and disillusionment set in the Los Angeles YouTube community.",
  "plot": null,
  "synopsis": null
}