{
  "imdb_id": "tt3868570",
  "tmdb_id": "372980",
  "douban_id": null,
  "title": "Gayby (2014)",
  "genres": [
    "Short",
    "Adventure",
    "Family",
    "Fantasy"
  ],
  "country": "Australia",
  "version": [
    {
      "runtime": "7 min",
      "description": ""
    }
  ],
  "imdb_rating": 7.0,
  "director": [
    {
      "id": "nm1812308",
      "name": "Anya Beyersdorf"
    }
  ],
  "writer": [
    {
      "id": "nm1812308",
      "name": "Anya Beyersdorf",
      "description": "writer"
    }
  ],
  "cast": [
    {
      "id": "nm6635996",
      "name": "Logan Kilbey",
      "character": "Roy"
    },
    {
      "id": "nm0940346",
      "name": "David E. Woodley",
      "character": "Dad"
    },
    {
      "id": "nm7992365",
      "name": "Finn Lavelle",
      "character": "Bully"
    },
    {
      "id": "nm7992366",
      "name": "Marvin Bell",
      "character": "Bully"
    },
    {
      "id": "nm7992367",
      "name": "Lachlan Newham",
      "character": "Bully"
    },
    {
      "id": "nm5851057",
      "name": "Gearoid Towey",
      "character": "Roy's Other Dad"
    },
    {
      "id": "nm7992368",
      "name": "Alan Cadogan",
      "character": "Workmate"
    }
  ],
  "overview": "Roy decides karate is the answer to his bully problem, but his Dad can see that what his son needs right now is a champion Boxer.",
  "storyline": "Roy decides karate is the answer to his bully problem, but his Dad can see that what his son needs right now is a champion Boxer.",
  "plot": null,
  "synopsis": null
}