{
  "imdb_id": "tt3984320",
  "tmdb_id": "348069",
  "douban_id": null,
  "title": "Capital C (2014)",
  "genres": [
    "Documentary",
    "News"
  ],
  "country": "Germany",
  "version": [
    {
      "runtime": "87 min",
      "description": ""
    }
  ],
  "imdb_rating": 6.9,
  "director": [
    {
      "id": "nm5016534",
      "name": "Timon Birkhofer"
    },
    {
      "id": "nm6727602",
      "name": "J\u00f8rg M. Kundinger"
    }
  ],
  "writer": [
    {
      "id": "nm5016534",
      "name": "Timon Birkhofer",
      "description": "co-writer"
    },
    {
      "id": "nm6727602",
      "name": "J\u00f8rg M. Kundinger",
      "description": "writer"
    }
  ],
  "cast": [
    {
      "id": "nm5339790",
      "name": "Zach Crain",
      "character": "Himself"
    },
    {
      "id": "nm1834427",
      "name": "Brian Fargo",
      "character": "Himself"
    },
    {
      "id": "nm6731179",
      "name": "Jackson Robinson",
      "character": "Himself"
    }
  ],
  "overview": "Documentary about crowd funding.",
  "storyline": "In just a few years, crowdfunding has empowered a whole new generation of artists to create things in a way that's never been done before. CAPITAL C is the first feature length documentary dedicated to crowdfunding, focusing on the hopes and dreams as well as the fears and pitfalls of independent creators in the wake of the digital age. Over a period of three years, the film is following the endeavors of poker card designer JACKSON ROBINSON, hippie ZACH CRAIN, and video game veteran BRIAN FARGO, all of whom reach out to the crowd in order to change their lives forever: With the unforeseen crowdfunding success of his hand-drawn poker card deck, JACKSON ROBINSON is facing the opportunity to make himself visible as an artist. Soon he has to learn that the fruition of his dream is coming at a price for him and his young family. From the get-go, ZACH CRAIN and his team rely on the crowd to create knitted bottle koozies. However, the hippie attitude of their crowdfunding campaign not only ...",
  "plot": null,
  "synopsis": null
}