{
  "imdb_id": "tt3922474",
  "tmdb_id": "335872",
  "douban_id": null,
  "title": "Killer Crush (TV Movie 2015)",
  "genres": [
    "Thriller"
  ],
  "country": "Canada",
  "version": [
    {
      "runtime": "86 min",
      "description": ""
    }
  ],
  "imdb_rating": 4.9,
  "director": [
    {
      "id": "nm0499095",
      "name": "Anthony Lefresne"
    }
  ],
  "writer": [
    {
      "id": "nm2824824",
      "name": "Corbin Mezner",
      "description": "screenplay"
    },
    {
      "id": "nm0785063",
      "name": "John Serge",
      "description": "screenplay"
    }
  ],
  "cast": [
    {
      "id": "nm0153738",
      "name": "Daveigh Chase",
      "character": "Paige York"
    },
    {
      "id": "nm0731519",
      "name": "Rick Roberts",
      "character": "Dr. Lucas Emery"
    },
    {
      "id": "nm0001607",
      "name": "Sydney Penny",
      "character": "Gabby Emery"
    },
    {
      "id": "nm1234276",
      "name": "Melanie Scrofano",
      "character": "Tayler York"
    },
    {
      "id": "nm6688952",
      "name": "Grace Zanichkowsky",
      "character": "Amy Emery"
    },
    {
      "id": "nm4415900",
      "name": "Zack Peladeau",
      "character": "Craig"
    },
    {
      "id": "nm0317181",
      "name": "Scott Gibson",
      "character": "Dr. Brandon Willis"
    },
    {
      "id": "nm0829767",
      "name": "Rob Stewart",
      "character": "Cameron York"
    },
    {
      "id": "nm0600436",
      "name": "Andrew Moodie",
      "character": "Detective Cullen"
    },
    {
      "id": "nm0785063",
      "name": "John Serge",
      "character": "Lieutenant David"
    },
    {
      "id": "nm2803252",
      "name": "Allison Brennan",
      "character": "Sophia York"
    },
    {
      "id": "nm6702545",
      "name": "Annika Hudgin",
      "character": "Young Paige"
    },
    {
      "id": "nm3034348",
      "name": "Brianna Barnes",
      "character": "Jenny"
    },
    {
      "id": "nm6702546",
      "name": "Heather Mitchell",
      "character": "Grandmother"
    },
    {
      "id": "nm2948351",
      "name": "Richard Roy Sutton",
      "character": "Dive Bar Owner"
    },
    {
      "id": "nm3126834",
      "name": "Daniel Simpson",
      "character": "Detective #1"
    },
    {
      "id": "nm6411633",
      "name": "Jonathan Emond",
      "character": "Student"
    },
    {
      "id": "nm7909604",
      "name": "Amanda Malowney",
      "character": "Young Paige and Young Taylor"
    },
    {
      "id": "nm6196929",
      "name": "Heather Tod Mitchell",
      "character": "Grandmother"
    },
    {
      "id": "nm10441566",
      "name": "Joel Oliver",
      "character": "Minister"
    },
    {
      "id": "nm6158774",
      "name": "Steven Stapledon",
      "character": "Funeral Mourner"
    }
  ],
  "overview": "Paige's crush on her professor takes a twisted turn when she is hired to be the caregiver for his wife who has Multiple Sclerosis.",
  "storyline": "Paige York is a medical student. She's also a very disturbed young woman, reeling from her father's suicide, and living with her sister in a very dysfunctional relationship. All this is about to change, when Doctor Lucas Emery becomes her new teacher - Sexy, smart, charismatic, this is the man of her dreams, the one she's been waiting for - Soon she'll be hired to help with Lucas' sick wife - until she implements her plan to become the new Mrs. Emery. Lucas' and everyone else's lives will spiral out of control as Paige becomes ever more delusional.",
  "plot": null,
  "synopsis": null
}