{
  "imdb_id": "tt3949610",
  "tmdb_id": "291210",
  "douban_id": null,
  "title": "Poriyaalan (2014)",
  "genres": [
    "Drama",
    "Thriller"
  ],
  "country": "India",
  "version": [
    {
      "runtime": "118 min",
      "description": ""
    }
  ],
  "imdb_rating": 6.1,
  "director": [
    {
      "id": "nm6695316",
      "name": "Thanukumar"
    }
  ],
  "writer": [
    {
      "id": "nm5646046",
      "name": "M.S. Manimaran",
      "description": null
    }
  ],
  "cast": [
    {
      "id": "nm6695317",
      "name": "Anandhi",
      "character": "Shanthi"
    },
    {
      "id": "nm0304265",
      "name": "Delhi Ganesh",
      "character": ""
    },
    {
      "id": "nm4945396",
      "name": "Harish Kalyan",
      "character": "Saravanan"
    },
    {
      "id": "nm6695318",
      "name": "Achuta Kumar",
      "character": "Sundar"
    },
    {
      "id": "nm1416319",
      "name": "Mayilsamy",
      "character": ""
    },
    {
      "id": "nm4861046",
      "name": "Aadukalam Naren",
      "character": "(as Narein)"
    },
    {
      "id": "nm0707990",
      "name": "Mohan Raman",
      "character": "Shastri"
    }
  ],
  "overview": "Saravanan starts a construction company with his friend Prabhu, who has put in money that belongs to his employer Sundar, a loan shark and a goonda. When Sundar realizes this, he demands the money back but Saravanan is cheated by a middleman...",
  "storyline": "Civil engineer Saravanan raises funds to buy land and start his own venture. But when he realises that the title is not in his name he also realises that the broker who sold the land is absconding.",
  "plot": null,
  "synopsis": null
}