{
  "imdb_id": "tt3916378",
  "tmdb_id": "328720",
  "douban_id": null,
  "title": "What a Beautiful Surprise (2015)",
  "genres": [
    "Comedy"
  ],
  "country": "Italy",
  "version": [
    {
      "runtime": "91 min",
      "description": ""
    }
  ],
  "imdb_rating": 5.8,
  "director": [
    {
      "id": "nm3500190",
      "name": "Alessandro Genovesi"
    }
  ],
  "writer": [
    {
      "id": "nm3500190",
      "name": "Alessandro Genovesi",
      "description": "written by &"
    },
    {
      "id": "nm4996440",
      "name": "Giovanni Bognetti",
      "description": "written by"
    }
  ],
  "cast": [
    {
      "id": "nm0710520",
      "name": "Galatea Ranzi",
      "character": ""
    },
    {
      "id": "nm1779438",
      "name": "Valentina Lodovini",
      "character": "Giada"
    },
    {
      "id": "nm0025071",
      "name": "Anna Ammirati",
      "character": "Anna"
    },
    {
      "id": "nm0694843",
      "name": "Renato Pozzetto",
      "character": "Giovanni"
    },
    {
      "id": "nm0084241",
      "name": "Claudio Bisio",
      "character": "Claudio"
    },
    {
      "id": "nm6070299",
      "name": "Frank Matano",
      "character": "Paolo"
    },
    {
      "id": "nm3500190",
      "name": "Alessandro Genovesi",
      "character": ""
    },
    {
      "id": "nm0889293",
      "name": "Ornella Vanoni",
      "character": "Carla"
    },
    {
      "id": "nm3374627",
      "name": "Chiara Baschetti",
      "character": "Silvia"
    },
    {
      "id": "nm7947522",
      "name": "Olivier Langhendries",
      "character": ""
    },
    {
      "id": "nm7973117",
      "name": "Franco Pinelli",
      "character": ""
    },
    {
      "id": "nm5055361",
      "name": "Antonio Fiorillo",
      "character": ""
    },
    {
      "id": "nm3616056",
      "name": "Gisella Szaniszl\u00f2",
      "character": ""
    },
    {
      "id": "nm1184589",
      "name": "Enzo Casertano",
      "character": "Portiere"
    },
    {
      "id": "nm3520392",
      "name": "Giovanni Ludeno",
      "character": ""
    },
    {
      "id": "nm5672987",
      "name": "Achille Sabatino",
      "character": ""
    },
    {
      "id": "nm4877669",
      "name": "Anna Ferraioli Ravel",
      "character": ""
    },
    {
      "id": "nm4109271",
      "name": "Maria Bolignano",
      "character": ""
    },
    {
      "id": "nm8338184",
      "name": "Felicia Del Prete",
      "character": ""
    },
    {
      "id": "nm8338182",
      "name": "Annamaria De Matteo",
      "character": ""
    },
    {
      "id": "nm8338185",
      "name": "Greta Giordano",
      "character": ""
    },
    {
      "id": "nm4209744",
      "name": "Luigi D'Oriano",
      "character": ""
    },
    {
      "id": "nm8338183",
      "name": "Giovanni Di Mare",
      "character": ""
    },
    {
      "id": "nm8338181",
      "name": "Gennaro Cuomo",
      "character": "Rotunno"
    }
  ],
  "overview": "What a lovely surprise tells the story of Guido (Claudio Bisio), romantic dreamer and a professor of literature in high school, whose life falls apart when buy the HIS girlfriend, with whom he lives for years, it leaves for another man. Paul (Frank Matano) - Its a former student listless become a physical education teacher - And His best friend and Fara everything to help him to exit from the crisis.",
  "storyline": "A romantic professor Guido is left by his love - his life seems to be pointless. A physical education teacher, his former student tries to help him to go back on track, convincing his parents to move to Naples to be closer to Guido.",
  "plot": "Guido lives in Naples, teaching Italian literature. When his wife leaves him, Guido enters into depression, and even his friend Paolo, a physical education teacher, manages to lift his moral. Everything changes when Guido receives a mysterious visit of a nearby very attractive housewife: Silvia. Immediately the two fall in love; but Silvia is just an imaginary product of Guido's imagination, and what triggers many misunderstandings.",
  "synopsis": null
}