{
  "imdb_id": "tt3909476",
  "tmdb_id": "336303",
  "douban_id": null,
  "title": "Love Struck (2014)",
  "genres": [
    "Comedy",
    "Drama",
    "Romance"
  ],
  "country": "Greece",
  "version": [
    {
      "runtime": "90 min",
      "description": ""
    }
  ],
  "imdb_rating": 6.4,
  "director": [
    {
      "id": "nm0040440",
      "name": "Thodoris Atheridis"
    }
  ],
  "writer": [
    {
      "id": "nm0040440",
      "name": "Thodoris Atheridis",
      "description": "play"
    },
    {
      "id": "nm0040440",
      "name": "Thodoris Atheridis",
      "description": "screenplay"
    },
    {
      "id": "nm0040440",
      "name": "Thodoris Atheridis",
      "description": "story"
    }
  ],
  "cast": [
    {
      "id": "nm0439259",
      "name": "Smaragda Karydi",
      "character": "Anna"
    },
    {
      "id": "nm0900605",
      "name": "Panayiota Vlanti",
      "character": "Natassa"
    },
    {
      "id": "nm0040440",
      "name": "Thodoris Atheridis",
      "character": "Antonis Galimanis"
    },
    {
      "id": "nm0548607",
      "name": "Constantine Markoulakis",
      "character": ""
    },
    {
      "id": "nm0438753",
      "name": "Martha Karagianni",
      "character": ""
    },
    {
      "id": "nm2783253",
      "name": "Giannos Perlegas",
      "character": ""
    },
    {
      "id": "nm2621386",
      "name": "Giorgos Chrysostomou",
      "character": ""
    },
    {
      "id": "nm1937342",
      "name": "Stelios Goutis",
      "character": "Giorgos"
    }
  ],
  "overview": "A love story with unpredictable twists and turns between perception and reality, love and its complications and the faults of human nature, Apo Erota (Lovestruck) is a romantic tale with a twist.",
  "storyline": "Antonis is a firefighter. The story begins two days before his wedding to Natassa, a nurse, when Anna, his ex-girlfriend, visits him out of the blue. The old flame is still going strong. Antonis will not bail out of his wedding with Natassa, even though Anna is obviously very keen to restart the relationship. Things get more complicated when Antonis starts a \"double life\" in his own home. What will happen when Anna shares the same space with Natassa?",
  "plot": null,
  "synopsis": null
}