{
  "imdb_id": "tt3993760",
  "tmdb_id": "395499",
  "douban_id": null,
  "title": "Real Boy (2016)",
  "genres": [
    "Documentary",
    "Family",
    "Music"
  ],
  "country": "USA",
  "version": [
    {
      "runtime": "72 min",
      "description": ""
    }
  ],
  "imdb_rating": 4.4,
  "director": [
    {
      "id": "nm3717429",
      "name": "Shaleece Haas"
    }
  ],
  "writer": null,
  "cast": null,
  "overview": "REAL BOY is the coming-of-age story of Bennett Wallace, a transgender teenager on a journey to find his voice-as a musician, a friend, a son, and a man. As he navigates the ups and downs of young adulthood, Bennett works to gain the love and support of his mother, who has deep misgivings about her child's transition. Along the way, he forges a powerful friendship with his idol, Joe Stevens, a celebrated transgender musician with his own demons to fight.",
  "storyline": "REAL BOY is an intimate story of a family in transition. As 19-year-old Bennett Wallace navigates early sobriety, late adolescence, and the evolution of his gender identity, his mother makes her own transformation from resistance to acceptance of her trans son. Along the way, both mother and son find support in their communities, reminding us that families are not only given, but chosen.",
  "plot": null,
  "synopsis": null
}