{
  "imdb_id": "tt3977806",
  "tmdb_id": "326270",
  "douban_id": null,
  "title": "WAX: We Are the X (2015)",
  "genres": [
    "Adventure",
    "Romance",
    "Thriller"
  ],
  "country": "Italy",
  "version": [
    {
      "runtime": "103 min",
      "description": ""
    }
  ],
  "imdb_rating": 6.2,
  "director": [
    {
      "id": "nm3077841",
      "name": "Lorenzo Corvino"
    }
  ],
  "writer": [
    {
      "id": "nm3077841",
      "name": "Lorenzo Corvino",
      "description": "story"
    },
    {
      "id": "nm3077841",
      "name": "Lorenzo Corvino",
      "description": "writer"
    }
  ],
  "cast": [
    {
      "id": "nm3227044",
      "name": "Gwendolyn Gourvenec",
      "character": "Joelle Bernard"
    },
    {
      "id": "nm1453217",
      "name": "Davide Paganini",
      "character": "Livio Nesi"
    },
    {
      "id": "nm3011259",
      "name": "Jacopo Maria Bicocchi",
      "character": "Dario Cervi"
    },
    {
      "id": "nm0000442",
      "name": "Rutger Hauer",
      "character": "Aron Mulder"
    },
    {
      "id": "nm0000852",
      "name": "Jean-Marc Barr",
      "character": "Jean-Christophe Touchalier"
    },
    {
      "id": "nm0719956",
      "name": "Andrea Renzi",
      "character": "Saverio"
    },
    {
      "id": "nm2811550",
      "name": "Lily Bloom",
      "character": "Lily Bloom"
    },
    {
      "id": "nm6720832",
      "name": "Claudia Gallo",
      "character": "Anne"
    },
    {
      "id": "nm1387232",
      "name": "Andrea Sartoretti",
      "character": "Giornalista"
    },
    {
      "id": "nm6720831",
      "name": "Muriel Gandois",
      "character": "Sarah"
    },
    {
      "id": "nm6720834",
      "name": "Mathieu Intikalau",
      "character": "Poliziotto"
    },
    {
      "id": "nm3531446",
      "name": "Francesca Ritrovato",
      "character": "Claire"
    },
    {
      "id": "nm1230125",
      "name": "Matteo Albano",
      "character": "Uomo nella suite"
    },
    {
      "id": "nm5672628",
      "name": "Barbara Laurent",
      "character": "La chanteuse"
    }
  ],
  "overview": "A mysterious video falls into the hands of a troupe of reporters following an accident involving three thirty-something year olds \u2013 two men and a woman. The video chronicles the lives of the trio one week prior, during their road-trip through the French Riviera to shoot a commercial. Shot in the style of found footage \u2013 sometimes with an iPhone \u2013 this innovative film touts itself as the first \u201cselfie\u201d movie. But, this isn\u2019t a cheeky jab at today\u2019s culture of obsessive self-documentation. Director Lorenzo Corvino\u2019s debut film was born out of a desire to capture the spirit and frustrations of Generation X, the post baby boomers who inherited the economic crisis of the prior generation and who now struggle to compete with the increasingly tech-savvy younger generations. - Vivian Yuen",
  "storyline": "A troupe of reporters is given a video by a mysterious someone. The video is the proof left by three thirty-something, two men and a woman, of a road trip on the French Riviera, the chronicle of a week to complete an assignment before they are involved in an accident. The three share the destiny of a doomed generation.",
  "plot": "Max, a Malinois used to help U.S. Marines in Afghanistan, is handled by Kyle Wincott (Robbie Amell) (Marine MWD). Kyle is questioned when weapons seized by his squad go missing. Realizing his friend Tyler Harne (Luke Kleintank) is among those involved with the shady dealings, he warns Tyler that he cannot cover for him. The two then go into the battlefield with their squad, with Max on point. While advancing on a suicide bomber, Max is injured by an explosion. In the ensuing gunfight, Kyle is shot and killed.\n\nKyle's brother Justin (Josh Wiggins), who makes money selling illegally copied video games, their mother Pamela (Lauren Graham) and their father Ray (Thomas Haden Church) are informed of his death. After Kyle's body is brought home for burial, the other Marines notice that Max is only calm when he is around Justin, apparently sensing that he is Kyle's brother. The family adopts the dog, who would otherwise be euthanized for his disturbed behavior. Justin initially wants little to do with Max but eventually warms up to him. While meeting up with his friend Chuy (Dejon LaQuake), Justin meets Chuy's cousin Carmen (Mia Xitlali), who offers to go to his house and show him some handling tricks for Max. Little by little, Max's behavior improves around other people.\n\nTyler visits the Wincott's one evening, provoking an aggressive response by Max. Later, after the Fourth of July, Ray asks Tyler on what really happened. Tyler implies that Max turned on Kyle and caused him to discharge his weapon on himself, leading to his death. Justin decides to investigate the matter. Calling on one of Kyle's old friends, Sergeant Reyes, for help, he is given a DVD of Kyle training Max that moves him to tears.\n\nLater, Justin is approached by Chuy's other cousin Emilio (Joseph Julian Soria), a cartel member, who presses him over a video game bootleg. Afterwards, Justin and Max follow Emilio into the woods, where they secretly observe a meeting between cartel members and Tyler, who tries selling stolen weapons to them. The cartel's dogs sense Max and run after him. Max fights them off, severely wounding one of the dogs, while Justin runs away and leaves his bike behind. When he gets home, he finds Tyler and Stack, the cartel's dog handler, who was injured in the melee. Feigning innocence, they accuse Max of doing harm and demand his euthanization.\n\nMax is taken by animal control officers but escapes. Meanwhile, Ray catches Tyler making a business deal with the cartel but is held hostage by Emilio. Max makes it home and leads Justin, Chuy, and Carmen into the woods to rescue Ray. Confronting the cartel, they incapacitate Emilio and the last cartel dog and rescue Ray. Tyler and Stack chase after Justin and Ray, but Stack is killed after crashing his off-road pickup truck. Tyler corners Justin at a damaged bridge, but is attacked by Max. The two are knocked over the side of the bridge; while Tyler is killed by the fall, Max survives.\n\nThe family welcomes Max into their home. After Justin and Max visit Kyle's grave, they invite Chuy and Carmen over for dinner.\n\nThe start of the credits shows real photos of war dogs and trainers in many wars. Then it shows a statue of a war dog.",
  "synopsis": null
}