{
  "imdb_id": "tt4015700",
  "tmdb_id": "347232",
  "douban_id": null,
  "title": "Adora (2015)",
  "genres": [
    "Drama",
    "Family",
    "Romance"
  ],
  "country": "USA",
  "version": [
    {
      "runtime": "96 min",
      "description": ""
    }
  ],
  "imdb_rating": null,
  "director": [
    {
      "id": "nm4994905",
      "name": "Austeen Eboka"
    }
  ],
  "writer": [
    {
      "id": "nm6751313",
      "name": "Dianne Diaz",
      "description": "story"
    },
    {
      "id": "nm6751313",
      "name": "Dianne Diaz",
      "description": "writer"
    },
    {
      "id": "nm6751313",
      "name": "Dianne Diaz",
      "description": null
    },
    {
      "id": "nm4994905",
      "name": "Austeen Eboka",
      "description": null
    }
  ],
  "cast": [
    {
      "id": "nm6899175",
      "name": "Paul Asher-t",
      "character": "Andrew"
    },
    {
      "id": "nm6899176",
      "name": "Sira Bah",
      "character": "Charlotte"
    },
    {
      "id": "nm6899185",
      "name": "Andre' Bordie",
      "character": "Prison officer"
    },
    {
      "id": "nm5765069",
      "name": "Lee Buechele",
      "character": "Attorney"
    },
    {
      "id": "nm4802028",
      "name": "Dianne Diaz",
      "character": "Candy"
    },
    {
      "id": "nm6899179",
      "name": "Joe Diaz",
      "character": "David"
    },
    {
      "id": "nm5356129",
      "name": "Ross Fleming",
      "character": "Richard"
    },
    {
      "id": "nm6751310",
      "name": "Bridget John",
      "character": "Adora"
    },
    {
      "id": "nm6899178",
      "name": "Kamaria Jones",
      "character": "Joy"
    },
    {
      "id": "nm5575710",
      "name": "Richard Lanford",
      "character": "Chuck"
    },
    {
      "id": "nm6899184",
      "name": "Jean-m Lauture",
      "character": "Store manager"
    },
    {
      "id": "nm4963507",
      "name": "Courtney Lane Maki",
      "character": "Paula"
    },
    {
      "id": "nm1436738",
      "name": "Valentine Ndubisi",
      "character": "Police officer 1"
    },
    {
      "id": "nm1394480",
      "name": "Jan Nelson",
      "character": "Gladys       (as Jan Mary Nelson)"
    },
    {
      "id": "nm4798012",
      "name": "Ladarian Raymond",
      "character": "Micheal"
    },
    {
      "id": "nm4295995",
      "name": "Amaris L. Samuel",
      "character": "Jennifer"
    },
    {
      "id": "nm6899177",
      "name": "Deborah Smalling",
      "character": "Felicia"
    },
    {
      "id": "nm6899183",
      "name": "Shola Souza",
      "character": "Police officer 2"
    },
    {
      "id": "nm6855678",
      "name": "Sarah Spicer",
      "character": "Lucy"
    },
    {
      "id": "nm6899182",
      "name": "Agatha Wilson",
      "character": "Kid 2"
    },
    {
      "id": "nm6899181",
      "name": "Allie Wilson",
      "character": "Kid 1"
    }
  ],
  "overview": "A tale of a vulnerable, unsuspecting woman on a trail of rebuilding her shattered life.",
  "storyline": "CONQUERING WOES AFTER BEING USED, ABUSED AND ACCUSED. A tale of a vulnerable, unsuspecting woman on a trail of rebuilding her shattered life.",
  "plot": null,
  "synopsis": null
}