{
  "imdb_id": "tt4079944",
  "tmdb_id": "334718",
  "douban_id": null,
  "title": "The Heart and the Sweetheart (2014)",
  "genres": [
    "Drama"
  ],
  "country": "Poland",
  "version": [
    {
      "runtime": "114 min",
      "description": ""
    }
  ],
  "imdb_rating": 6.8,
  "director": [
    {
      "id": "nm0464383",
      "name": "Jan Jakub Kolski"
    }
  ],
  "writer": [
    {
      "id": "nm0464383",
      "name": "Jan Jakub Kolski",
      "description": null
    }
  ],
  "cast": [
    {
      "id": "nm6811652",
      "name": "Marysia Blandzi",
      "character": "Maszenka"
    },
    {
      "id": "nm1717476",
      "name": "Julia Kijowska",
      "character": "Kordula"
    },
    {
      "id": "nm0233949",
      "name": "Marcin Dorocinski",
      "character": "Mirek"
    },
    {
      "id": "nm1323745",
      "name": "Gabriela Muskala",
      "character": "Basienka"
    },
    {
      "id": "nm0844371",
      "name": "Borys Szyc",
      "character": "Priest Pietryga"
    },
    {
      "id": "nm0464738",
      "name": "Maja Komorowska",
      "character": "Madame Lisiecka"
    },
    {
      "id": "nm0669813",
      "name": "Franciszek Pieczka",
      "character": "Droselmajer"
    },
    {
      "id": "nm2007867",
      "name": "Lidia Bogacz",
      "character": "Director of the children's home       (as Lidia Bogacz\u00f3wna)"
    },
    {
      "id": "nm0162057",
      "name": "Wieslaw Cichy",
      "character": ""
    },
    {
      "id": "nm2717675",
      "name": "Aleksander Fialek",
      "character": "Policeman Henio"
    },
    {
      "id": "nm3315938",
      "name": "Milena Lisiecka",
      "character": ""
    },
    {
      "id": "nm6013853",
      "name": "Irena Melcer",
      "character": ""
    },
    {
      "id": "nm0667991",
      "name": "Boguslawa Pawelec",
      "character": "Kordula's Mother"
    },
    {
      "id": "nm1755810",
      "name": "Monika Pikula",
      "character": "Washer"
    },
    {
      "id": "nm3191238",
      "name": "Leszek Zukowski",
      "character": ""
    }
  ],
  "overview": "A story, warm and full of humor, about Maszenka, an 11-year-old girl from an orphanage in the Bieszczady Mountains who loves ballet. The first stage on her road to fulfilling her dream is the entrance exam to the ballet school in Gdansk. To make it there in time, she escapes from the orphanage, taking newly hired educator Kordula with her. They travel all the way across Poland, hiding from the police and meeting people who help them in need.",
  "storyline": "A story, warm and full of humor, about Maszenka, an 11-year-old girl from an orphanage in the Bieszczady Mountains who loves ballet. The first stage on her road to fulfilling her dream is the entrance exam to the ballet school in Gdansk. To make it there in time, she escapes from the orphanage, taking newly hired educator Kordula with her. They travel all the way across Poland, hiding from the police and meeting people who help them in need.",
  "plot": null,
  "synopsis": null
}