{
  "imdb_id": "tt4067720",
  "tmdb_id": "413498",
  "douban_id": null,
  "title": "Petecuy, La Pel\u00edcula (2014)",
  "genres": [
    "Drama",
    "Thriller"
  ],
  "country": "Colombia",
  "version": [
    {
      "runtime": "78 min",
      "description": ""
    }
  ],
  "imdb_rating": null,
  "director": [
    {
      "id": "nm6800033",
      "name": "Oscar Hincapie Mahecha"
    }
  ],
  "writer": [
    {
      "id": "nm6800033",
      "name": "Oscar Hincapie Mahecha",
      "description": "writer"
    }
  ],
  "cast": [
    {
      "id": "nm3752826",
      "name": "Mauricio Bastidas",
      "character": "Chancleta"
    },
    {
      "id": "nm0259786",
      "name": "Crist\u00f3bal Erraz\u00fariz",
      "character": "Donal"
    },
    {
      "id": "nm6523018",
      "name": "Diego Garzon Flores",
      "character": "Borne"
    },
    {
      "id": "nm8669166",
      "name": "Vanessa Hernandez",
      "character": "Salome"
    },
    {
      "id": "nm7587340",
      "name": "Hector Lucumi",
      "character": "Gorduales"
    },
    {
      "id": "nm0602264",
      "name": "C\u00e9sar Mora",
      "character": "El Director"
    },
    {
      "id": "nm8669167",
      "name": "Abraham Villada",
      "character": "Caremuneca"
    }
  ],
  "overview": null,
  "storyline": "In search of a financial backing, a director pitches the movie he wants to make to a group of potential investors. He intends to document on location the process of disarming and disbanding the youth gangs in Petecuy, one of the Colombia's most dangerous neighborhoods. Heading up the disarmament is process is Catholic priest Father Edilson Huerfano, his position puts him at odds with to Donal, the mafia boss in the area whose power reaches deep into the establishment. The film takes the spectator into distinct realities that are constantly closing in and reducing the fine line between fact and fiction.",
  "plot": null,
  "synopsis": null
}