{
  "imdb_id": "tt4067596",
  "tmdb_id": "397826",
  "douban_id": null,
  "title": "The Tentmakers of Cairo (2015)",
  "genres": [
    "Documentary",
    "News"
  ],
  "country": "Australia",
  "version": [
    {
      "runtime": "100 min",
      "description": ""
    }
  ],
  "imdb_rating": 7.1,
  "director": [
    {
      "id": "nm5657985",
      "name": "Kim Beamish"
    }
  ],
  "writer": [
    {
      "id": "nm6799860",
      "name": "Kim Beamish",
      "description": "writer"
    }
  ],
  "cast": null,
  "overview": "Amid the tumult of the Arab Spring in Cairo, vendors in a small souk observe the political upheaval while seeking to preserve an ancient tradition of fabric making.",
  "storyline": "Filmed over three years, 'The Tentmakers of Cairo' tells the story of Egypt's struggle with democracy through the lives of a small community of artists striving to maintain their ancient art form. A feature length documentary with unprecedented access to a small Egyptian community located in the heart of Old Islamic Cairo. The story spans three turbulent years, from Egypt's 25th January 2011 revolution through to the June 2014 election of Abdel Fatah al Sisi as President of the Arab Republic of Egypt. It is a story of Egypt's revolution and the ongoing turmoil through the eyes of ordinary Egyptians who are not only struggling to maintain their culture, but also simply trying to survive.",
  "plot": null,
  "synopsis": null
}