{
  "imdb_id": "tt4085084",
  "tmdb_id": "329815",
  "douban_id": null,
  "title": "Disorder (2015)",
  "genres": [
    "Drama",
    "Thriller"
  ],
  "country": "France",
  "version": [
    {
      "runtime": "98 min",
      "description": ""
    }
  ],
  "imdb_rating": 6.2,
  "director": [
    {
      "id": "nm1356951",
      "name": "Alice Winocour"
    }
  ],
  "writer": [
    {
      "id": "nm1356951",
      "name": "Alice Winocour",
      "description": "written by and"
    },
    {
      "id": "nm0111379",
      "name": "Jean-St\u00e9phane Bron",
      "description": "in collaboration with"
    }
  ],
  "cast": [
    {
      "id": "nm0774386",
      "name": "Matthias Schoenaerts",
      "character": "Vincent"
    },
    {
      "id": "nm1208167",
      "name": "Diane Kruger",
      "character": "Jessie"
    },
    {
      "id": "nm5524273",
      "name": "Paul Hamy",
      "character": "Denis"
    },
    {
      "id": "nm7334568",
      "name": "Za\u00efd Errougui-Demonsant",
      "character": "Ali"
    },
    {
      "id": "nm2046639",
      "name": "Percy Kemp",
      "character": "Imad Whalid"
    },
    {
      "id": "nm4409325",
      "name": "Victor Pontecorvo",
      "character": "Tom"
    },
    {
      "id": "nm4292635",
      "name": "Micha\u00ebl Dauber",
      "character": "Kevin       (as Micha\u00ebl Daubert)"
    },
    {
      "id": "nm7334569",
      "name": "Franck Torrecillas",
      "character": "Franck"
    },
    {
      "id": "nm7334570",
      "name": "Chems Eddine",
      "character": "Tarik"
    },
    {
      "id": "nm5658585",
      "name": "Philippe Haddad",
      "character": "Pierre Duroy"
    },
    {
      "id": "nm0183430",
      "name": "Jean-Louis Coulloc'h",
      "character": "Le m\u00e9decin militaire"
    },
    {
      "id": "nm1307681",
      "name": "Hubert Rollet",
      "character": "Examinateur test auditif"
    },
    {
      "id": "nm0353078",
      "name": "Rachid Hafassa",
      "character": "Hassin"
    },
    {
      "id": "nm0529642",
      "name": "David L\u00e9otard",
      "character": "Dimitri       (as David Colombo)"
    },
    {
      "id": "nm7647245",
      "name": "Rabia Elatache",
      "character": "Souad"
    },
    {
      "id": "nm7647246",
      "name": "Arthur Vercken",
      "character": "Avocat Imad"
    },
    {
      "id": "nm5367437",
      "name": "Serge Michel",
      "character": "Conseiller politique"
    },
    {
      "id": "nm6758577",
      "name": "Ana\u00efs Couette",
      "character": "Conseill\u00e8re politique"
    },
    {
      "id": "nm6664496",
      "name": "Christian Bianchi",
      "character": "Homme Tarik 1"
    },
    {
      "id": "nm7647247",
      "name": "Christophe Lefranc",
      "character": "Homme Tarik 2"
    },
    {
      "id": "nm7647248",
      "name": "Alain Lazzoun",
      "character": "Policier interrogatoire Vincent"
    },
    {
      "id": "nm2810232",
      "name": "Fabien Ba\u00efardi",
      "character": "Policier interrogatoire Jessie"
    }
  ],
  "overview": "An ex-soldier with PTSD is hired to protect the wife and child of a wealthy Lebanese businessman while he's out of town.",
  "storyline": "Vincent Loreau (Matthias Schoenaerts), a French Special Forces soldier just back from Afghanistan, is suffering from Post-Traumatic Stress Disorder. He is hired to ensure the safety of Jessie, the wife of a wealthy Lebanese businessman in his \"Maryland\" property in the South of France. While he feels a strange fascination for the woman he must protect, Vincent is prone to anxiety and hallucinations. Despite the apparent tranquility on \"Maryland\", Vincent perceives an external threat...",
  "plot": "Vincent (Matthias Schoenaerts), is an ex-soldier suffering from post-traumatic stress disorder after returning from Afghanistan. He is hired to protect the wife of a wealthy businessman while he's out of town, at their luxurious villa, Maryland, on the French Riviera.",
  "synopsis": null
}