{
  "imdb_id": "tt4050660",
  "tmdb_id": "342140",
  "douban_id": null,
  "title": "Hybris (2015)",
  "genres": [
    "Horror",
    "Mystery",
    "Thriller"
  ],
  "country": "Italy",
  "version": [
    {
      "runtime": "83 min",
      "description": ""
    }
  ],
  "imdb_rating": 5.1,
  "director": [
    {
      "id": "nm6783989",
      "name": "Giuseppe Francesco Maione"
    }
  ],
  "writer": [
    {
      "id": "nm4652357",
      "name": "Tommaso Arnaldi",
      "description": "story"
    },
    {
      "id": "nm4652357",
      "name": "Tommaso Arnaldi",
      "description": "writer"
    }
  ],
  "cast": [
    {
      "id": "nm4652357",
      "name": "Tommaso Arnaldi",
      "character": "Marco"
    },
    {
      "id": "nm3519225",
      "name": "Claudia Genolini",
      "character": "Penny"
    },
    {
      "id": "nm3080119",
      "name": "Lorenzo Richelmy",
      "character": "Fabio"
    },
    {
      "id": "nm3900101",
      "name": "Guglielmo Scilla",
      "character": "Alessio"
    }
  ],
  "overview": null,
  "storyline": "To grant the last wish of their dearest friend, three boys and a girl spend one night in an old, empty house in the woods. Their lives are bound by a murky past. The sudden and inexplicable disappearance of both doors and windows will force them to deal with grievances hoarded over the years, starting a massacre game which will cost them more than just a sleepless night.",
  "plot": null,
  "synopsis": null
}