{
  "imdb_id": "tt4084056",
  "tmdb_id": "369770",
  "douban_id": null,
  "title": "The Sense of Wonder (2015)",
  "genres": [
    "Comedy",
    "Drama",
    "Romance"
  ],
  "country": "France",
  "version": [
    {
      "runtime": "100 min",
      "description": ""
    }
  ],
  "imdb_rating": 6.8,
  "director": [
    {
      "id": "nm0078704",
      "name": "\u00c9ric Besnard"
    }
  ],
  "writer": [
    {
      "id": "nm0078704",
      "name": "\u00c9ric Besnard",
      "description": "screenplay"
    }
  ],
  "cast": [
    {
      "id": "nm1812637",
      "name": "Virginie Efira",
      "character": "Louise Legrand"
    },
    {
      "id": "nm3118835",
      "name": "Benjamin Lavernhe",
      "character": "Pierre       (as Benjamin Lavernhe de la Com\u00e9die Fran\u00e7aise)"
    },
    {
      "id": "nm6507860",
      "name": "Lucie Fagedet",
      "character": "Emma Legrand"
    },
    {
      "id": "nm6368502",
      "name": "L\u00e9o Lorl\u00e9ac'h",
      "character": "F\u00e9lix Legrand"
    },
    {
      "id": "nm0682634",
      "name": "Herv\u00e9 Pierre",
      "character": "Jules"
    },
    {
      "id": "nm0007814",
      "name": "Hiam Abbass",
      "character": "Dr. M\u00e9lanie Ferenza"
    },
    {
      "id": "nm0060780",
      "name": "Laurent Bateau",
      "character": "Paul"
    },
    {
      "id": "nm2138423",
      "name": "Natalie Beder",
      "character": "La jeune femme librairie       (as Nathalie Beder)"
    },
    {
      "id": "nm1057100",
      "name": "France Darry",
      "character": "La cliente march\u00e9"
    },
    {
      "id": "nm0580985",
      "name": "Valentin Merlet",
      "character": "Le banquier"
    },
    {
      "id": "nm2910150",
      "name": "Fran\u00e7ois Bureloup",
      "character": "Le patron du bar"
    },
    {
      "id": "nm0012495",
      "name": "Franck Adrien",
      "character": "L'aide-soignant"
    },
    {
      "id": "nm3477621",
      "name": "Julien Ratel",
      "character": "Le livreur de fleurs"
    },
    {
      "id": "nm4828385",
      "name": "St\u00e9phane di Spirito",
      "character": "Le 1er client march\u00e9"
    },
    {
      "id": "nm7804621",
      "name": "Alain Gressot",
      "character": "Le 2e client march\u00e9"
    },
    {
      "id": "nm0885375",
      "name": "Christian Valsamidis",
      "character": "Le chanteur karaok\u00e9"
    }
  ],
  "overview": "Louise, a widow with two children, almost crushes a stranger with her car. She takes care of him, even if he's not really wounded. It turns out that he has mental disorders and that they can help each other much more than they thought.",
  "storyline": "Louise, a widow with two children, almost crushes a stranger with her car. She takes care of him, even if he's not really wounded. It turns out that he has mental disorders and that they can help each other much more than they thought.",
  "plot": null,
  "synopsis": null
}