{
  "imdb_id": "tt4063314",
  "tmdb_id": "306598",
  "douban_id": null,
  "title": "My Love, Don't Cross That River (2014)",
  "genres": [
    "Documentary",
    "Drama",
    "Romance"
  ],
  "country": "South Korea",
  "version": [
    {
      "runtime": "86 min",
      "description": ""
    }
  ],
  "imdb_rating": 7.9,
  "director": [
    {
      "id": "nm6795452",
      "name": "Mo-young Jin"
    }
  ],
  "writer": [
    {
      "id": "nm6795452",
      "name": "Mo-young Jin",
      "description": "writer"
    }
  ],
  "cast": [
    {
      "id": "nm8179439",
      "name": "Byeong-man Jo",
      "character": "Himself"
    },
    {
      "id": "nm8179440",
      "name": "Gye-yeol Kang",
      "character": "Herself"
    }
  ],
  "overview": "There live a couple known as \u2018100-year-old lovebirds\u2019. As fairy tale's characters, the husband is strong like a  woodman, and the wife is full of charms like a princess. They dearly love each other wearing Korean traditional clothes all the time, and still fall asleep hand in hand. However, the death, quietly and like a thief, sit between them. This film starts from this moment, and follows the last moments of 76 years of their marriage.",
  "storyline": "A couple who have lived together for 76 years faces the last moment of their marriage.",
  "plot": null,
  "synopsis": null
}