{
  "imdb_id": "tt4180724",
  "tmdb_id": "363361",
  "douban_id": null,
  "title": "Myrna the Monster (2015)",
  "genres": [
    "Short",
    "Comedy"
  ],
  "country": "USA",
  "version": [
    {
      "runtime": "14 min",
      "description": ""
    }
  ],
  "imdb_rating": 8.8,
  "director": [
    {
      "id": "nm3859682",
      "name": "Ian Samuels"
    }
  ],
  "writer": [
    {
      "id": "nm3859682",
      "name": "Ian Samuels",
      "description": "writer"
    }
  ],
  "cast": [
    {
      "id": "nm5874048",
      "name": "Lorenz Arnell",
      "character": "Jj"
    },
    {
      "id": "nm2443134",
      "name": "Lauren Bair",
      "character": "Jenny"
    },
    {
      "id": "nm1877376",
      "name": "Diane Chernansky",
      "character": "Support Group"
    },
    {
      "id": "nm3277743",
      "name": "Fabian Euresti",
      "character": "Support Group Alien"
    },
    {
      "id": "nm0360213",
      "name": "Kathleen Hanna",
      "character": "Myrna       (voice)"
    },
    {
      "id": "nm3273605",
      "name": "Stacia Hitt",
      "character": "Lykki dancer"
    },
    {
      "id": "nm2460313",
      "name": "Sulinh Lafontaine",
      "character": "Laundromat Worker"
    },
    {
      "id": "nm2076630",
      "name": "Andrew Lush",
      "character": "Gay Cruiser"
    },
    {
      "id": "nm2175285",
      "name": "Dan Magro",
      "character": "Grindr Guy"
    },
    {
      "id": "nm4671861",
      "name": "Hunter McClamrock",
      "character": "Dave"
    },
    {
      "id": "nm5979747",
      "name": "Jos McKain",
      "character": "Orion"
    },
    {
      "id": "nm3667977",
      "name": "Christopher James Meyers",
      "character": "Gunner"
    },
    {
      "id": "nm6896770",
      "name": "Nathaniel Thomas Murray",
      "character": "Blane"
    },
    {
      "id": "nm2678473",
      "name": "Heidi Niedermeyer",
      "character": "Shelly"
    },
    {
      "id": "nm2396853",
      "name": "Ashley Platz",
      "character": "Yoga Instructor"
    },
    {
      "id": "nm1361549",
      "name": "Bobby R. Poirier",
      "character": "Cruiser       (as Bob Poirier)"
    },
    {
      "id": "nm2474680",
      "name": "Jake Rice",
      "character": "Moon Lover       (voice)"
    },
    {
      "id": "nm6896765",
      "name": "Chris Rockaway",
      "character": "Pornstar"
    },
    {
      "id": "nm0742328",
      "name": "Sarah Rosenberg",
      "character": "Support Group"
    },
    {
      "id": "nm3938733",
      "name": "Jose A. Solorio",
      "character": "Support Group"
    },
    {
      "id": "nm3782899",
      "name": "David Truax",
      "character": "Auditioner"
    },
    {
      "id": "nm0947662",
      "name": "Victor Yerrid",
      "character": "Myrna"
    },
    {
      "id": "nm4917425",
      "name": "Ashley Yuen",
      "character": "Support Group"
    },
    {
      "id": "nm4943249",
      "name": "Ellen Yuen",
      "character": "Support Group"
    }
  ],
  "overview": "A heart-broken alien dreamer from the moon transitions into adult life in Los Angeles like any other 20-something.",
  "storyline": "A heart-broken alien dreamer from the moon transitions into adult life in Los Angeles like any other 20-something.",
  "plot": null,
  "synopsis": null
}