{
  "imdb_id": "tt4168470",
  "tmdb_id": "327447",
  "douban_id": null,
  "title": "Stubborn (2015)",
  "genres": [
    "Comedy",
    "Drama",
    "Romance"
  ],
  "country": "France",
  "version": [
    {
      "runtime": "86 min",
      "description": ""
    }
  ],
  "imdb_rating": 5.7,
  "director": [
    {
      "id": "nm1802173",
      "name": "Armel Hostiou"
    }
  ],
  "writer": [
    {
      "id": "nm2451507",
      "name": "Lea Cohen",
      "description": "co-writer"
    },
    {
      "id": "nm6900887",
      "name": "L\u00e9a In\u00e8s Cohen",
      "description": "collaboration"
    },
    {
      "id": "nm1802173",
      "name": "Armel Hostiou",
      "description": "writer"
    },
    {
      "id": "nm1802173",
      "name": "Armel Hostiou",
      "description": null
    },
    {
      "id": "nm0531195",
      "name": "Vincent Macaigne",
      "description": "writer"
    },
    {
      "id": "nm0531195",
      "name": "Vincent Macaigne",
      "description": null
    }
  ],
  "cast": [
    {
      "id": "nm0531195",
      "name": "Vincent Macaigne",
      "character": "Vincent"
    },
    {
      "id": "nm1808139",
      "name": "Kate Moran",
      "character": "Barbara"
    },
    {
      "id": "nm5627378",
      "name": "Sofie Rimestad",
      "character": "Sofie"
    },
    {
      "id": "nm0058864",
      "name": "Murray Bartlett",
      "character": "Murray"
    },
    {
      "id": "nm6900875",
      "name": "Jimmy DeRoth",
      "character": ""
    },
    {
      "id": "nm6900876",
      "name": "Jean Lebreton",
      "character": "Le p\u00e8re"
    },
    {
      "id": "nm4098287",
      "name": "Audrey Bastien",
      "character": "Louise"
    },
    {
      "id": "nm6900877",
      "name": "Wyndham Baird",
      "character": ""
    },
    {
      "id": "nm6900878",
      "name": "Claudia Franzen",
      "character": ""
    },
    {
      "id": "nm6900879",
      "name": "Tristan Pinies Franzen",
      "character": ""
    },
    {
      "id": "nm5641166",
      "name": "Sarabeth Hudson",
      "character": ""
    },
    {
      "id": "nm0670478",
      "name": "Crystal Pei",
      "character": ""
    },
    {
      "id": "nm2656007",
      "name": "Marie Pohl",
      "character": ""
    },
    {
      "id": "nm6900880",
      "name": "Kevin Xu",
      "character": ""
    },
    {
      "id": "nm6900881",
      "name": "Ian Poninski",
      "character": ""
    },
    {
      "id": "nm6900882",
      "name": "Kathe Rueda",
      "character": ""
    },
    {
      "id": "nm6900883",
      "name": "India Swiecicka",
      "character": ""
    },
    {
      "id": "nm6900884",
      "name": "Aleksandra Tepkowska",
      "character": ""
    },
    {
      "id": "nm6900885",
      "name": "Maya J. Wedemeyer",
      "character": ""
    },
    {
      "id": "nm6900886",
      "name": "Gigi Wolberger",
      "character": ""
    }
  ],
  "overview": "For the sake of love, Vincent has followed Barbara to New York. But she wants nothing more to do with him. Obsessed with the idea of winning her back, he decides to see things through to the bitter end...",
  "storyline": "Young Parisian pursues his former girlfriend to New York where she has a new lover and relentlessly tries to win her back.",
  "plot": null,
  "synopsis": null
}