{
  "imdb_id": "tt4299406",
  "tmdb_id": "309309",
  "douban_id": null,
  "title": "Last Night (2014)",
  "genres": [
    "Comedy"
  ],
  "country": "Brazil",
  "version": [
    {
      "runtime": "90 min",
      "description": ""
    }
  ],
  "imdb_rating": 4.7,
  "director": [
    {
      "id": "nm2050522",
      "name": "F\u00e1bio Mendon\u00e7a"
    }
  ],
  "writer": [
    {
      "id": "nm1985797",
      "name": "Nina Crintzs",
      "description": "screenplay"
    },
    {
      "id": "nm1898009",
      "name": "Cl\u00e1udia Jouvin",
      "description": "screenplay"
    },
    {
      "id": "nm2092942",
      "name": "Pedro Vicente",
      "description": "based on play"
    },
    {
      "id": "nm2092942",
      "name": "Pedro Vicente",
      "description": "screenplay"
    }
  ],
  "cast": [
    {
      "id": "nm0684840",
      "name": "Luana Piovani",
      "character": "Rosa"
    },
    {
      "id": "nm0658077",
      "name": "Marcos Palmeira",
      "character": "Mario"
    },
    {
      "id": "nm5716139",
      "name": "J\u00falia Rabello",
      "character": "Ana"
    },
    {
      "id": "nm4437033",
      "name": "Paulo Tiefenthaler",
      "character": "Duca"
    },
    {
      "id": "nm5719691",
      "name": "Jo\u00e3o Vicente de Castro",
      "character": "Rica"
    },
    {
      "id": "nm2325955",
      "name": "Rodrigo Sant'anna",
      "character": "Fuma\u00e7a"
    },
    {
      "id": "nm3858062",
      "name": "Luana Martau",
      "character": "Al\u00ea"
    },
    {
      "id": "nm2777273",
      "name": "Martha Nowill",
      "character": "Sofia"
    },
    {
      "id": "nm0274440",
      "name": "Taumaturgo Ferreira",
      "character": "Paulo"
    },
    {
      "id": "nm5617944",
      "name": "Daniel Furlan",
      "character": "Matias"
    },
    {
      "id": "nm5589828",
      "name": "Juliano Enrico",
      "character": "Andr\u00e9"
    },
    {
      "id": "nm0890337",
      "name": "Anselmo Vasconcelos",
      "character": "Chefe"
    },
    {
      "id": "nm0868141",
      "name": "Tony Tornado",
      "character": "Jesus"
    },
    {
      "id": "nm0296600",
      "name": "Alexandre Frota",
      "character": "Bombeiro"
    },
    {
      "id": "nm6188875",
      "name": "K\u00e9fera Buchmann",
      "character": "Convidada"
    }
  ],
  "overview": null,
  "storyline": "Tudo o que Ana (J\u00falia Rabello) queria era recepcionar uma grande festa de Ano Novo, com muitos amigos, bebida e m\u00fasica boa. Mas durante o evento, o banheiro torna-se o cen\u00e1rio principal, onde ocorrem todas as fofocas e pol\u00eamicas. \u00c9 onde Duda (Paulo Tiefenthaler), marido de Ana, confessa que vai deix\u00e1-la, pouco antes de come\u00e7ar a celebra\u00e7\u00e3o. O banheiro \u00e9, tamb\u00e9m, onde Ana descobre que o real motivo da separa\u00e7\u00e3o \u00e9 a vizinha Rosa (Luana Piovani), que, por sua vez, leva um casamento bem mon\u00f3tono com Mario (Marcos Palmeira). \u00c9 tamb\u00e9m no banheiro que Al\u00ea (Luana Martau) conta a Ana suas aventuras sexuais com o namorado (Jo\u00e3o Vicente de Castro), e onde um convidado, traficante (Taumaturgo Ferreira), faz seus neg\u00f3cios. Na noite da virada do ano, tudo pode acontecer. E acontece.",
  "plot": null,
  "synopsis": "Tudo o que Ana (J\u00falia Rabello) queria era recepcionar uma grande festa de Ano Novo, com muitos amigos, bebida e m\u00fasica boa. Mas durante o evento, o banheiro torna-se o cen\u00e1rio principal, onde ocorrem todas as fofocas e pol\u00eamicas. \u00c9 onde Duda (Paulo Tiefenthaler), marido de Ana, confessa que vai deix\u00e1-la, pouco antes de come\u00e7ar a celebra\u00e7\u00e3o. O banheiro \u00e9, tamb\u00e9m, onde Ana descobre que o real motivo da separa\u00e7\u00e3o \u00e9 a vizinha Rosa (Luana Piovani), que, por sua vez, leva um casamento bem mon\u00f3tono com Mario (Marcos Palmeira). \u00c9 tamb\u00e9m no banheiro que Al\u00ea (Luana Martau) conta a Ana suas aventuras sexuais com o namorado (Jo\u00e3o Vicente de Castro), e onde um convidado, traficante (Taumaturgo Ferreira), faz seus neg\u00f3cios. Na noite da virada do ano, tudo pode acontecer. E acontece."
}