{
  "imdb_id": "tt4299828",
  "tmdb_id": "417978",
  "douban_id": null,
  "title": "Backseat Fighter (2016)",
  "genres": [
    "Action",
    "Crime",
    "Drama",
    "Mystery",
    "Romance",
    "Thriller"
  ],
  "country": "Spain",
  "version": [
    {
      "runtime": "84 min",
      "description": ""
    }
  ],
  "imdb_rating": 8.0,
  "director": [
    {
      "id": "nm4242883",
      "name": "Mario Pagano"
    }
  ],
  "writer": [
    {
      "id": "nm4242883",
      "name": "Mario Pagano",
      "description": null
    }
  ],
  "cast": [
    {
      "id": "nm0306357",
      "name": "Martina Garc\u00eda",
      "character": "Sandy"
    },
    {
      "id": "nm1669154",
      "name": "Iv\u00e1n S\u00e1nchez",
      "character": "Mark"
    },
    {
      "id": "nm0275513",
      "name": "Frank Feys",
      "character": "Sheriff Bakowski"
    },
    {
      "id": "nm5517798",
      "name": "Marta Blanc",
      "character": "Daisy"
    },
    {
      "id": "nm5702668",
      "name": "Franky Mart\u00edn",
      "character": "Bull"
    },
    {
      "id": "nm0301984",
      "name": "Elia Galera",
      "character": "Tina"
    },
    {
      "id": "nm0117763",
      "name": "Emilio Buale",
      "character": "Lieutenant"
    },
    {
      "id": "nm2785757",
      "name": "Rub\u00e9n Sanz",
      "character": "Saylor"
    },
    {
      "id": "nm6356227",
      "name": "Francisco Javier Pastor",
      "character": "Bodyguard"
    },
    {
      "id": "nm2115502",
      "name": "Christophe Miraval",
      "character": "Jake"
    },
    {
      "id": "nm6063960",
      "name": "Mundy Rieu Jr.",
      "character": "Hombre 3"
    },
    {
      "id": "nm2396282",
      "name": "Pablo Tur\u00e9gano",
      "character": "Paul"
    },
    {
      "id": "nm1552974",
      "name": "Armando Buika",
      "character": ""
    },
    {
      "id": "nm1218407",
      "name": "Fidel Zerda",
      "character": "Capo"
    },
    {
      "id": "nm0510436",
      "name": "Ram\u00f3n Lillo",
      "character": "Gabriel"
    },
    {
      "id": "nm10674781",
      "name": "Mariana Salazar",
      "character": "Marta"
    },
    {
      "id": "nm0120011",
      "name": "Matthias Bullach",
      "character": "Senator"
    },
    {
      "id": "nm8578992",
      "name": "Tony Camarlengo",
      "character": "Jake"
    },
    {
      "id": "nm0244552",
      "name": "Pablo Dur\u00e1n",
      "character": "Peter"
    }
  ],
  "overview": "Mark is a nomad fighter who is taken in the backseat of a car to fight in underground combats. He meets Sandy, a young and beautiful prostitute who shares his same desire: forget the pain and begin their lives from zero. But Mark's past will catch up to him, putting in danger Sandy, his escape plan, and all the people who surround him.",
  "storyline": "Mark is a fighter who is taken in the backseat of a car to fight in underground combats. In his way, he meets Sandy, a young and beautiful prostitute. Both share the same desire: forget the pain and begin their lives from zero. Mark it's just about to run into his past again and Sandy, his escape plan and all the people who surround him will be in danger.",
  "plot": null,
  "synopsis": "Mark, an undercover cop, is hiding in the world of underground combats from a secret mission that went wrong. He meets Bull, a fighter's manager, who sponsors Mark so he can make a living fighting outside the law.Mark has been saving money from the fights for a while to leave town and pay all the expenses of his father's nursing home that suffers from Alzheimer.He meets Sandy, a beautiful prostitute and a lost soul like him. They hit the road together in a trip that lights the candle between them.When everything seems to be all right, a photograph of Mark with a reward on his head reaches Bull's hands.Mark activates his escape plan and he tells Sandy to go with him, but things goes wrong and everything begins to fall apart and Mark will have to confront his destiny to save the day."
}