{
  "imdb_id": "tt4224328",
  "tmdb_id": "320589",
  "douban_id": null,
  "title": "Mavis! (2015)",
  "genres": [
    "Documentary",
    "Biography",
    "Music"
  ],
  "country": "USA",
  "version": [
    {
      "runtime": "80 min",
      "description": ""
    }
  ],
  "imdb_rating": 7.5,
  "director": [
    {
      "id": "nm1614470",
      "name": "Jessica Edwards"
    }
  ],
  "writer": [
    {
      "id": "nm1614470",
      "name": "Jessica Edwards",
      "description": "writer"
    }
  ],
  "cast": [
    {
      "id": "nm0822918",
      "name": "Mavis Staples",
      "character": "Herself"
    },
    {
      "id": "nm1186492",
      "name": "Jeff Tweedy",
      "character": "Himself"
    },
    {
      "id": "nm7276936",
      "name": "Adam Ayres",
      "character": "Himself - Mavis Staples' Tour Manager       (as Adam 'Speedy' Ayres)"
    },
    {
      "id": "nm1404734",
      "name": "Donny Gerrard",
      "character": "Himself"
    },
    {
      "id": "nm8580783",
      "name": "Stephen Hodges",
      "character": "Himself - Mavis Staples' Drummer"
    },
    {
      "id": "nm7278678",
      "name": "Rick Holmstrom",
      "character": "Himself - Mavis Staples' Guitarist"
    },
    {
      "id": "nm4624869",
      "name": "Yvonne Staples",
      "character": "Herself - Mavis Staples' Sister"
    },
    {
      "id": "nm1218680",
      "name": "Greg Kot",
      "character": "Himself - Author of 'I'll Take You There: Mavis Staples, the Staple Singers, and the Music That Shaped the Civil Rights Era'"
    },
    {
      "id": "nm4456990",
      "name": "Anthony Heilbut",
      "character": "Himself"
    },
    {
      "id": "nm0707248",
      "name": "Bonnie Raitt",
      "character": "Herself"
    },
    {
      "id": "nm0195982",
      "name": "Chuck D",
      "character": "Himself"
    },
    {
      "id": "nm0054534",
      "name": "Gene Barge",
      "character": "Himself"
    },
    {
      "id": "nm0001168",
      "name": "Bob Dylan",
      "character": "Himself"
    },
    {
      "id": "nm0005473",
      "name": "Marty Stuart",
      "character": "Himself"
    },
    {
      "id": "nm1964276",
      "name": "Vicki Randle",
      "character": "Herself - Mavis Staples' Background Singer"
    },
    {
      "id": "nm8580784",
      "name": "Jeff Turmes",
      "character": "Himself - Mavis Staples' Bassist"
    },
    {
      "id": "nm0093971",
      "name": "Julian Bond",
      "character": "Himself - Civil Rights Activist, SNCC and NAACP"
    },
    {
      "id": "nm7276938",
      "name": "Al Bell",
      "character": "Himself - Producer and Record Executive, Stax Records"
    },
    {
      "id": "nm1392716",
      "name": "Sharon Jones",
      "character": "Herself"
    },
    {
      "id": "nm0375629",
      "name": "Levon Helm",
      "character": "Himself"
    },
    {
      "id": "nm0188936",
      "name": "Steve Cropper",
      "character": "Himself"
    },
    {
      "id": "nm0002239",
      "name": "Prince",
      "character": "Himself       (archive footage)"
    },
    {
      "id": "nm1218182",
      "name": "Spencer Tweedy",
      "character": "Himself"
    },
    {
      "id": "nm7276940",
      "name": "George Wein",
      "character": "Himself"
    }
  ],
  "overview": "A look at the life and music of legendary singer and civil rights activist, Mavis Staples.",
  "storyline": "Her family group, the Staple Singers, inspired millions and helped propel the civil rights movement with their music. After 60 years of performing, legendary singer Mavis Staples' message of love and equality is needed now more than ever.",
  "plot": null,
  "synopsis": null
}