{
  "imdb_id": "tt4338816",
  "tmdb_id": "344176",
  "douban_id": null,
  "title": "Le Badanti (2015)",
  "genres": [
    "Drama"
  ],
  "country": "Italy",
  "version": [
    {
      "runtime": "110 min",
      "description": ""
    }
  ],
  "imdb_rating": 6.0,
  "director": [
    {
      "id": "nm5996982",
      "name": "Marco Pollini"
    }
  ],
  "writer": [
    {
      "id": "nm0004258",
      "name": "Pino Ammendola",
      "description": null
    },
    {
      "id": "nm7041754",
      "name": "Peppino Crea",
      "description": null
    },
    {
      "id": "nm5213684",
      "name": "Giovanni Dentici",
      "description": null
    },
    {
      "id": "nm5996982",
      "name": "Marco Pollini",
      "description": null
    }
  ],
  "cast": [
    {
      "id": "nm0004258",
      "name": "Pino Ammendola",
      "character": "Michele"
    },
    {
      "id": "nm0070239",
      "name": "Ilvea Benatti",
      "character": "Nonna Giuseppina"
    },
    {
      "id": "nm0107792",
      "name": "Alessandro Bressanello",
      "character": "Direttore"
    },
    {
      "id": "nm3852576",
      "name": "Carla Camporese",
      "character": "Barbara"
    },
    {
      "id": "nm5882932",
      "name": "Samantha Castillo",
      "character": "Lola"
    },
    {
      "id": "nm7041753",
      "name": "Cristina Chiaffoni",
      "character": ""
    },
    {
      "id": "nm4751186",
      "name": "Nadiah m Din",
      "character": "Carmen"
    },
    {
      "id": "nm0289451",
      "name": "Daniela Fo\u00e0",
      "character": "Maria"
    },
    {
      "id": "nm3142283",
      "name": "Bruno Furini",
      "character": "Gigi"
    },
    {
      "id": "nm2064118",
      "name": "Anna Jimskaia",
      "character": "Irina"
    },
    {
      "id": "nm7041752",
      "name": "Fulvio Musco",
      "character": "Dante"
    }
  ],
  "overview": null,
  "storyline": "Three women from different walks of life, all struggling with various personal issues, come together as caretakers at an elderly home. Together, they form a bond and find a new outlook on life.",
  "plot": null,
  "synopsis": null
}