{
  "imdb_id": "tt4329800",
  "tmdb_id": "342765",
  "douban_id": null,
  "title": "Carte Blanche (2015)",
  "genres": [
    "Drama",
    "Romance"
  ],
  "country": "Poland",
  "version": [
    {
      "runtime": "106 min",
      "description": ""
    }
  ],
  "imdb_rating": 6.8,
  "director": [
    {
      "id": "nm3941893",
      "name": "Jacek Lusinski"
    }
  ],
  "writer": [
    {
      "id": "nm3941893",
      "name": "Jacek Lusinski",
      "description": "writer"
    }
  ],
  "cast": [
    {
      "id": "nm0161607",
      "name": "Andrzej Chyra",
      "character": "Kacper"
    },
    {
      "id": "nm0333274",
      "name": "Urszula Grabowska",
      "character": "Ewa"
    },
    {
      "id": "nm1458971",
      "name": "Arkadiusz Jakubik",
      "character": "Wiktor"
    },
    {
      "id": "nm6264850",
      "name": "Eliza Rycembel",
      "character": "Klara"
    },
    {
      "id": "nm4250276",
      "name": "Tomasz Zietek",
      "character": "Madejski"
    },
    {
      "id": "nm1408936",
      "name": "Dorota Kolak",
      "character": "Headmistress"
    },
    {
      "id": "nm0089782",
      "name": "Andrzej Blumenfeld",
      "character": "Florczak"
    },
    {
      "id": "nm0161568",
      "name": "Maria Chwalib\u00f3g",
      "character": "Kacper's Mother"
    },
    {
      "id": "nm0699659",
      "name": "Wojciech Pszoniak",
      "character": "Professor"
    },
    {
      "id": "nm1281009",
      "name": "Jerzy Rogalski",
      "character": "Henio"
    },
    {
      "id": "nm0048132",
      "name": "Ewa Bakalarska",
      "character": "Magda, Wiktor's Wife"
    },
    {
      "id": "nm7077957",
      "name": "Kaja Lusinska",
      "character": "Megi"
    },
    {
      "id": "nm3138713",
      "name": "Adam Tomaszewski",
      "character": "Patryk"
    },
    {
      "id": "nm3697857",
      "name": "Anna Teresa Nowak",
      "character": "Doctor"
    },
    {
      "id": "nm0844235",
      "name": "Andrzej Szopa",
      "character": "Telescope Buyer"
    },
    {
      "id": "nm3935602",
      "name": "Mieszko Barglik",
      "character": "Young Doctor"
    },
    {
      "id": "nm4749813",
      "name": "Pawel Brandys",
      "character": "Professor"
    },
    {
      "id": "nm7077958",
      "name": "Gabriela Zajac",
      "character": "Wiktor's Daughter"
    },
    {
      "id": "nm3990885",
      "name": "Jakub Wr\u00f3blewski",
      "character": "Telescope Buyer's Grandson"
    },
    {
      "id": "nm2398012",
      "name": "Marek Grabowski",
      "character": "Taxi Driver"
    },
    {
      "id": "nm3065467",
      "name": "Przemyslaw Gasiorowicz",
      "character": "Trolleybus Driver"
    },
    {
      "id": "nm7077959",
      "name": "Maciej Bialek",
      "character": "Kacper's Neighbour"
    },
    {
      "id": "nm5889042",
      "name": "Hanna Bondarenko",
      "character": "Teacher"
    },
    {
      "id": "nm7077960",
      "name": "Maria Celejewska",
      "character": "Student"
    },
    {
      "id": "nm7077961",
      "name": "Agata Czopek",
      "character": "Student"
    },
    {
      "id": "nm7077962",
      "name": "Cezary Danielewicz",
      "character": "Student"
    },
    {
      "id": "nm7077963",
      "name": "Marcin Dobosz",
      "character": "Student"
    },
    {
      "id": "nm7077964",
      "name": "Jan Hrynkiewicz",
      "character": "Student"
    },
    {
      "id": "nm7077965",
      "name": "Kamila Janik",
      "character": "Student"
    },
    {
      "id": "nm7077966",
      "name": "Anna Jankowska",
      "character": "Student"
    },
    {
      "id": "nm7077967",
      "name": "Krzysztof Kantyka",
      "character": "Student"
    },
    {
      "id": "nm7077968",
      "name": "Ewelina Keciek",
      "character": "Student"
    },
    {
      "id": "nm7077969",
      "name": "Anna Klos",
      "character": "Student"
    },
    {
      "id": "nm7077970",
      "name": "Agnieszka Kotarska",
      "character": "Student"
    },
    {
      "id": "nm7077971",
      "name": "Monika Kowalczyk",
      "character": "Student"
    },
    {
      "id": "nm7077972",
      "name": "Kinga Kunach",
      "character": "Student"
    },
    {
      "id": "nm7077973",
      "name": "Michal Kurczak",
      "character": "Student"
    },
    {
      "id": "nm7077974",
      "name": "Weronika Listos",
      "character": "Student"
    },
    {
      "id": "nm7077975",
      "name": "Anna Misztal",
      "character": "Student"
    },
    {
      "id": "nm7077976",
      "name": "Anna Ozga",
      "character": "Student"
    },
    {
      "id": "nm7077977",
      "name": "Ewelina Prokop",
      "character": "Student"
    },
    {
      "id": "nm7077978",
      "name": "Paulina Prokopiuk",
      "character": "Student"
    },
    {
      "id": "nm7077979",
      "name": "Karolina Skomorowska",
      "character": "Student"
    },
    {
      "id": "nm7077980",
      "name": "Filip Sk\u00f3ra",
      "character": "Student"
    },
    {
      "id": "nm7077981",
      "name": "Katarzyna Sroga",
      "character": "Student"
    },
    {
      "id": "nm7077982",
      "name": "Agnieszka Stasicka",
      "character": "Student"
    },
    {
      "id": "nm7077983",
      "name": "Maciej W\u00f3jcik",
      "character": "Student"
    }
  ],
  "overview": "The true story of a high-school history teacher who decides to hide a progressive sight loss from everyone surrounding him - his colleagues, pupils, even the ones who really care about him, because of the fear of losing his job and trying to save his dignity. Due to a genetic disorder, Kacper is faced with a very real possibility of permanent blindness. Initially heartbroken, he attempts to hide his health problems from his bosses driven by his desire to keep his job and to help his students with the final exams. The only person who knows about Kacper's problem is his best friend Wiktor. Meanwhile, Kacper enters a relationship with his colleague Ewa, and tries to help a rebel student Klara, who hides a secret of her own.",
  "storyline": "The true story of a high-school history teacher who decides to hide a progressive sight loss from everyone surrounding him - his colleagues, pupils, even the ones who really care about him, because of the fear of losing his job and trying to save his dignity. Due to a genetic disorder, Kacper is faced with a very real possibility of permanent blindness. Initially heartbroken, he attempts to hide his health problems from his bosses driven by his desire to keep his job and to help his students with the final exams. The only person who knows about Kacper's problem is his best friend Wiktor. Meanwhile, Kacper enters a relationship with his colleague Ewa, and tries to help a rebel student Klara, who hides a secret of her own.",
  "plot": null,
  "synopsis": null
}