{
  "imdb_id": "tt4325418",
  "tmdb_id": "338912",
  "douban_id": null,
  "title": "Abschussfahrt (2015)",
  "genres": [
    "Comedy"
  ],
  "country": "Germany",
  "version": [
    {
      "runtime": "88 min",
      "description": ""
    }
  ],
  "imdb_rating": 4.9,
  "director": [
    {
      "id": "nm2854538",
      "name": "Tim Trachte"
    }
  ],
  "writer": [
    {
      "id": "nm2854538",
      "name": "Tim Trachte",
      "description": null
    }
  ],
  "cast": [
    {
      "id": "nm5570344",
      "name": "Tilman P\u00f6rzgen",
      "character": "Paul"
    },
    {
      "id": "nm7029310",
      "name": "Chris Tall",
      "character": "Berny"
    },
    {
      "id": "nm2001517",
      "name": "Max von der Groeben",
      "character": "Max Schmeller"
    },
    {
      "id": "nm7029311",
      "name": "Florian Kroop",
      "character": "Magnus"
    },
    {
      "id": "nm6924188",
      "name": "Lisa Volz",
      "character": "Juli"
    },
    {
      "id": "nm1065862",
      "name": "Leslie-Vanessa Lill",
      "character": "Marcella"
    },
    {
      "id": "nm2862685",
      "name": "Theo Trebs",
      "character": "Jonas"
    },
    {
      "id": "nm0775762",
      "name": "Alexander Schubert",
      "character": "Herr Graeser"
    },
    {
      "id": "nm0255820",
      "name": "Jenny Elvers",
      "character": "Frau Schmeller"
    },
    {
      "id": "nm0960104",
      "name": "Tim Seyfi",
      "character": "Jiri"
    },
    {
      "id": "nm0796071",
      "name": "Ivan Shvedoff",
      "character": "Detective Stanek"
    },
    {
      "id": "nm0457832",
      "name": "Albert Kitzl",
      "character": "Branko"
    },
    {
      "id": "nm4009032",
      "name": "Ryan Wichert",
      "character": "Bret"
    },
    {
      "id": "nm0510832",
      "name": "Thomas Limpinsel",
      "character": "Helmut"
    },
    {
      "id": "nm3043370",
      "name": "Olga von Luckwald",
      "character": "Luisa"
    },
    {
      "id": "nm0083894",
      "name": "Marc Bischoff",
      "character": "Skinny Man"
    },
    {
      "id": "nm3362732",
      "name": "Sierk Radzei",
      "character": "Heavy-Set Guy"
    },
    {
      "id": "nm1421623",
      "name": "Jurij Rosstalnyj",
      "character": "Shooting Range Boss       (as Yurij Rosstalnyj)"
    },
    {
      "id": "nm7813732",
      "name": "Miroslav Babucky",
      "character": "Taxifahrer"
    },
    {
      "id": "nm0489783",
      "name": "Tom Lass",
      "character": "Vaclav"
    },
    {
      "id": "nm7813733",
      "name": "Pavel Hysky",
      "character": "Leto"
    },
    {
      "id": "nm1689418",
      "name": "Helga Boettiger",
      "character": "Brankos Mutter"
    },
    {
      "id": "nm3102795",
      "name": "Paul Kaiser",
      "character": "Kleiner Mann"
    },
    {
      "id": "nm2545753",
      "name": "Wiebke Puls",
      "character": "Aneta"
    },
    {
      "id": "nm2464136",
      "name": "Thomas Gr\u00e4\u00dfle",
      "character": "Bombay Grill Koch"
    },
    {
      "id": "nm3532103",
      "name": "Kenneth Spiteri",
      "character": "Neil"
    },
    {
      "id": "nm1719268",
      "name": "David Kirkbride",
      "character": "Danny"
    },
    {
      "id": "nm3426177",
      "name": "Jim High",
      "character": "Jim"
    },
    {
      "id": "nm1893745",
      "name": "Josef Vr\u00e1na",
      "character": "Bouncer Vlad"
    },
    {
      "id": "nm7029312",
      "name": "Elaine Goldberg",
      "character": "Kim"
    },
    {
      "id": "nm0580930",
      "name": "Stefan Merki",
      "character": "Bernys Vater"
    },
    {
      "id": "nm0036659",
      "name": "Ulrike Arnold",
      "character": "Bernys Mutter"
    },
    {
      "id": "nm0818198",
      "name": "Jannis Spengler",
      "character": "MC /              Announcer"
    },
    {
      "id": "nm0284567",
      "name": "Howard Fong",
      "character": "Judge"
    },
    {
      "id": "nm9852049",
      "name": "Aurelien Torikian",
      "character": "Dancing teen"
    }
  ],
  "overview": "During a school trip to Prague a group of friends leave the hotel and party through the night.",
  "storyline": null,
  "plot": null,
  "synopsis": null
}