{
  "imdb_id": "tt4378350",
  "tmdb_id": "340794",
  "douban_id": null,
  "title": "Morning is Broken (2015)",
  "genres": [
    "Short",
    "Drama",
    "Romance",
    "Thriller"
  ],
  "country": "UK",
  "version": [
    {
      "runtime": "11 min",
      "description": ""
    }
  ],
  "imdb_rating": 5.7,
  "director": [
    {
      "id": "nm0027449",
      "name": "Simon Anderson"
    }
  ],
  "writer": [
    {
      "id": "nm0027449",
      "name": "Simon Anderson",
      "description": "writer"
    }
  ],
  "cast": [
    {
      "id": "nm4273942",
      "name": "Nigel Allen",
      "character": "Nick"
    },
    {
      "id": "nm4813169",
      "name": "Jack Hawkins",
      "character": "Roland"
    },
    {
      "id": "nm4628177",
      "name": "Elisabeth Hopper",
      "character": "Rose"
    },
    {
      "id": "nm2046894",
      "name": "Matthew Tennyson",
      "character": "Sam"
    }
  ],
  "overview": "At the end of his older brother\u2019s wedding in the lush English countryside, a young man struggles to deal with his sexuality.",
  "storyline": "As a wedding party disintegrates two young men share a first-kiss that could tear them apart.",
  "plot": null,
  "synopsis": null
}