{
  "imdb_id": "tt4354276",
  "tmdb_id": "429505",
  "douban_id": null,
  "title": "The New World (2015)",
  "genres": [
    "Drama"
  ],
  "country": "Poland",
  "version": [
    {
      "runtime": "90 min",
      "description": ""
    }
  ],
  "imdb_rating": 5.6,
  "director": [
    {
      "id": "nm5659026",
      "name": "Elzbieta Benkowska"
    },
    {
      "id": "nm5652339",
      "name": "Lukasz Ostalski"
    },
    {
      "id": "nm7050901",
      "name": "Michal Wawrzecki"
    }
  ],
  "writer": [
    {
      "id": "nm7050903",
      "name": "Izabela Aleksandrowicz",
      "description": null
    },
    {
      "id": "nm5659026",
      "name": "Elzbieta Benkowska",
      "description": null
    },
    {
      "id": "nm7050902",
      "name": "Monika Dembinska",
      "description": null
    },
    {
      "id": "nm8447212",
      "name": "Maria Magriel",
      "description": "script"
    },
    {
      "id": "nm6900455",
      "name": "Maksymilian Nowicki",
      "description": null
    },
    {
      "id": "nm5270739",
      "name": "Joanna Rybus",
      "description": "script"
    }
  ],
  "cast": [
    {
      "id": "nm4502311",
      "name": "Paulina Galazka",
      "character": "Pawel's Grilfriend"
    },
    {
      "id": "nm3515177",
      "name": "Sebastian Fabijanski",
      "character": "Soldier"
    },
    {
      "id": "nm0049182",
      "name": "Stanislav Boklan",
      "character": "Ivan"
    },
    {
      "id": "nm0636513",
      "name": "Wenanty Nosul",
      "character": ""
    },
    {
      "id": "nm1699312",
      "name": "Magdalena Czerwinska",
      "character": "Actress"
    },
    {
      "id": "nm3790252",
      "name": "Hassan Akkouch",
      "character": "Azzam"
    },
    {
      "id": "nm3257991",
      "name": "Katarzyna Dabrowska",
      "character": "Malgorzata"
    },
    {
      "id": "nm6013853",
      "name": "Irena Melcer",
      "character": "Ewa"
    },
    {
      "id": "nm2066212",
      "name": "Lukasz Sikora",
      "character": "Blonde"
    },
    {
      "id": "nm6873940",
      "name": "Julian Swiezewski",
      "character": "Janek"
    },
    {
      "id": "nm6529628",
      "name": "Barbara Wypych",
      "character": "Karaoke Girl"
    },
    {
      "id": "nm0245644",
      "name": "Ireneusz Dydlinski",
      "character": "Politician"
    },
    {
      "id": "nm1283699",
      "name": "Dariusz Majchrzak",
      "character": "Aleksiej"
    },
    {
      "id": "nm7168474",
      "name": "Karina Minaeva",
      "character": "Vera"
    },
    {
      "id": "nm5941732",
      "name": "Konrad Eleryk",
      "character": ""
    },
    {
      "id": "nm3305727",
      "name": "Olga Kavalay-Aksyonova",
      "character": "Zanna       (as Olga Kavalay-Aksenova)"
    },
    {
      "id": "nm1458303",
      "name": "Elzbieta Czerwinska",
      "character": "Proffesor"
    },
    {
      "id": "nm6546578",
      "name": "Alicja Juszkiewicz",
      "character": "Bride"
    },
    {
      "id": "nm6908186",
      "name": "Piotr Bulcewicz",
      "character": "Pawel"
    },
    {
      "id": "nm7168475",
      "name": "Anikej Svetlana",
      "character": "Irina"
    },
    {
      "id": "nm2621963",
      "name": "Dariusz Chojnacki",
      "character": "Lukasz"
    },
    {
      "id": "nm6741856",
      "name": "Anna Mrozowska",
      "character": "Karaoke Girl"
    },
    {
      "id": "nm4261271",
      "name": "Helena Ganjalyan",
      "character": "Afgan girl"
    },
    {
      "id": "nm1727523",
      "name": "Miroslaw Kotowicz",
      "character": "Adam"
    },
    {
      "id": "nm7168473",
      "name": "Georgij Leshchenko",
      "character": "Borys"
    },
    {
      "id": "nm1563846",
      "name": "Mariusz Slupinski",
      "character": "Officer SKW"
    },
    {
      "id": "nm1179781",
      "name": "Elzbieta Komorowska",
      "character": "Marzena"
    }
  ],
  "overview": null,
  "storyline": "A story about a group of immigrants living in Poland.",
  "plot": "In an alternate universe, the asteroid that would have caused the extinction of the dinosaurs 65 million years ago passes safely over Earth.\n\n65 million years later, Apatosaurus farmers Henry and Ida have children Libby, Buck, and the runt Arlo, who has trouble adjusting to farm life. While his successful siblings are allowed to \"make their mark\" (a mud-print on the family's corn silo), Arlo's timid nature makes tasks difficult for him. Henry attempts to give Arlo a sense of purpose by putting him in charge of guarding their silo, and helps him set a trap. It captures a feral caveboy, but Arlo doesn't have the heart to kill him, and sets him free. Disappointed, Henry takes Arlo to track the caveboy, leading them into a ravine. Henry saves Arlo from a flash flood before being swept away and killed.\n\nWithout his father, Arlo shoulders more of the workload. He spots the same caveboy inside the silo and, blaming him for his father's death, chases him until both fall into a river. Arlo cannot swim, and is swept downstream where he hits his head on a rock and is knocked unconscious. Awakening, he finds himself far from home and tries to survive on his own, but becomes trapped when a boulder pins his leg. The next day Arlo wakes to find his leg has been freed, and the caveboy appears with food for him. The caveboy then leads Arlo to a berry tree, where the caveboy fends off a large snake, amazing Arlo and impressing a nearby eccentric Styracosaurus who wants to keep the boy. He forces Arlo to compete with him to give the boy a name he will respond to, which Arlo finally wins when he calls him \"Spot\". Arlo and Spot bond as Arlo laments his lost family, and Spot reveals that his own parents are dead. Later, when a thunderstorm strikes, Arlo runs away in fear and loses the riverbank he has been following home.\n\nThe next morning, Arlo wakes to find Spot at his side. They are noticed by a band of pterodactyls who appear to be conducting a rescue operation but turn out to be savagely carnivorous. When the pterodactyls try to take Spot, Arlo and Spot flee, happening upon a pair of Tyrannosaurus named Nash and Ramsey, who ward off the pterodactyls. Nash, Ramsey, and their father Butch have lost their herd of Longhorns, so Arlo offers Spot's help in sniffing them out. They locate the herd, but Butch recognizes the work of cattle rustlers, and uses Arlo as a lure. Arlo and Spot attract the attention of rustler Velociraptors, allowing Butch and his family to attack. During the fight, Arlo musters his courage and fends off two raptors who have overwhelmed Butch, helping to turn the fight in their favor. Having gained their respect, Arlo joins the T. Rexes in driving the cattle south when he sees the familiar mountain peaks of his homeland in the distance, and leaves with Spot to return home. Along the way, they encounter an adult feral caveman in the distance, and though Spot shows interest, Arlo dissuades him and they continue on.\n\nAs another storm approaches, the pterodactyls return and attack and carry Spot away. Arlo becomes entangled in vines, where he has a vision of Henry leading him home. Arlo instead resolves to save Spot, making the vision of his father proud before it fades away. Arlo finds and attacks the pterodactyls, who have cornered Spot at the river. Arlo and Spot together plunge the pterodactyls into the water, where they are swept helplessly downstream. When another flash flood occurs, Arlo leaps into the water to rescue Spot as the two are swept away toward a waterfall. Arlo protects Spot as the two fall, and carries him to shore.\n\nAs they approach Arlo's home, the two again hear the unknown caveman call, and are approached by an entire caveman family. With great reluctance, Arlo pushes Spot to join his kind, and the two of them share a tearful goodbye.\n\nArlo finally arrives home to his mother and siblings, and makes his mark on the silo between those of his mother and father.",
  "synopsis": null
}