{
  "imdb_id": "tt4478194",
  "tmdb_id": "353857",
  "douban_id": null,
  "title": "Bahay ampunan (2015)",
  "genres": [
    "Horror"
  ],
  "country": "Philippines",
  "version": [
    {
      "runtime": "70 min",
      "description": ""
    }
  ],
  "imdb_rating": null,
  "director": [
    {
      "id": "nm1302679",
      "name": "Neal 'Buboy' Tan"
    }
  ],
  "writer": [
    {
      "id": "nm1302679",
      "name": "Neal 'Buboy' Tan",
      "description": "written by"
    }
  ],
  "cast": [
    {
      "id": "nm2981962",
      "name": "Jake Vargas",
      "character": ""
    },
    {
      "id": "nm5373953",
      "name": "Renz Michael",
      "character": ""
    },
    {
      "id": "nm5173299",
      "name": "Martin Luigie Venegas",
      "character": ""
    },
    {
      "id": "nm7150760",
      "name": "Elaver Pacatang",
      "character": ""
    },
    {
      "id": "nm0139566",
      "name": "Rustica Carpio",
      "character": ""
    },
    {
      "id": "nm0530155",
      "name": "Maria Isabel Lopez",
      "character": ""
    },
    {
      "id": "nm1286752",
      "name": "Aleck Bovick",
      "character": ""
    },
    {
      "id": "nm1393911",
      "name": "Isadora",
      "character": ""
    },
    {
      "id": "nm5374875",
      "name": "Brenda Mage",
      "character": ""
    },
    {
      "id": "nm5374105",
      "name": "Carlo Lazerna",
      "character": ""
    },
    {
      "id": "nm5917052",
      "name": "Kiko Ramos",
      "character": ""
    },
    {
      "id": "nm7150761",
      "name": "Mark Lester Venegas",
      "character": ""
    },
    {
      "id": "nm5207484",
      "name": "MJ Abenales",
      "character": ""
    },
    {
      "id": "nm7150762",
      "name": "Justin Quirante",
      "character": ""
    },
    {
      "id": "nm6891752",
      "name": "Mariah Mabasa",
      "character": ""
    }
  ],
  "overview": "A pair of brothers encounters violent forces inside the walls of an old orphanage.",
  "storyline": "A pair of brothers encounters violent forces inside the walls of an old orphanage.",
  "plot": null,
  "synopsis": null
}