{
  "imdb_id": "tt4447108",
  "tmdb_id": "403434",
  "douban_id": null,
  "title": "Level Up (2016)",
  "genres": [
    "Action",
    "Thriller"
  ],
  "country": "UK",
  "version": [
    {
      "runtime": "84 min",
      "description": ""
    }
  ],
  "imdb_rating": 4.4,
  "director": [
    {
      "id": "nm1726691",
      "name": "Adam Randall"
    }
  ],
  "writer": [
    {
      "id": "nm1726691",
      "name": "Adam Randall",
      "description": null
    },
    {
      "id": "nm0949558",
      "name": "Gary Young",
      "description": null
    }
  ],
  "cast": [
    {
      "id": "nm2811944",
      "name": "Josh Bowman",
      "character": "Matt"
    },
    {
      "id": "nm0556453",
      "name": "Neil Maskell",
      "character": "Dmitri"
    },
    {
      "id": "nm0396908",
      "name": "William Houston",
      "character": "The Businessman"
    },
    {
      "id": "nm0315792",
      "name": "Kulvinder Ghir",
      "character": "Osman"
    },
    {
      "id": "nm2509609",
      "name": "Doc Brown",
      "character": "Joel"
    },
    {
      "id": "nm3820221",
      "name": "Leila Mimmack",
      "character": "Anna"
    },
    {
      "id": "nm4168062",
      "name": "Christina Wolfe",
      "character": "Kya"
    },
    {
      "id": "nm0721900",
      "name": "Paul Reynolds",
      "character": "Taxi Driver"
    },
    {
      "id": "nm0413089",
      "name": "Cameron Jack",
      "character": "Calvin"
    },
    {
      "id": "nm5362326",
      "name": "Jonathan Arkwright",
      "character": "Sean"
    },
    {
      "id": "nm5382150",
      "name": "Leon Annor",
      "character": "Keon"
    },
    {
      "id": "nm1173749",
      "name": "Oliver Jackson",
      "character": "Spray Man"
    },
    {
      "id": "nm1932322",
      "name": "Craig Rogan",
      "character": "Running Man"
    },
    {
      "id": "nm0083089",
      "name": "Pamela Binns",
      "character": "Old Lady"
    },
    {
      "id": "nm3613355",
      "name": "Okorie Chukwu",
      "character": "Hoodie"
    },
    {
      "id": "nm3484657",
      "name": "Jack Fox",
      "character": "Steve"
    },
    {
      "id": "nm4833890",
      "name": "Manpreet Bachu",
      "character": "Mr. Chicken"
    },
    {
      "id": "nm7148747",
      "name": "Rina Takasaki",
      "character": "Karaoke Receptionist"
    },
    {
      "id": "nm0890133",
      "name": "Steve Varnom",
      "character": "Security Guard"
    },
    {
      "id": "nm6678847",
      "name": "Limz Ali",
      "character": "Council Estate Teen"
    },
    {
      "id": "nm6064289",
      "name": "Bill Bagnall",
      "character": "Street Bystander"
    },
    {
      "id": "nm6496168",
      "name": "Stuart Budd",
      "character": "Security Guard"
    },
    {
      "id": "nm5525290",
      "name": "Michael Chapman",
      "character": "Restaurant Patron"
    },
    {
      "id": "nm6866625",
      "name": "Christian Di Sciullo",
      "character": "Policeman at Tube Station"
    },
    {
      "id": "nm1880813",
      "name": "James Everett",
      "character": "Karaoke Man"
    },
    {
      "id": "nm5274285",
      "name": "Samuel Fava",
      "character": "Beggar on Train"
    },
    {
      "id": "nm7083670",
      "name": "Richard Hobday",
      "character": "Policeman       (as Rich Hobday)"
    },
    {
      "id": "nm3561733",
      "name": "Joelle Koissi",
      "character": "Restaurant Patron"
    },
    {
      "id": "nm6798444",
      "name": "Chrispin Lema",
      "character": "Teenager"
    },
    {
      "id": "nm7778645",
      "name": "Graham Long",
      "character": "Shopper"
    },
    {
      "id": "nm6959919",
      "name": "Dawn Lovegrove",
      "character": "Shopper"
    },
    {
      "id": "nm6047942",
      "name": "Billy James Machin",
      "character": "Moped Teen"
    },
    {
      "id": "nm7982813",
      "name": "Hugh McNally",
      "character": "DLR Commuter"
    },
    {
      "id": "nm6808175",
      "name": "Kathryn Mincer",
      "character": "Commuter"
    },
    {
      "id": "nm7814671",
      "name": "Feizal Mowlabocus",
      "character": "Gangster"
    },
    {
      "id": "nm7219884",
      "name": "Glenn Power",
      "character": "George"
    },
    {
      "id": "nm7218548",
      "name": "Rob Anthony Summers",
      "character": "DLR Commuter /              Balaclava Gang Member"
    },
    {
      "id": "nm7219910",
      "name": "Justin Teasdale",
      "character": "DLR Commuter"
    },
    {
      "id": "nm3424461",
      "name": "Thomas Williamson",
      "character": "Teenager"
    }
  ],
  "overview": "Gamers enter virtual reality video game contest for money only to realize things are not the way they seem.",
  "storyline": "MATT and ANNA are a young couple living in London. Anna is starting her career and knows what she wants, whilst Matt is still struggling to find his purpose in life. On the surface they are happy but tensions are beginning to mount. Then one morning masked thugs break into the flat and kidnap Anna before assaulting Matt, locking him into a mysterious vest and leaving him a mobile phone. Matt is told the vest contains a package which he must deliver by following instructions issued to him via the mobile phone. If he fails, tries to seek help, or deviates from their instructions, they will kill Anna. Over the course of one day Matt has to make his way across London in a desperate bid to save his girlfriend as a host of characters attempt to derail him from his mission.",
  "plot": "This section needs expansion. You can help by adding to it. (December 2011)\nFour completely different regular high school teenagers take on a dark leader named Maldark, who goes haywire by escaping from a video game and brings in havoc by bringing in various different monsters (such as Ghouls, Trolls, etc.) to the real world, and where a battle becomes released. Now the four teens must fight together for experience, take out Maldark and his minions and save the real world.",
  "synopsis": null
}