{
  "imdb_id": "tt4470406",
  "tmdb_id": "413438",
  "douban_id": null,
  "title": "El Deseo (2015)",
  "genres": [
    "Short",
    "Drama",
    "Horror",
    "Thriller"
  ],
  "country": "Puerto Rico",
  "version": [
    {
      "runtime": "11 min",
      "description": ""
    }
  ],
  "imdb_rating": null,
  "director": [
    {
      "id": "nm5673226",
      "name": "Angel Janer"
    }
  ],
  "writer": [
    {
      "id": "nm5673226",
      "name": "Angel Janer",
      "description": "writer"
    }
  ],
  "cast": [
    {
      "id": "nm5424491",
      "name": "Isis Cardona",
      "character": "Vanessa"
    },
    {
      "id": "nm5917458",
      "name": "Ricky Josue Perez",
      "character": "Roberto       (as Ricky J. P\u00e9rez)"
    },
    {
      "id": "nm1964427",
      "name": "Jorge Antares",
      "character": ""
    },
    {
      "id": "nm7142819",
      "name": "Marisol Marti",
      "character": "The Wife"
    }
  ],
  "overview": "A young man and his girlfriend take a day off work to seek a mystical place where they hope to get their problems solved.",
  "storyline": "A young man and his girlfriend take a day off work to seek a mystical place where they hope to get their problems solved.",
  "plot": null,
  "synopsis": null
}