{
  "imdb_id": "tt4418398",
  "tmdb_id": "351281",
  "douban_id": null,
  "title": "We Still Steal the Old Way (2016)",
  "genres": [
    "Action",
    "Comedy",
    "Crime",
    "Drama",
    "Thriller"
  ],
  "country": "UK",
  "version": [
    {
      "runtime": "90 min",
      "description": ""
    }
  ],
  "imdb_rating": null,
  "director": [
    {
      "id": "nm1204790",
      "name": "Sacha Bennett"
    }
  ],
  "writer": [
    {
      "id": "nm1204790",
      "name": "Sacha Bennett",
      "description": null
    },
    {
      "id": "nm4913753",
      "name": "Simon Cluett",
      "description": null
    }
  ],
  "cast": [
    {
      "id": "nm0000771",
      "name": "Lysette Anthony",
      "character": "Lizzie Davis"
    },
    {
      "id": "nm0002103",
      "name": "Julian Glover",
      "character": "Sir Edward"
    },
    {
      "id": "nm0000920",
      "name": "Patrick Bergin",
      "character": "George Briggs"
    },
    {
      "id": "nm0644707",
      "name": "Ian Ogilvy",
      "character": "Richie Archer"
    },
    {
      "id": "nm0614854",
      "name": "Billy Murray",
      "character": "Vic Farrow"
    },
    {
      "id": "nm0291694",
      "name": "Tanya Franks",
      "character": "Governor Pryce"
    },
    {
      "id": "nm0378237",
      "name": "Nicky Henson",
      "character": "Jack Houghton"
    },
    {
      "id": "nm0601105",
      "name": "Deborah Moore",
      "character": "Anne-Marie"
    },
    {
      "id": "nm2018573",
      "name": "Sean Cronin",
      "character": "C.P.O. Quinn"
    },
    {
      "id": "nm0085997",
      "name": "Vas Blackwood",
      "character": "David"
    },
    {
      "id": "nm0813066",
      "name": "Cristian Solimeno",
      "character": "Spider"
    },
    {
      "id": "nm0145290",
      "name": "Keith-Lee Castle",
      "character": "Chas"
    },
    {
      "id": "nm0219070",
      "name": "Tony Denham",
      "character": "Butch Kelly"
    },
    {
      "id": "nm0255177",
      "name": "Christopher Ellison",
      "character": "Roy Edwards"
    },
    {
      "id": "nm0421044",
      "name": "Michael Jenn",
      "character": "Don Temple"
    },
    {
      "id": "nm0089438",
      "name": "Sean Blowers",
      "character": "Riley"
    },
    {
      "id": "nm0189468",
      "name": "Brian Croucher",
      "character": "Jimmy Harper"
    },
    {
      "id": "nm1204790",
      "name": "Sacha Bennett",
      "character": "Gun Dealer Prisoner"
    },
    {
      "id": "nm6029032",
      "name": "Roy Martin Thorn",
      "character": "Riot police       (as Roy Thorn)"
    },
    {
      "id": "nm0353184",
      "name": "Linal Haft",
      "character": "Blind Harry"
    },
    {
      "id": "nm5525290",
      "name": "Michael Chapman",
      "character": "Prison riot officer"
    },
    {
      "id": "nm0085944",
      "name": "Paul Blackwell",
      "character": "Police officer"
    },
    {
      "id": "nm2298576",
      "name": "Anouska Mond",
      "character": "Carmen"
    },
    {
      "id": "nm2797216",
      "name": "Shane Nolan",
      "character": "Prison officer"
    },
    {
      "id": "nm7272386",
      "name": "Richard Gething",
      "character": "Armed Robber"
    },
    {
      "id": "nm5387921",
      "name": "Stephen McDade",
      "character": "Riot Officer"
    },
    {
      "id": "nm7939831",
      "name": "Simon Van Der Wolf",
      "character": "Riot Officer /              Body Guard"
    },
    {
      "id": "nm5577985",
      "name": "Mark Preston",
      "character": "Riot police"
    },
    {
      "id": "nm0602496",
      "name": "John Moraitis",
      "character": "Anthony Fiorato"
    },
    {
      "id": "nm2154519",
      "name": "Nick Thomas-Webster",
      "character": "SO19 Lead Officer"
    },
    {
      "id": "nm7286360",
      "name": "Christopher Guest",
      "character": "Prison Guard"
    },
    {
      "id": "nm2054096",
      "name": "Christopher Fosh",
      "character": "P.O. Bond"
    },
    {
      "id": "nm7572132",
      "name": "Ray Neville",
      "character": "Henchman"
    },
    {
      "id": "nm7241213",
      "name": "Sam Rix",
      "character": "Louis"
    },
    {
      "id": "nm0669460",
      "name": "Gordon Peaston",
      "character": "Doctor McDonald"
    },
    {
      "id": "nm0693942",
      "name": "Graham Povey",
      "character": "Manic prisoner"
    },
    {
      "id": "nm1488994",
      "name": "Melvyn Barnes",
      "character": "P.O Smith"
    },
    {
      "id": "nm4514877",
      "name": "Ryan Mercier",
      "character": "Security Guard Dave"
    },
    {
      "id": "nm0043029",
      "name": "Derek Avery",
      "character": "Police Commander"
    },
    {
      "id": "nm1941632",
      "name": "Mike Firth",
      "character": "Prison officer"
    },
    {
      "id": "nm9532874",
      "name": "Paul Etheridge",
      "character": "Prisoner , Riot officer"
    },
    {
      "id": "nm7474287",
      "name": "Jim Macie",
      "character": "Prisoner       (as James Rowlands)"
    },
    {
      "id": "nm5054148",
      "name": "Damola Onadeko",
      "character": "Razor"
    },
    {
      "id": "nm8413222",
      "name": "Andrew Martin",
      "character": "Prisoner"
    },
    {
      "id": "nm0317258",
      "name": "John Giddings",
      "character": "Prison Officer Wight"
    },
    {
      "id": "nm7257993",
      "name": "Randeep Chana",
      "character": "Prisoner"
    },
    {
      "id": "nm8166669",
      "name": "Andrew Martin",
      "character": "Prisoner"
    },
    {
      "id": "nm6798444",
      "name": "Chrispin Lema",
      "character": "Junior Prison Officer       (as Dialungana Lema)"
    }
  ],
  "overview": "The explosive follow-up to We Still Kill The Old Way (2014). Regarded as the best in the business, The Archer Gang is an aging criminal outfit who carry out a daring robbery, but are caught mid-heist.  They are sentenced to do time in Britain's toughest prison.  Once inside, they encounter their old nemesis Slick Vic Farrow (Billy Murray) who is intent on murdering the gang.  The old-school criminals need to use all their wits to stage a daring escape, while dodging Slick Vic, and setting in motion a chain of events which leads to an explosive prison riot.",
  "storyline": "The Archer Gang are back and doing a daring heist in London. Remanded in prison, they will try to break out their old friend Briggs.",
  "plot": "A retired East End gangster, Ritchie Archer, returns to London from Spain to investigate the violent sadistic murder of his brother, Charlie, at the hands of a local street gang called E2. In the process, Ritchie discovers that the police are pussyfooting around the case, out of incompetence, fear or both. Ritchie and his old mates gather to pay their last respects to Charlie, and then set about getting revenge.",
  "synopsis": null
}