{
  "imdb_id": "tt4576560",
  "tmdb_id": "333891",
  "douban_id": null,
  "title": "Soldato semplice (2015)",
  "genres": [
    "Comedy",
    "War"
  ],
  "country": "Italy",
  "version": [
    {
      "runtime": "99 min",
      "description": ""
    }
  ],
  "imdb_rating": 5.6,
  "director": [
    {
      "id": "nm2613677",
      "name": "Paolo Cevoli"
    },
    {
      "id": "nm2391192",
      "name": "Alessio De Leonardis"
    }
  ],
  "writer": [
    {
      "id": "nm2613677",
      "name": "Paolo Cevoli",
      "description": null
    }
  ],
  "cast": [
    {
      "id": "nm2613677",
      "name": "Paolo Cevoli",
      "character": "Gino Montanari"
    },
    {
      "id": "nm7238985",
      "name": "Antonio Orefice",
      "character": "Aniello Pasquale"
    },
    {
      "id": "nm0513352",
      "name": "Luca Lionello",
      "character": "Lieutenant Mazzoleni"
    },
    {
      "id": "nm0209833",
      "name": "Massimo De Lorenzo",
      "character": "Captain Vadal\u00e0"
    },
    {
      "id": "nm4971141",
      "name": "Matteo Cremon",
      "character": "Toni Bortolamoni"
    },
    {
      "id": "nm7238987",
      "name": "Nicola Adobati",
      "character": "Egidio Carminati"
    },
    {
      "id": "nm7238988",
      "name": "Giuseppe Salmetti",
      "character": "Annibale Gervasoni"
    },
    {
      "id": "nm7238986",
      "name": "Giuseppe Spata",
      "character": "Bocia"
    },
    {
      "id": "nm0097950",
      "name": "Silvana Bosi",
      "character": "Gino's Mother"
    },
    {
      "id": "nm7303392",
      "name": "Massimo Fanelli",
      "character": "Nunzio"
    },
    {
      "id": "nm7242936",
      "name": "Toomas Kaldaru",
      "character": "Fritz"
    },
    {
      "id": "nm2152645",
      "name": "Paola Lavini",
      "character": "Elvira"
    },
    {
      "id": "nm0536930",
      "name": "Ernesto Mahieux",
      "character": "School Principal"
    }
  ],
  "overview": null,
  "storyline": "The film is set in 1917 and tells the story of a primary school teacher who because of his libertine and anti-war behavior is forced by his principal to enlist in the Great War in order to not to lose his job. He is destined to a small outpost as heliographic operator. The encounter with the enemy and with characters from every part of Italy, often unable to communicate with each other because of the dialects, ends up to profoundly changing his life.",
  "plot": null,
  "synopsis": null
}