{
  "imdb_id": "tt4536304",
  "tmdb_id": "368573",
  "douban_id": null,
  "title": "A Little Lust (2015)",
  "genres": [
    "Comedy"
  ],
  "country": "Italy",
  "version": [
    {
      "runtime": "104 min",
      "description": ""
    }
  ],
  "imdb_rating": 7.5,
  "director": [
    {
      "id": "nm0686102",
      "name": "Veronica Pivetti"
    }
  ],
  "writer": [
    {
      "id": "nm3257854",
      "name": "Giovanna Gra",
      "description": null
    }
  ],
  "cast": [
    {
      "id": "nm7202167",
      "name": "Andrea Amato",
      "character": "Rocco Bordin"
    },
    {
      "id": "nm3703952",
      "name": "Pia Engleberth",
      "character": "Amanda"
    },
    {
      "id": "nm0969364",
      "name": "Corrado Invernizzi",
      "character": "Manuele Boldrin"
    },
    {
      "id": "nm0686102",
      "name": "Veronica Pivetti",
      "character": "Olga Boldrin"
    },
    {
      "id": "nm7202168",
      "name": "Carolina Pavone",
      "character": "Maria"
    },
    {
      "id": "nm7202169",
      "name": "Francesco De Miranda",
      "character": "Mauri"
    },
    {
      "id": "nm6442852",
      "name": "Riccardo Alemanni",
      "character": "Manetti"
    },
    {
      "id": "nm7959339",
      "name": "Eric Bedini",
      "character": "Carletto"
    },
    {
      "id": "nm6528944",
      "name": "Alessio D'Amico",
      "character": ""
    },
    {
      "id": "nm5740737",
      "name": "Cristian Di Sante",
      "character": ""
    },
    {
      "id": "nm1249540",
      "name": "Filippo Dini",
      "character": "Corrado"
    },
    {
      "id": "nm7207105",
      "name": "Lucia Gravante",
      "character": ""
    },
    {
      "id": "nm5914508",
      "name": "Francesca Saracco",
      "character": "Comparsa"
    },
    {
      "id": "nm2318113",
      "name": "Sara Sartini",
      "character": "Giancola"
    },
    {
      "id": "nm0869010",
      "name": "Carlina Torta",
      "character": ""
    }
  ],
  "overview": null,
  "storyline": "First film directed by Veronica Pivetti. The theme of the film is bullying and homophobia of a teenager at school.",
  "plot": null,
  "synopsis": null
}