{
  "imdb_id": "tt4526922",
  "tmdb_id": "425704",
  "douban_id": null,
  "title": "The Unknowns (2016)",
  "genres": [
    "Documentary"
  ],
  "country": "USA",
  "version": [
    {
      "runtime": "85 min",
      "description": ""
    }
  ],
  "imdb_rating": 8.8,
  "director": [
    {
      "id": "nm8088450",
      "name": "Neal Schrodetzki"
    }
  ],
  "writer": [
    {
      "id": "nm8088451",
      "name": "Ethan Morse",
      "description": null
    },
    {
      "id": "nm8088450",
      "name": "Neal Schrodetzki",
      "description": null
    }
  ],
  "cast": null,
  "overview": "Witness volunteers from the U.S. Army\u2019s most elite ceremonial unit take on the intense training cycle at the Tomb of the Unknown Soldier in Arlington National Cemetery. Journey with the \u2018New Men\u2019 as they progress through a 9 \u00admonth gauntlet of instruction, correction, and the endless pursuit of perfection. Watch as these soldiers are exposed to the rich history and honorable traditions of the brotherhood of Sentinels who guard the Tomb, as they learn what it means to protect our Nation\u2019s Patriots amidst America\u2019s most hallowed grounds.",
  "storyline": "Witness volunteers from the U.S. Army's most elite ceremonial unit take on the intense training cycle at the Tomb of the Unknown Soldier in Arlington National Cemetery. Journey with the 'New Men' as they progress through a 9 month gauntlet of instruction, correction, and the endless pursuit of perfection. Watch as these soldiers are exposed to the rich history and honorable traditions of the brotherhood of Sentinels who guard the Tomb, as they learn what it means to protect our Nation's Patriots amidst America's most hallowed grounds.",
  "plot": null,
  "synopsis": null
}