{
  "imdb_id": "tt4517700",
  "tmdb_id": "370982",
  "douban_id": null,
  "title": "Un posto sicuro (2015)",
  "genres": [
    "Drama"
  ],
  "country": "Italy",
  "version": [],
  "imdb_rating": 6.2,
  "director": [
    {
      "id": "nm4574756",
      "name": "Francesco Ghiaccio"
    }
  ],
  "writer": [
    {
      "id": "nm3634704",
      "name": "Marco D'Amore",
      "description": "written by"
    },
    {
      "id": "nm4574756",
      "name": "Francesco Ghiaccio",
      "description": "written by"
    }
  ],
  "cast": [
    {
      "id": "nm0170168",
      "name": "Giorgio Colangeli",
      "character": "Eduardo"
    },
    {
      "id": "nm3634704",
      "name": "Marco D'Amore",
      "character": "Luca"
    },
    {
      "id": "nm5767201",
      "name": "Matilde Gioli",
      "character": "Raffaella"
    }
  ],
  "overview": null,
  "storyline": "Casale Monferrato, 2011. The town is excited because of the impending verdict of the trial against Eternit, the factory which produced asbestos: the company's managers are in the dock, responding to the harmful effects which have been proved with thousand of deaths. One of the employees who got sick for asbestos is Eduardo: he has been working in the plant for a life and now he is gravely ill. He has little time to repair the relationship with his son Luca, ruined during the past years. And Luca, also thanks to the love for his girlfriend Raffaella, is ready to reconcile.",
  "plot": null,
  "synopsis": null
}