{
  "imdb_id": "tt4580112",
  "tmdb_id": "370628",
  "douban_id": null,
  "title": "Mannenharten 2 (2015)",
  "genres": [
    "Comedy",
    "Romance"
  ],
  "country": "Netherlands",
  "version": [
    {
      "runtime": "92 min",
      "description": ""
    }
  ],
  "imdb_rating": 5.7,
  "director": [
    {
      "id": "nm0167008",
      "name": "Mark de Cloe"
    }
  ],
  "writer": [
    {
      "id": "nm0088858",
      "name": "Marnie Blok",
      "description": null
    }
  ],
  "cast": [
    {
      "id": "nm1126156",
      "name": "Katja Herbers",
      "character": "Nicole"
    },
    {
      "id": "nm0040038",
      "name": "Barry Atsma",
      "character": "Dennis"
    },
    {
      "id": "nm0776934",
      "name": "Daan Schuurmans",
      "character": "Tim"
    },
    {
      "id": "nm0591389",
      "name": "Hadewych Minis",
      "character": "Laura"
    },
    {
      "id": "nm2114593",
      "name": "Matteo van der Grijn",
      "character": ""
    },
    {
      "id": "nm0887206",
      "name": "Jelka van Houten",
      "character": "Melanie"
    },
    {
      "id": "nm1575994",
      "name": "Barbara Sloesen",
      "character": "Maaike"
    },
    {
      "id": "nm2573496",
      "name": "Bo Maerten",
      "character": ""
    },
    {
      "id": "nm2886836",
      "name": "Maartje van de Wetering",
      "character": "Remy"
    },
    {
      "id": "nm0819165",
      "name": "Jeroen Spitzenberger",
      "character": "Wouter"
    },
    {
      "id": "nm6565249",
      "name": "Zo\u00eb van Weert",
      "character": "Backpacker"
    },
    {
      "id": "nm2440848",
      "name": "Liliana de Vries",
      "character": "Maria"
    },
    {
      "id": "nm3100438",
      "name": "Fabian Jansen",
      "character": "Niels"
    },
    {
      "id": "nm4116564",
      "name": "Mingus Dagelet",
      "character": "Fietskoerier Younes"
    },
    {
      "id": "nm7522173",
      "name": "Daan Aufenacker",
      "character": "Dating Course Participant"
    },
    {
      "id": "nm1149324",
      "name": "Edwin Jonker",
      "character": "Winston"
    },
    {
      "id": "nm1468158",
      "name": "Bert Hana",
      "character": "Cursusleider"
    },
    {
      "id": "nm6766870",
      "name": "Liza Macedo dos Santos",
      "character": "Puck"
    },
    {
      "id": "nm7241458",
      "name": "Robert Duursema",
      "character": ""
    },
    {
      "id": "nm8039947",
      "name": "Duy Huynh",
      "character": "Party Guest"
    }
  ],
  "overview": "A lot has changed in the lives of our men, but in the sequel to Men in the City, finding their true love turns out to be everything but a fairytale. So the search continues in full swing.",
  "storyline": "A lot has changed in the lives of our men, but in the sequel to Mannenharten finding their true love turns out to be everything but a fairytale. So the search continues in full swing.",
  "plot": null,
  "synopsis": null
}