{
  "imdb_id": "tt4551314",
  "tmdb_id": "402907",
  "douban_id": null,
  "title": "Odd Job (2016)",
  "genres": [
    "Comedy",
    "Crime"
  ],
  "country": "France",
  "version": [
    {
      "runtime": "107 min",
      "description": ""
    }
  ],
  "imdb_rating": 6.7,
  "director": [
    {
      "id": "nm0154312",
      "name": "Pascal Chaumeil"
    }
  ],
  "writer": [
    {
      "id": "nm6396241",
      "name": "Franz Bartelt",
      "description": "participation as Frantz Bartelt"
    },
    {
      "id": "nm0003508",
      "name": "Michel Blanc",
      "description": "adaptation"
    },
    {
      "id": "nm0003508",
      "name": "Michel Blanc",
      "description": "dialogue"
    },
    {
      "id": "nm0003508",
      "name": "Michel Blanc",
      "description": "screenplay"
    },
    {
      "id": "nm7217235",
      "name": "Iain Levison",
      "description": "novel"
    }
  ],
  "cast": [
    {
      "id": "nm0244151",
      "name": "Romain Duris",
      "character": "Jacques Scoran"
    },
    {
      "id": "nm0003508",
      "name": "Michel Blanc",
      "character": "Gardot"
    },
    {
      "id": "nm3902885",
      "name": "Alice Bela\u00efdi",
      "character": "Anita"
    },
    {
      "id": "nm1086956",
      "name": "Gustave Kervern",
      "character": "Tom"
    },
    {
      "id": "nm3367478",
      "name": "Alex Lutz",
      "character": "Brecht"
    },
    {
      "id": "nm1026008",
      "name": "Charlie Dupont",
      "character": "Jeff"
    },
    {
      "id": "nm0334740",
      "name": "Philippe Grand'Henry",
      "character": "Carl"
    },
    {
      "id": "nm7179123",
      "name": "Thomas Mustin",
      "character": "Mulot"
    },
    {
      "id": "nm5077308",
      "name": "Ga\u00ebl Soudron",
      "character": "Pierrot"
    },
    {
      "id": "nm0872488",
      "name": "Carole Trevoux",
      "character": "Katie"
    },
    {
      "id": "nm0221029",
      "name": "Patrick Descamps",
      "character": "Walter"
    },
    {
      "id": "nm2245285",
      "name": "Fabrice Adde",
      "character": "Inspecteur Mass\u00e9"
    },
    {
      "id": "nm2973991",
      "name": "Anne Paulicevich",
      "character": "Inspecteur 1"
    },
    {
      "id": "nm0703297",
      "name": "David Quertigniez",
      "character": "Inspecteur 2"
    },
    {
      "id": "nm4163834",
      "name": "Beno\u00eet Strulus",
      "character": "Homme police"
    },
    {
      "id": "nm2709314",
      "name": "Martin Spinhayer",
      "character": "Flic 1"
    },
    {
      "id": "nm3640409",
      "name": "Guillaume Clement",
      "character": "Flic 2"
    },
    {
      "id": "nm4020370",
      "name": "Antojo",
      "character": "Pilote       (as AntojO)"
    },
    {
      "id": "nm2519796",
      "name": "Isabelle Darras",
      "character": "M\u00e9lanie"
    },
    {
      "id": "nm4311481",
      "name": "Anabel Lopez",
      "character": "Karine Bardot"
    },
    {
      "id": "nm2321291",
      "name": "St\u00e9phanie Crayencour",
      "character": "Cathie"
    },
    {
      "id": "nm4408584",
      "name": "Iv\u00e1n Marcos",
      "character": "Jaime"
    },
    {
      "id": "nm5296706",
      "name": "Ana Rodr\u00edguez",
      "character": "Fille espagnole 1"
    },
    {
      "id": "nm6337508",
      "name": "Yolanda Romero",
      "character": "Fille espagnole 2"
    },
    {
      "id": "nm8416295",
      "name": "Carlos Manera",
      "character": "R\u00e9ceptionniste"
    },
    {
      "id": "nm1564138",
      "name": "Cathy Grosjean",
      "character": "H\u00f4tesse de police"
    },
    {
      "id": "nm2451490",
      "name": "Kevin Van Doorslaer",
      "character": "L'ex d'Anita"
    },
    {
      "id": "nm2842420",
      "name": "H\u00e9l\u00e8ne Moor",
      "character": "H\u00f4tesse h\u00f4pital"
    },
    {
      "id": "nm10349109",
      "name": "Andr\u00e9 Pasquasy",
      "character": "Ouvrier usine"
    },
    {
      "id": "nm6482769",
      "name": "Yolanda Romero",
      "character": "Fille espagnole 2"
    }
  ],
  "overview": null,
  "storyline": "An unemployed factory worker takes a job as a hit man to make ends meet.",
  "plot": null,
  "synopsis": null
}