{
  "imdb_id": "tt4589186",
  "tmdb_id": "358725",
  "douban_id": null,
  "title": "Saint Amour (2016)",
  "genres": [
    "Comedy",
    "Drama"
  ],
  "country": "France",
  "version": [
    {
      "runtime": "101 min",
      "description": ""
    }
  ],
  "imdb_rating": 6.2,
  "director": [
    {
      "id": "nm0218022",
      "name": "Beno\u00eet Del\u00e9pine"
    },
    {
      "id": "nm1086956",
      "name": "Gustave Kervern"
    }
  ],
  "writer": [
    {
      "id": "nm0218022",
      "name": "Beno\u00eet Del\u00e9pine",
      "description": "screenplay"
    },
    {
      "id": "nm1086956",
      "name": "Gustave Kervern",
      "description": "screenplay"
    }
  ],
  "cast": [
    {
      "id": "nm0000367",
      "name": "G\u00e9rard Depardieu",
      "character": "Jean"
    },
    {
      "id": "nm0688143",
      "name": "Beno\u00eet Poelvoorde",
      "character": "Bruno"
    },
    {
      "id": "nm3228320",
      "name": "Vincent Lacoste",
      "character": "Mike"
    },
    {
      "id": "nm2072818",
      "name": "C\u00e9line Sallette",
      "character": "Venus"
    },
    {
      "id": "nm1086956",
      "name": "Gustave Kervern",
      "character": "L'oncle"
    },
    {
      "id": "nm0275138",
      "name": "Andr\u00e9a Ferr\u00e9ol",
      "character": "La femme du petit-d\u00e9jeuner"
    },
    {
      "id": "nm0557859",
      "name": "Chiara Mastroianni",
      "character": "La patronne de la baraque \u00e0 frites"
    },
    {
      "id": "nm3495920",
      "name": "Iz\u00efa Higelin",
      "character": "L'ex de Bruno"
    },
    {
      "id": "nm0320759",
      "name": "Ana Girardot",
      "character": "La jumelle"
    },
    {
      "id": "nm0396391",
      "name": "Michel Houellebecq",
      "character": "Le propri\u00e9taire de la maison d'h\u00f4tes"
    },
    {
      "id": "nm7785385",
      "name": "Pascal Merle",
      "character": "L'\u00e9leveur de taureaux"
    },
    {
      "id": "nm3554396",
      "name": "Fr\u00e9d\u00e9ric Felder",
      "character": "Le gars stand Bourgogne"
    },
    {
      "id": "nm2198215",
      "name": "Blutch",
      "character": "Le gars stand Alsace"
    },
    {
      "id": "nm2312927",
      "name": "St\u00e9phanie Pillonca",
      "character": "La dame en famille"
    },
    {
      "id": "nm5107710",
      "name": "Raymond Defoss\u00e9",
      "character": "Follin"
    },
    {
      "id": "nm3592232",
      "name": "Xavier Mathieu",
      "character": "Didier"
    },
    {
      "id": "nm7519241",
      "name": "Marthe Gu\u00e9rin Caufman",
      "character": "Marie de Picardie"
    },
    {
      "id": "nm4296971",
      "name": "Sol\u00e8ne Rigot",
      "character": "Jennifer, la serveuse du restaurant"
    },
    {
      "id": "nm3272086",
      "name": "Mahault Mollaret",
      "character": "La future mari\u00e9e"
    },
    {
      "id": "nm7785387",
      "name": "Lydie Ledoeuff",
      "character": "Copine de la future mari\u00e9e"
    },
    {
      "id": "nm7785388",
      "name": "Charlotte Mas",
      "character": "Copine de la future mari\u00e9e"
    },
    {
      "id": "nm7785389",
      "name": "Marine Pages",
      "character": "Copine de la future mari\u00e9e"
    },
    {
      "id": "nm5979450",
      "name": "Juliette Seydoux",
      "character": "Copine de la future mari\u00e9e"
    },
    {
      "id": "nm7785390",
      "name": "Jean-Louis Jacob",
      "character": "Le proph\u00e8te"
    },
    {
      "id": "nm0653994",
      "name": "Ovidie",
      "character": "La fille de l'agence immobili\u00e8re"
    },
    {
      "id": "nm1589015",
      "name": "Isabelle Del\u00e9pine",
      "character": "La patronne de l'agence immobili\u00e8re"
    },
    {
      "id": "nm7785386",
      "name": "Madphil",
      "character": "Pipoune, le futur mari\u00e9"
    },
    {
      "id": "nm7785391",
      "name": "C\u00e9cile Jullien",
      "character": "Serveuse h\u00f4tel"
    },
    {
      "id": "nm7785392",
      "name": "Cl\u00e9ment Perrodin",
      "character": "Speaker salon"
    },
    {
      "id": "nm7785393",
      "name": "Jimmy Ressiot",
      "character": "Employ\u00e9 ferme"
    },
    {
      "id": "nm0603446",
      "name": "Yolande Moreau",
      "character": "Marie       (voice)"
    }
  ],
  "overview": "Every year, Bruno makes a tour of all the wine stands, without setting foot outside the Show\u2019s premises and without ever finishing his wine trail. This year, his father suggests they finish it together, but a real wine trail, across the French countryside. Accompanied by Mike, a young, quirky taxi driver, they set off in the direction of France\u2019s major wine regions. Together, they are going to discover not only the wine trails, but also the road that leads back to Love.",
  "storyline": "Chaos ensues when a father and son travel to a farm festival via the Wine Trail in a Parisian taxi.",
  "plot": null,
  "synopsis": null
}