{
  "imdb_id": "tt4699130",
  "tmdb_id": "387026",
  "douban_id": null,
  "title": "Saturday's Warrior (2016)",
  "genres": [
    "Musical"
  ],
  "country": "USA",
  "version": [
    {
      "runtime": "120 min",
      "description": ""
    }
  ],
  "imdb_rating": 6.2,
  "director": [
    {
      "id": "nm2147659",
      "name": "Michael Buster"
    }
  ],
  "writer": [
    {
      "id": "nm2147659",
      "name": "Michael Buster",
      "description": "screen adaptation and"
    },
    {
      "id": "nm7339799",
      "name": "Heather Ravarino",
      "description": "screen adaptation &"
    },
    {
      "id": "nm0207185",
      "name": "Lex de Azevedo",
      "description": "screen adaptation"
    },
    {
      "id": "nm0829342",
      "name": "Douglas C. Stewart",
      "description": "characters"
    },
    {
      "id": "nm0829342",
      "name": "Douglas C. Stewart",
      "description": "story"
    },
    {
      "id": "nm8037426",
      "name": "Doug Stewart",
      "description": "book"
    }
  ],
  "cast": [
    {
      "id": "nm5752521",
      "name": "Jacob Buster",
      "character": "Ernie Flinders"
    },
    {
      "id": "nm4121613",
      "name": "Bailee Michelle Johnson",
      "character": "Shelly Flinders"
    },
    {
      "id": "nm5090015",
      "name": "Anna Daines",
      "character": "Pam Flinders"
    },
    {
      "id": "nm7528494",
      "name": "Monica Moore Smith",
      "character": "Julie Flinders"
    },
    {
      "id": "nm6475805",
      "name": "Mason D. Davis",
      "character": "Tod Richards"
    },
    {
      "id": "nm2326393",
      "name": "Jarrod Phillips",
      "character": "M.C."
    },
    {
      "id": "nm3839305",
      "name": "Caroline Labrum",
      "character": "Alice Flinders"
    },
    {
      "id": "nm7655040",
      "name": "Clint Pulver",
      "character": "Elder Kestler"
    },
    {
      "id": "nm6922643",
      "name": "Chelsea Jurkiewicz",
      "character": "Concert Goer"
    },
    {
      "id": "nm7036686",
      "name": "Kenny Holland",
      "character": "Jimmy Flinders"
    },
    {
      "id": "nm1485790",
      "name": "Bayli Baker",
      "character": "Heavenly Dancer"
    },
    {
      "id": "nm0163729",
      "name": "Brian Neal Clark",
      "character": "Adam Flinders       (as Brian Clark)"
    },
    {
      "id": "nm0089597",
      "name": "Carlton Bluford",
      "character": "Mack"
    },
    {
      "id": "nm0113518",
      "name": "Emilie de Azevedo Brown",
      "character": "Kestler's Mom"
    },
    {
      "id": "nm7620319",
      "name": "Morgan Gunter",
      "character": "Elder Greene"
    },
    {
      "id": "nm3537517",
      "name": "Grace Hallows",
      "character": "Hannah - Piano Student"
    },
    {
      "id": "nm5209523",
      "name": "Cooper Daniel Johnson",
      "character": "Young Jimmy"
    },
    {
      "id": "nm1141058",
      "name": "Alison Akin Clark",
      "character": "Terri Flinders"
    },
    {
      "id": "nm8294377",
      "name": "Devin K. Hansen",
      "character": "Flinder's Family Fan       (as Devin Hansen)"
    },
    {
      "id": "nm1902916",
      "name": "Alex Boye",
      "character": "Heavenly Guide"
    },
    {
      "id": "nm5752524",
      "name": "Christopher Buster",
      "character": "Bully Kid #2"
    },
    {
      "id": "nm5433378",
      "name": "Jazmine Shaw",
      "character": "Flower Children Soloist"
    },
    {
      "id": "nm5257056",
      "name": "Matt Hale",
      "character": "Flinders Family Fan"
    },
    {
      "id": "nm5337977",
      "name": "Evan Clark",
      "character": "Park Kid"
    },
    {
      "id": "nm6888492",
      "name": "Pete Day",
      "character": "Kestler's Dad"
    },
    {
      "id": "nm5093413",
      "name": "Debbie Starr Jackson",
      "character": "Hippie Concert Goer"
    },
    {
      "id": "nm7796243",
      "name": "Abigail Baugh",
      "character": "Emily Flinders"
    },
    {
      "id": "nm6585734",
      "name": "Kal\u00e9a Atkinson",
      "character": "Ballet student"
    },
    {
      "id": "nm7997602",
      "name": "Ryan Eggett",
      "character": "Doctor #2"
    },
    {
      "id": "nm8230290",
      "name": "Jared White",
      "character": "Club Patron"
    },
    {
      "id": "nm7997629",
      "name": "Madison Stone",
      "character": "Flower Children Dancer"
    },
    {
      "id": "nm7997615",
      "name": "Mia Clark",
      "character": "Park Kid"
    },
    {
      "id": "nm3752725",
      "name": "Ethan Mouser",
      "character": "Benjy Flinders"
    },
    {
      "id": "nm3525157",
      "name": "Susan Phelan",
      "character": "Passing Woman"
    },
    {
      "id": "nm7351963",
      "name": "Aaron de Azevedo",
      "character": "Zolt\u00e1n - Warrior Guitarist"
    },
    {
      "id": "nm7366097",
      "name": "Katie O'Curran",
      "character": "Flight Attendant       (as Katie Elizabeth Curran)"
    },
    {
      "id": "nm3599760",
      "name": "Ronda Dennis",
      "character": "Extra"
    },
    {
      "id": "nm7997603",
      "name": "Melissa Burke",
      "character": "Nurse"
    },
    {
      "id": "nm5601066",
      "name": "Richie T. Steadman",
      "character": "Jogger"
    },
    {
      "id": "nm7997589",
      "name": "Gage Watt",
      "character": "Bully Kid #3"
    },
    {
      "id": "nm2584474",
      "name": "Ken McCormick",
      "character": "Funeral Attendee"
    },
    {
      "id": "nm8096255",
      "name": "Seth Williams",
      "character": "Heavenly Choir /              Flower Children"
    },
    {
      "id": "nm7997608",
      "name": "Brooklyn Hansen",
      "character": "Ballet Student"
    },
    {
      "id": "nm7997587",
      "name": "Kevin Swiss",
      "character": "Tod's Dad"
    },
    {
      "id": "nm8663295",
      "name": "Aria Buckley",
      "character": "Ballet Student"
    },
    {
      "id": "nm7997598",
      "name": "Kelley McCormick",
      "character": "Funeral Attendee"
    },
    {
      "id": "nm7997627",
      "name": "Meredith Christensen",
      "character": "Flower Children Dancer"
    },
    {
      "id": "nm6098737",
      "name": "Steven Sharp Nelson",
      "character": "Special Appearance"
    },
    {
      "id": "nm7997580",
      "name": "Kai Fox",
      "character": "Toddler Jimmy"
    },
    {
      "id": "nm7997628",
      "name": "Sadie George",
      "character": "Flower Children Dancer"
    },
    {
      "id": "nm5399107",
      "name": "Mark Rose",
      "character": "Flower Children Dancer"
    },
    {
      "id": "nm7997605",
      "name": "Kalea Atkinson",
      "character": "Ballet Student"
    },
    {
      "id": "nm6934188",
      "name": "Chipper Meyer",
      "character": "Volkswagen Bug Driver"
    },
    {
      "id": "nm7997593",
      "name": "Alexa Wood",
      "character": "Flight Attendant"
    },
    {
      "id": "nm8652630",
      "name": "Larry l Clifton",
      "character": "Airport Passanger"
    },
    {
      "id": "nm7577818",
      "name": "Spencer Cox",
      "character": "Hippie Guitarist"
    },
    {
      "id": "nm7997595",
      "name": "Bria McCormick",
      "character": "Funeral Attendee"
    },
    {
      "id": "nm7997607",
      "name": "India Colarusso",
      "character": "Ballet Student"
    },
    {
      "id": "nm5938387",
      "name": "Kassandra Haddock",
      "character": "Courtney Rose"
    },
    {
      "id": "nm7997616",
      "name": "Abigail Nilsen",
      "character": "Flower Children Violinist"
    },
    {
      "id": "nm7997588",
      "name": "Ethan Suttner",
      "character": "Bully Kid #1"
    },
    {
      "id": "nm7997583",
      "name": "Scarlett Robertson",
      "character": "Toddler Julie"
    },
    {
      "id": "nm5427755",
      "name": "Kate Curran",
      "character": "Flight Attendant"
    },
    {
      "id": "nm7997600",
      "name": "Madison Stevenson",
      "character": "Funeral Attendee"
    },
    {
      "id": "nm7846251",
      "name": "Narayanan",
      "character": "Hindu Man"
    },
    {
      "id": "nm7997581",
      "name": "Trigg Fox",
      "character": "Toddler Jimmy"
    },
    {
      "id": "nm7351988",
      "name": "Cambria Ravarino",
      "character": "Flower Children Soloist"
    },
    {
      "id": "nm8785695",
      "name": "Mariah Wells",
      "character": "Flower Child /              Heavenly Chior Angel"
    },
    {
      "id": "nm7997585",
      "name": "C.J. Drisdom",
      "character": "Rastafarian"
    },
    {
      "id": "nm7997611",
      "name": "Bella Madsen",
      "character": "Ballet Student"
    },
    {
      "id": "nm7997614",
      "name": "Mary Nelson",
      "character": "Annoyed Woman"
    },
    {
      "id": "nm5951240",
      "name": "Jake Bowen",
      "character": "Record Producer"
    },
    {
      "id": "nm7997031",
      "name": "Risa Tanaka",
      "character": "Heavenly Dancer"
    },
    {
      "id": "nm7997586",
      "name": "Shayna Swiss",
      "character": "Tod's Mom"
    },
    {
      "id": "nm8074407",
      "name": "Matt Casady",
      "character": "Heavenly Choir Member"
    },
    {
      "id": "nm7545243",
      "name": "James Bounous",
      "character": "Peter"
    },
    {
      "id": "nm7997590",
      "name": "Canyon Jessop",
      "character": "Bully Kid #4"
    },
    {
      "id": "nm7997591",
      "name": "Chris Garcia",
      "character": "Bully Kid #5"
    },
    {
      "id": "nm7879609",
      "name": "Casey Robertson",
      "character": "Doctor #1"
    },
    {
      "id": "nm7997597",
      "name": "Capri McCormick",
      "character": "Funeral Attendee"
    },
    {
      "id": "nm7997596",
      "name": "Camry McCormick",
      "character": "Funeral Attendee"
    },
    {
      "id": "nm7997032",
      "name": "Chenelle Young",
      "character": "Heavenly Dancer"
    },
    {
      "id": "nm7997604",
      "name": "Danielle Enkey",
      "character": "Dance Teacher"
    },
    {
      "id": "nm7997601",
      "name": "Johnny Call",
      "character": "Hippie"
    },
    {
      "id": "nm7997584",
      "name": "Hailey Montierth",
      "character": "Baby Emily"
    },
    {
      "id": "nm7997582",
      "name": "Dylanie Tyree",
      "character": "Toddler Pam"
    },
    {
      "id": "nm7997579",
      "name": "Asher Swiss",
      "character": "Young Tod"
    },
    {
      "id": "nm7997599",
      "name": "London McCormick",
      "character": "Funeral Attendee"
    },
    {
      "id": "nm7997610",
      "name": "Arden Kearl",
      "character": "Ballet Student"
    },
    {
      "id": "nm7997034",
      "name": "Brian Medeiros",
      "character": "Brian - Warrior Drummer"
    },
    {
      "id": "nm7997626",
      "name": "Zach Baker",
      "character": "Flower Children Dancer"
    },
    {
      "id": "nm7997609",
      "name": "Brylee Jorgensen",
      "character": "Ballet Student"
    },
    {
      "id": "nm2028197",
      "name": "Jon Schmidt",
      "character": "Special Apperance"
    },
    {
      "id": "nm7997617",
      "name": "John Wray",
      "character": "Flower Children Soloist"
    },
    {
      "id": "nm7997033",
      "name": "Denali Pontvianne Toledo",
      "character": "Heavenly Dancer"
    },
    {
      "id": "nm7997036",
      "name": "Audrey Bledsoe",
      "character": "Young Pam"
    },
    {
      "id": "nm7997594",
      "name": "Alec Hepola",
      "character": "Funeral Attendee"
    },
    {
      "id": "nm7997592",
      "name": "Sarah Jackson",
      "character": "Flight Attendant"
    },
    {
      "id": "nm7997612",
      "name": "Claire Robertson",
      "character": "Ballet Student"
    }
  ],
  "overview": "A group of siblings comes to earth to experience trials crucial to their eternal progression and learn the true meaning of their existence.",
  "storyline": "A group of siblings comes to earth to experience trials crucial to their eternal progression and learn the true meaning of their existence.",
  "plot": "Book: LDS cinemaAdded Upon",
  "synopsis": null
}