{
  "imdb_id": "tt4686500",
  "tmdb_id": "352573",
  "douban_id": null,
  "title": "Ayal Njanalla (2015)",
  "genres": [
    "Comedy",
    "Romance"
  ],
  "country": "India",
  "version": [
    {
      "runtime": "146 min",
      "description": ""
    }
  ],
  "imdb_rating": 5.5,
  "director": [
    {
      "id": "nm0474910",
      "name": "Vineeth Kumar"
    }
  ],
  "writer": [
    {
      "id": "nm1066396",
      "name": "Renjith",
      "description": null
    }
  ],
  "cast": [
    {
      "id": "nm1335704",
      "name": "Fahadh Faasil",
      "character": "Prakashan aka Pachu /              Himself"
    },
    {
      "id": "nm5684419",
      "name": "Mrudula Murali",
      "character": "Isha"
    },
    {
      "id": "nm0712439",
      "name": "T.G. Ravi",
      "character": "Chandran"
    },
    {
      "id": "nm5346772",
      "name": "Divya Pillai",
      "character": "Heera"
    },
    {
      "id": "nm6178903",
      "name": "S.P. Sreekumar",
      "character": "Jomon Tharakan       (as Sreekumar)"
    },
    {
      "id": "nm2184443",
      "name": "Tini Tom",
      "character": "Chacko"
    },
    {
      "id": "nm6557590",
      "name": "Jins Baskar",
      "character": "Arun"
    },
    {
      "id": "nm6394540",
      "name": "Babu Annur",
      "character": "Aravindan"
    },
    {
      "id": "nm7328055",
      "name": "Aileena Catherin Amon",
      "character": "Sruthi"
    },
    {
      "id": "nm7638115",
      "name": "Benpal",
      "character": "Vasu"
    },
    {
      "id": "nm7638117",
      "name": "Kalpana",
      "character": "Isha's Mother"
    },
    {
      "id": "nm7097283",
      "name": "Noby Marcose",
      "character": "Sabu       (as Nobi)"
    },
    {
      "id": "nm3440031",
      "name": "Dinesh Nair",
      "character": "Christopher Vasco"
    },
    {
      "id": "nm7638114",
      "name": "J.K. Nair",
      "character": "Dhirubhai"
    },
    {
      "id": "nm1001625",
      "name": "Renji Panicker",
      "character": "K.P.K. Menon"
    },
    {
      "id": "nm4567424",
      "name": "Sandya",
      "character": "Usha"
    },
    {
      "id": "nm6234506",
      "name": "Akshat Singh",
      "character": "Mottu"
    },
    {
      "id": "nm7638116",
      "name": "Subeesh Sudhi",
      "character": "Gardener       (as Subeesh)"
    },
    {
      "id": "nm7328054",
      "name": "Sijoy Varghese",
      "character": "Manaf"
    }
  ],
  "overview": "This film revolves around a youth named Prakashan, who moved to Gujarat 15 years ago.[6] Prakashan (Fahadh Faasil) works an assistant to his uncle (T G Ravi) who runs a decrepit tyre shop at Kutch. Having moved to Gujarat years back, Prakashan nurtures a dream of marrying Esha (Mrudula Murali) and of paying off his uncle's debts.",
  "storyline": "This film revolves around a businessman named Prakashan, whose family moved to Gujarat 15 years ago.",
  "plot": "This film revolves around a youth named Prakashan, who moved to Gujarat 15 years ago. Prakashan (Fahadh Faasil) works as an assistant to his uncle (T G Ravi) who runs a decrepit tire shop at Kutch. Having moved to Gujarat years back, Prakashan nurtures a dream of marrying Esha (Mrudula Murali) and of paying off his uncle's debts. Hoping to sell off his ancestral property in Kerala, Parakshan heads to Bangalore to meet an old school mate Arun (Jins Baskar), where he is mistaken for a celebrity.",
  "synopsis": null
}