{
  "imdb_id": "tt4687464",
  "tmdb_id": "381018",
  "douban_id": null,
  "title": "Transpecos (2016)",
  "genres": [
    "Thriller"
  ],
  "country": "USA",
  "version": [
    {
      "runtime": "86 min",
      "description": ""
    }
  ],
  "imdb_rating": 5.8,
  "director": [
    {
      "id": "nm3613117",
      "name": "Greg Kwedar"
    }
  ],
  "writer": [
    {
      "id": "nm3286079",
      "name": "Clint Bentley",
      "description": null
    },
    {
      "id": "nm3613117",
      "name": "Greg Kwedar",
      "description": null
    }
  ],
  "cast": [
    {
      "id": "nm2215447",
      "name": "Johnny Simmons",
      "character": "Benjamin Davis"
    },
    {
      "id": "nm1890981",
      "name": "Gabriel Luna",
      "character": "Lance Flores"
    },
    {
      "id": "nm0004286",
      "name": "Clifton Collins Jr.",
      "character": "Lou Hobbs"
    },
    {
      "id": "nm0004198",
      "name": "David Acord",
      "character": "Dispatch /              700"
    },
    {
      "id": "nm3311570",
      "name": "Oscar Avila",
      "character": "Mexican Leader"
    },
    {
      "id": "nm3287985",
      "name": "Luis Bordonada",
      "character": "Valdez"
    },
    {
      "id": "nm4311291",
      "name": "Will Brittain",
      "character": "Agent Hendricks"
    },
    {
      "id": "nm1790494",
      "name": "Alex Knight",
      "character": "Man in car"
    },
    {
      "id": "nm4507021",
      "name": "Jake Lockett",
      "character": "Agent Jaeger"
    },
    {
      "id": "nm0554976",
      "name": "Alma Martinez",
      "character": "Marisa"
    },
    {
      "id": "nm1254942",
      "name": "Lora Martinez-Cunningham",
      "character": "Agent Lupo"
    },
    {
      "id": "nm1721010",
      "name": "Robert Douglas Washington",
      "character": "Young Agent"
    },
    {
      "id": "nm0017556",
      "name": "Ralph Alderman",
      "character": "Chief Carter"
    },
    {
      "id": "nm0575339",
      "name": "Julio Oscar Mechoso",
      "character": "Miguel Hernandez"
    }
  ],
  "overview": "For three US Border Patrol agents, the contents of one car reveal an insidious plot within their own ranks. The next 24 hours may cost them their lives.",
  "storyline": "For three Border Patrol agents working a remote desert checkpoint, the contents of one car will reveal an insidious plot within their own ranks. The next 24 hours will take them on a treacherous journey that could cost them their lives.",
  "plot": null,
  "synopsis": null
}