{
  "imdb_id": "tt4643432",
  "tmdb_id": "395452",
  "douban_id": null,
  "title": "In the Forests of Siberia (2016)",
  "genres": [
    "Adventure",
    "Drama"
  ],
  "country": "France",
  "version": [
    {
      "runtime": "105 min",
      "description": ""
    }
  ],
  "imdb_rating": 6.9,
  "director": [
    {
      "id": "nm1465130",
      "name": "Safy Nebbou"
    }
  ],
  "writer": [
    {
      "id": "nm1465130",
      "name": "Safy Nebbou",
      "description": "screenplay"
    },
    {
      "id": "nm1190532",
      "name": "David Oelhoffen",
      "description": "screenplay"
    },
    {
      "id": "nm2159321",
      "name": "Sylvain Tesson",
      "description": "book"
    }
  ],
  "cast": [
    {
      "id": "nm0675521",
      "name": "Rapha\u00ebl Personnaz",
      "character": "Teddy"
    },
    {
      "id": "nm0796606",
      "name": "Evgeniy Sidikhin",
      "character": "Aleksei"
    }
  ],
  "overview": "Based on book of the same name (Dans les for\u00eats de Sib\u00e9rie). Tells the story how Sylvain Tesson lived isolated for six months in a cabin in Siberia, on the northwestern shore of Lake Baikal.",
  "storyline": "Fed up with the hectic, senseless world he lives in, Teddy decides to settle down alone in Siberia, in the midst of winter, in a hut by the shore of Lake Baikal. After an initial period of elation in front of the splendor and magic of unspoiled nature, Teddy soon finds himself confronted with the less glossy side of things : solitude, extreme cold, the necessity to find food, danger... One night Teddy gets lost in a blizzard and would be doomed to a certain death, were it not for Aleksei, a Russian convict living hidden away in the forest nearby, who rescues him in extremis. Friendship soon blossoms between the two men...",
  "plot": null,
  "synopsis": null
}