{
  "imdb_id": "tt4786108",
  "tmdb_id": "346662",
  "douban_id": null,
  "title": "Treurgrond (2015)",
  "genres": [
    "Crime",
    "Drama"
  ],
  "country": "South Africa",
  "version": [
    {
      "runtime": "91 min",
      "description": ""
    }
  ],
  "imdb_rating": 8.0,
  "director": [
    {
      "id": "nm0740213",
      "name": "Darrell Roodt"
    }
  ],
  "writer": [
    {
      "id": "nm7495719",
      "name": "Tarryn-Tanille Prinsloo",
      "description": null
    }
  ],
  "cast": [
    {
      "id": "nm0389417",
      "name": "Steve Hofmeyr",
      "character": "Lukas van Staden"
    },
    {
      "id": "nm0839741",
      "name": "Shaleen Surtie-Richards",
      "character": "Katie"
    },
    {
      "id": "nm4248946",
      "name": "Jana Strydom",
      "character": "Helena Schoeman"
    },
    {
      "id": "nm5736228",
      "name": "Boikie Pholo",
      "character": "Daniel Lebona"
    },
    {
      "id": "nm2334393",
      "name": "Erica Wessels",
      "character": "Nellie van Staden"
    },
    {
      "id": "nm5668847",
      "name": "Graeme Kriega",
      "character": "Edwin Labona"
    },
    {
      "id": "nm2339033",
      "name": "Andre Frauenstein",
      "character": "Andre van Staden"
    },
    {
      "id": "nm0893228",
      "name": "Barbara-Mari\u00e9 Immelman",
      "character": "Christa van Staden       (as Barbara Marie Immelman)"
    },
    {
      "id": "nm1941303",
      "name": "Deon Coetzee",
      "character": "Farmer #2"
    },
    {
      "id": "nm4145580",
      "name": "Eddie de Jager",
      "character": "Willem"
    },
    {
      "id": "nm7401644",
      "name": "Ds. Johan Els",
      "character": "The Vicar"
    },
    {
      "id": "nm0326808",
      "name": "Jacques Gombault",
      "character": "Farmer #1"
    },
    {
      "id": "nm0448889",
      "name": "Vicky Kente",
      "character": "The Judge"
    },
    {
      "id": "nm3827844",
      "name": "Richard Lukunku",
      "character": "Sergeant Morena"
    },
    {
      "id": "nm7401643",
      "name": "Etienne Scott",
      "character": "Loekie van Staden"
    },
    {
      "id": "nm7401642",
      "name": "Marze van den Heever",
      "character": "Sarah van Staden"
    },
    {
      "id": "nm1451799",
      "name": "Richard van der Westhuizen",
      "character": "Voorsitter"
    },
    {
      "id": "nm7861596",
      "name": "Candice Weber",
      "character": "Bartender"
    }
  ],
  "overview": "Treurgrond tells the painful story of a farming community in South Africa trying to survive the numerous farm attacks confronting farmers almost every day. These gruesome acts affect not just those closely related to the victims, but set in motion a chain of events. Amidst the pressure and anxiety increased by the growing number of farm murders, Lukas Van Staden tries to protect his family, his friends and his farm.",
  "storyline": "Treurgrond tells the painful story of a farming community in South Africa trying to survive the numerous farm attacks confronting farmers almost every day. These gruesome acts affect not just those closely related to the victims, but set in motion a chain of events. Amidst the pressure and anxiety increased by the growing number of farm murders, Lukas Van Staden tries to protect his family, his friends and his farm.",
  "plot": null,
  "synopsis": null
}