{
  "imdb_id": "tt4715290",
  "tmdb_id": "388921",
  "douban_id": null,
  "title": "Bach in Brazil (2015)",
  "genres": [
    "Comedy",
    "Drama",
    "Music"
  ],
  "country": "Brazil",
  "version": [
    {
      "runtime": "90 min",
      "description": ""
    }
  ],
  "imdb_rating": 6.8,
  "director": [
    {
      "id": "nm0013989",
      "name": "Ansgar Ahlers"
    }
  ],
  "writer": [
    {
      "id": "nm0013989",
      "name": "Ansgar Ahlers",
      "description": null
    },
    {
      "id": "nm7676828",
      "name": "Ansgar Ahlers",
      "description": "writer"
    },
    {
      "id": "nm7676833",
      "name": "Soern Menning",
      "description": "co-writer"
    },
    {
      "id": "nm7353583",
      "name": "Soern Finn Menning",
      "description": null
    }
  ],
  "cast": [
    {
      "id": "nm0783124",
      "name": "Edgar Selge",
      "character": "Marten Br\u00fcckling"
    },
    {
      "id": "nm3942007",
      "name": "Pablo Vinicius",
      "character": "Fernando"
    },
    {
      "id": "nm1027820",
      "name": "Aldri Anuncia\u00e7\u00e3o",
      "character": "Candido"
    },
    {
      "id": "nm0909515",
      "name": "Franziska Walser",
      "character": "Marianne"
    },
    {
      "id": "nm7489212",
      "name": "Dhonata Augusto",
      "character": "Heitor"
    },
    {
      "id": "nm0300300",
      "name": "Mar\u00edlia Gabriela",
      "character": "Ministerin"
    },
    {
      "id": "nm1767798",
      "name": "Tha\u00eds Garayp",
      "character": "Aufseherin"
    },
    {
      "id": "nm0335849",
      "name": "Helene Grass",
      "character": "Notarin"
    },
    {
      "id": "nm0466234",
      "name": "Hans-Peter Korff",
      "character": "Prinz"
    },
    {
      "id": "nm0502293",
      "name": "George Lenz",
      "character": "Festivalveranstalter"
    },
    {
      "id": "nm0517885",
      "name": "Peter Lohmeyer",
      "character": "Knut Schuhmann"
    },
    {
      "id": "nm0626161",
      "name": "Stepan Nercessian",
      "character": "Direktor"
    },
    {
      "id": "nm0662843",
      "name": "Isabella Parkinson",
      "character": "Brazilian Advocate"
    }
  ],
  "overview": "Inspired by true events, this is a story about what happens when two outsiders from opposite corners of the world are thrown together: Brazil and Germany. Marten Brueckling, a retired music teacher from Germany, has inherited an original sheet of music from Bachs son. Marten has to collect the sheet in person in the beautiful Baroque city of Ouro Preto in the heart of Brazil. But Brazil is not for beginners: Funny circumstances drives hm to teach music to the kids of a juvenile detention center. Bachs music and Brazilian instruments mix perfectly. One of the kids is Fernando, a lovable, abandoned boy, who lived on the streets. But Marten discovers that they have more in common as he thought.",
  "storyline": "Inspired by true events, this is a story about what happens when two outsiders from opposite corners of the world are thrown together: Brazil and Germany. Marten Brueckling, a retired music teacher from Germany, has inherited an original sheet of music from Bachs son. Marten has to collect the sheet in person in the beautiful Baroque city of Ouro Preto in the heart of Brazil. But Brazil is not for beginners: Funny circumstances drives hm to teach music to the kids of a juvenile detention center. Bachs music and Brazilian instruments mix perfectly. One of the kids is Fernando, a lovable, abandoned boy, who lived on the streets. But Marten discovers that they have more in common as he thought.",
  "plot": null,
  "synopsis": null
}