{
  "imdb_id": "tt4842268",
  "tmdb_id": "400626",
  "douban_id": null,
  "title": "Die Frau mit der Kamera",
  "genres": [
    "Documentary"
  ],
  "country": "Germany",
  "version": [
    {
      "runtime": "80 min",
      "description": ""
    }
  ],
  "imdb_rating": 7.3,
  "director": [
    {
      "id": "nm0901863",
      "name": "Claudia von Alemann"
    }
  ],
  "writer": [
    {
      "id": "nm0901863",
      "name": "Claudia von Alemann",
      "description": "written by"
    }
  ],
  "cast": [],
  "overview": null,
  "storyline": null,
  "plot": null,
  "synopsis": null
}