{
  "imdb_id": "tt4820278",
  "tmdb_id": "378356",
  "douban_id": null,
  "title": "Monkey Up (2016)",
  "genres": [
    "Comedy",
    "Family",
    "Fantasy"
  ],
  "country": "Canada",
  "version": [
    {
      "runtime": "83 min",
      "description": ""
    }
  ],
  "imdb_rating": 4.7,
  "director": [
    {
      "id": "nm0898547",
      "name": "Robert Vince"
    }
  ],
  "writer": [
    {
      "id": "nm0898547",
      "name": "Robert Vince",
      "description": "written by and"
    },
    {
      "id": "nm0574516",
      "name": "Anna McRoberts",
      "description": "written by &"
    },
    {
      "id": "nm0360937",
      "name": "Kirsten Hansen",
      "description": "written by &"
    },
    {
      "id": "nm7856301",
      "name": "Mary Pocrnic",
      "description": "written by"
    }
  ],
  "cast": [
    {
      "id": "nm1063564",
      "name": "Larke Miller",
      "character": "Heroine"
    },
    {
      "id": "nm1083137",
      "name": "Michael Teigen",
      "character": "Henchman"
    },
    {
      "id": "nm2799457",
      "name": "Skylar Astin",
      "character": "Monty       (voice)"
    },
    {
      "id": "nm1660138",
      "name": "David Milchard",
      "character": "Desmond"
    },
    {
      "id": "nm0178875",
      "name": "Chris Coppola",
      "character": "Stan"
    },
    {
      "id": "nm6776176",
      "name": "Kayden Magnuson",
      "character": "Sophie"
    },
    {
      "id": "nm1992757",
      "name": "Erin Allin O'Reilly",
      "character": "Clare       (as Erin Allin)"
    },
    {
      "id": "nm5095369",
      "name": "Caleb Burgess",
      "character": "Ethan"
    },
    {
      "id": "nm6236385",
      "name": "Yasmeene Ball",
      "character": "Taylor       (as Yasmeene Lily-elle Ball)"
    },
    {
      "id": "nm0542307",
      "name": "Jonathan Mangum",
      "character": "Jim"
    },
    {
      "id": "nm8070338",
      "name": "Sasha Belousovski",
      "character": "Rebecca"
    },
    {
      "id": "nm4667433",
      "name": "Tatiana Gudegast",
      "character": "Ashley"
    },
    {
      "id": "nm1764071",
      "name": "Jessi Cruickshank",
      "character": "Erin"
    },
    {
      "id": "nm3962236",
      "name": "Jonathan Mason",
      "character": "Romeo /              Hamlet"
    },
    {
      "id": "nm3811636",
      "name": "Thomas Cadrot",
      "character": "Othello"
    },
    {
      "id": "nm3611976",
      "name": "Kira Tozer",
      "character": "Gymnastics Instructor"
    },
    {
      "id": "nm0940173",
      "name": "Danny Woodburn",
      "character": "Angelino Cappello"
    },
    {
      "id": "nm0796437",
      "name": "Christina Sicoli",
      "character": "Kate"
    },
    {
      "id": "nm0285140",
      "name": "Colin Foo",
      "character": "Chinese Shopkeeper"
    },
    {
      "id": "nm0365780",
      "name": "Nicholas Harrison",
      "character": "Phil - Hartz Security       (as Nick Harrison)"
    },
    {
      "id": "nm0823155",
      "name": "Don Stark",
      "character": "Tucker       (voice)"
    },
    {
      "id": "nm1711114",
      "name": "Skyler Gisondo",
      "character": "Mort       (voice)"
    },
    {
      "id": "nm1632899",
      "name": "Betsy Stover",
      "character": "Melody       (voice)"
    },
    {
      "id": "nm0001652",
      "name": "John Ratzenberger",
      "character": "Mr. Hartz"
    },
    {
      "id": "nm4895269",
      "name": "Will Verchere-Gopaulsingh",
      "character": "Anton"
    },
    {
      "id": "nm2557831",
      "name": "Atticus Shaffer",
      "character": "Mooner       (voice)"
    },
    {
      "id": "nm3691225",
      "name": "Ken Lawson",
      "character": "School Play Director"
    },
    {
      "id": "nm1333379",
      "name": "Kimberly Caldwell",
      "character": "ET Correspondent"
    },
    {
      "id": "nm5721500",
      "name": "Justin Carter",
      "character": "NYPD Officer"
    },
    {
      "id": "nm1604940",
      "name": "Aaron Brooks",
      "character": "Factory Security Guard"
    }
  ],
  "overview": "A talking monkey seeks to gain fame and fortune as a movie star, but instead finds what's most important, a family.",
  "storyline": "With their parents preoccupied with their new careers, a young girl and her brother befriend a talking monkey who is struggling to be taken seriously as an actor.",
  "plot": null,
  "synopsis": null
}