{
  "imdb_id": "tt4807908",
  "tmdb_id": "378491",
  "douban_id": null,
  "title": "Sailor Suit and Machine Gun: Graduation (2016)",
  "genres": [
    "Action",
    "Romance"
  ],
  "country": "Japan",
  "version": [
    {
      "runtime": "112 min",
      "description": ""
    }
  ],
  "imdb_rating": 5.0,
  "director": [
    {
      "id": "nm3901850",
      "name": "K\u00f4ji Maeda"
    }
  ],
  "writer": [
    {
      "id": "nm0015044",
      "name": "Jir\u00f4 Akagawa",
      "description": "based on the novel by"
    },
    {
      "id": "nm1785815",
      "name": "Ry\u00f4 Takada",
      "description": "screenplay"
    }
  ],
  "cast": [
    {
      "id": "nm4388136",
      "name": "Kanna Hashimoto",
      "character": "Izumi"
    },
    {
      "id": "nm4056296",
      "name": "Hiroki Hasegawa",
      "character": "Tsukinaga"
    },
    {
      "id": "nm0027942",
      "name": "Masanobu And\u00f4",
      "character": "Yasui"
    },
    {
      "id": "nm0847491",
      "name": "Tetsuya Takeda",
      "character": "Yakuza Boss Medaka"
    },
    {
      "id": "nm2944556",
      "name": "Sh\u00f4hei Uno",
      "character": "Haruo"
    },
    {
      "id": "nm3791914",
      "name": "Takur\u00f4 \u00d4no",
      "character": "Yuji"
    },
    {
      "id": "nm1967617",
      "name": "Kanji Furutachi",
      "character": "Mabuchi"
    },
    {
      "id": "nm0875457",
      "name": "Shingo Tsurumi",
      "character": "Kusakabe"
    },
    {
      "id": "nm0257934",
      "name": "Takaaki Enoki",
      "character": "Tsuguo Hoshi"
    },
    {
      "id": "nm0406592",
      "name": "Masat\u00f4 Ibu",
      "character": "Hamaguchi"
    },
    {
      "id": "nm6379804",
      "name": "Miyu And\u00f4",
      "character": "Izumi Hoshi (Young)"
    },
    {
      "id": "nm6768002",
      "name": "Wataru Ichinose",
      "character": "Kuwata"
    },
    {
      "id": "nm3065061",
      "name": "Takumi Kitamura",
      "character": ""
    },
    {
      "id": "nm7821072",
      "name": "Miki Yanagi",
      "character": "Tachibana"
    }
  ],
  "overview": "Izumi Hoshi (Kanna Hashimoto) is senior in high school, but she led a small yakuza group in her past. After killing her uncle's murderer with a machine gun, her yakuza group disbanded. Izumi now lives an ordinary life as a high school student and works as a manager at a cafe. A dangerous situation soon awaits for Izumi.",
  "storyline": "Yakuza underboss and schoolgirl Hoshi Izumi intends to become a regular student once again following a period of unleashing bloody revenge upon those who murdered the former yakuza boss. However, the fix is in when a classmate dies in a haze of drug-related circumstances. Izumi is compelled to redraw her machine gun and train it on a cadre of unsavoury businessmen, politicians and yakuza.",
  "plot": null,
  "synopsis": null
}