{
  "imdb_id": "tt4842814",
  "tmdb_id": "365283",
  "douban_id": null,
  "title": "The Inerasable (2015)",
  "genres": [
    "Horror"
  ],
  "country": "Japan",
  "version": [
    {
      "runtime": "107 min",
      "description": ""
    }
  ],
  "imdb_rating": 6.0,
  "director": [
    {
      "id": "nm1327703",
      "name": "Yoshihiro Nakamura"
    }
  ],
  "writer": [
    {
      "id": "nm1272674",
      "name": "Fuyumi Ono",
      "description": "based on the novel by"
    },
    {
      "id": "nm0840613",
      "name": "Ken'ichi Suzuki",
      "description": "screenplay"
    }
  ],
  "cast": [
    {
      "id": "nm0299437",
      "name": "Mansaku Fuwa",
      "character": ""
    },
    {
      "id": "nm1169797",
      "name": "Ai Hashimoto",
      "character": "Kobu"
    },
    {
      "id": "nm6954008",
      "name": "Ry\u00f4 Narita",
      "character": ""
    },
    {
      "id": "nm6579925",
      "name": "Kentar\u00f4 Sakaguchi",
      "character": "Tetsuo Misawa"
    },
    {
      "id": "nm1482259",
      "name": "Kuranosuke Sasaki",
      "character": "Yoshiaki Hiraoka"
    },
    {
      "id": "nm8072809",
      "name": "Hiroshi Suzuki",
      "character": ""
    },
    {
      "id": "nm0847624",
      "name": "Y\u00fbko Takeuchi",
      "character": "I"
    },
    {
      "id": "nm2710199",
      "name": "Ken'ichi Takit\u00f4",
      "character": "Naoto (I's husband)"
    },
    {
      "id": "nm6820672",
      "name": "Koichi Ueda",
      "character": ""
    },
    {
      "id": "nm10519528",
      "name": "Tokuhisa Yamashita",
      "character": ""
    },
    {
      "id": "nm0999337",
      "name": "Yorie Yamashita",
      "character": "Tamura"
    },
    {
      "id": "nm0949105",
      "name": "Ken Yoshizawa",
      "character": ""
    }
  ],
  "overview": "I (Yuko Takeuchi) is a mystery novel writer. I receive a letter from Kubo (Ai Hashimoto), a reader of her novel and a university student. Her letter states that she hears odd sounds from the room where she lives now. I becomes interested by the letter and they being to investigate. I and Kubo learn of people that lived in the apartment and their experiences including a suicide and murder.",
  "storyline": "I is a successful writer of mystery-novels. One day she receives a letter from Kobu, a young student who recently moved into an apartment near her university. At night she hear strange noises and scary voices that got her afraid. She pleads I to help her. As a mystery-writer, I smells the ultimate story and decides to help Kobu. Together they uncover the truth about the people who lived in Kobu's apartment before. And it is a dark story full of anger, hatred, murder and suicide.",
  "plot": null,
  "synopsis": null
}