{
  "imdb_id": "tt4810104",
  "tmdb_id": "414101",
  "douban_id": null,
  "title": "Pekak (2015)",
  "genres": [
    "Drama"
  ],
  "country": "Malaysia",
  "version": [
    {
      "runtime": "96 min",
      "description": ""
    }
  ],
  "imdb_rating": 6.3,
  "director": [
    {
      "id": "nm7418549",
      "name": "Mohd Khairul Azri Bin Md Noor"
    }
  ],
  "writer": [
    {
      "id": "nm7418549",
      "name": "Mohd Khairul Azri Bin Md Noor",
      "description": null
    }
  ],
  "cast": [
    {
      "id": "nm3432714",
      "name": "Zahiril Adzim",
      "character": "Uda"
    },
    {
      "id": "nm3437966",
      "name": "Amerul Affendi",
      "character": "Azman"
    },
    {
      "id": "nm4702939",
      "name": "Iedil Dzuhrie Alaudin",
      "character": "Kamil       (as Iedil Putra)"
    },
    {
      "id": "nm1770376",
      "name": "Sharifah Amani",
      "character": "Dara"
    },
    {
      "id": "nm6030171",
      "name": "Joe Flizzow",
      "character": "Tokan"
    },
    {
      "id": "nm4856520",
      "name": "Sharifah Sakinah",
      "character": "Melur"
    }
  ],
  "overview": "Adapted loosely from Romeo and Juliet, Pekak is a story about a deaf drug pusher Uda whose dream is to get a cochlear implant so that he can finally hear again. When Uda meets and falls in love with Dara, an innocent school girl, he is even more determined to leave the life he's always known for a future with Dara. But will he be able to break free from the vicious ties that bind him or will he be stuck forever in the same bleak existence?",
  "storyline": "Adapted loosely from Romeo and Juliet, Pekak is a story about a deaf drug pusher Uda whose dream is to get a cochlear implant so that he can finally hear again. When Uda meets and falls in love with Dara, an innocent school girl, he is even more determined to leave the life he's always known for a future with Dara. But will he be able to break free from the vicious ties that bind him or will he be stuck forever in the same bleak existence?",
  "plot": null,
  "synopsis": null
}