{
  "imdb_id": "tt4827290",
  "tmdb_id": "400045",
  "douban_id": null,
  "title": "Lea to the Rescue (2016)",
  "genres": [
    "Family"
  ],
  "country": "USA",
  "version": [
    {
      "runtime": "98 min",
      "description": ""
    }
  ],
  "imdb_rating": 4.9,
  "director": [
    {
      "id": "nm0850958",
      "name": "Nadia Tass"
    }
  ],
  "writer": [
    {
      "id": "nm0088627",
      "name": "Karen Bloch Morse",
      "description": null
    }
  ],
  "cast": [
    {
      "id": "nm1369619",
      "name": "Maggie Elizabeth Jones",
      "character": "Lea Clark"
    },
    {
      "id": "nm0604699",
      "name": "Hallie Todd",
      "character": "Carol Clark"
    },
    {
      "id": "nm4977564",
      "name": "Storm Reid",
      "character": "Aki"
    },
    {
      "id": "nm5315658",
      "name": "Laysla De Oliveira",
      "character": "Paula Ferreira"
    },
    {
      "id": "nm1049745",
      "name": "Connor Dowds",
      "character": "Zac Clark"
    },
    {
      "id": "nm0584206",
      "name": "Sean Cameron Michael",
      "character": "Ricardo Carvalho"
    },
    {
      "id": "nm1188419",
      "name": "Rehane Abrahams",
      "character": "Officer Adriana Costa"
    },
    {
      "id": "nm0653268",
      "name": "Kevin Otto",
      "character": "Rick Clark"
    },
    {
      "id": "nm1978748",
      "name": "Joe Vaz",
      "character": "Miguel Belo"
    },
    {
      "id": "nm0125089",
      "name": "Peter Butler",
      "character": "Bruno"
    },
    {
      "id": "nm8021820",
      "name": "Mokgethoa Tebeila",
      "character": "Abby"
    },
    {
      "id": "nm8003637",
      "name": "Aimee Valentine",
      "character": "Aki's Mother"
    },
    {
      "id": "nm5953245",
      "name": "Lee Raviv",
      "character": "Zoe the wide eyed girl"
    },
    {
      "id": "nm6647514",
      "name": "Ray Crosswaite",
      "character": "Jimmy"
    },
    {
      "id": "nm0651968",
      "name": "Farouk Valley-Omar",
      "character": "Tribal Elder       (as Fahruq Valley-Omar)"
    },
    {
      "id": "nm8021822",
      "name": "Karin Howard",
      "character": "Lea's Grandmother"
    },
    {
      "id": "nm1675884",
      "name": "Judy Phillips",
      "character": "Reporter"
    },
    {
      "id": "nm1633423",
      "name": "Philip Waley",
      "character": "Felipe Mourinho"
    },
    {
      "id": "nm3768689",
      "name": "Abduragman Adams",
      "character": "Tribal Leader       (as Abduraghmaan Adams)"
    },
    {
      "id": "nm3073616",
      "name": "Lee Roy Brown",
      "character": "Male Tribesman"
    },
    {
      "id": "nm4007984",
      "name": "Dylan Edy",
      "character": "Luis"
    },
    {
      "id": "nm8943862",
      "name": "Bianca Flanders",
      "character": "Policewoman"
    },
    {
      "id": "nm9079639",
      "name": "Anne Fooning",
      "character": ""
    },
    {
      "id": "nm0366856",
      "name": "Julie Hartley",
      "character": "Lea's Teacher"
    },
    {
      "id": "nm8021821",
      "name": "Pisco Maurer",
      "character": "Policeman       (as Alexandre 'Pisco' Maurer)"
    },
    {
      "id": "nm9140098",
      "name": "Alex Meyer",
      "character": "Winchman"
    },
    {
      "id": "nm9140094",
      "name": "Tapiwe Msosvi",
      "character": "Bartender"
    },
    {
      "id": "nm9140096",
      "name": "Zintle Ndidi",
      "character": "Lea's Friend"
    },
    {
      "id": "nm9140095",
      "name": "Thandile Rodinis",
      "character": "Lea's Friend"
    },
    {
      "id": "nm9140097",
      "name": "Trys Schroeder",
      "character": "Helicopter Pilot"
    },
    {
      "id": "nm5619280",
      "name": "Sean-Marco Vorster",
      "character": "Crony       (as Sean-Marco Voster)"
    },
    {
      "id": "nm5492208",
      "name": "Clifford Young",
      "character": "Poacher"
    }
  ],
  "overview": "Born for adventure, Lea Clark heads deep into the Brazilian rainforest, where her most exciting story awaits.",
  "storyline": "Born for adventure, Lea Clark heads deep into the Brazilian rainforest, where her most exciting story awaits.",
  "plot": null,
  "synopsis": null
}