{
  "imdb_id": "tt4819880",
  "tmdb_id": "354803",
  "douban_id": null,
  "title": "Alki Alki (2015)",
  "genres": [
    "Comedy"
  ],
  "country": "Germany",
  "version": [
    {
      "runtime": "102 min",
      "description": ""
    }
  ],
  "imdb_rating": 7.0,
  "director": [
    {
      "id": "nm3149590",
      "name": "Axel Ranisch"
    }
  ],
  "writer": [
    {
      "id": "nm2122249",
      "name": "Heiko Pinkowski",
      "description": "written by &"
    },
    {
      "id": "nm3149590",
      "name": "Axel Ranisch",
      "description": "written by &"
    },
    {
      "id": "nm4235328",
      "name": "Peter Trabner",
      "description": "written by"
    },
    {
      "id": "nm4235328",
      "name": "Peter Trabner",
      "description": "story"
    }
  ],
  "cast": [
    {
      "id": "nm0343543",
      "name": "Christina Gro\u00dfe",
      "character": "Anika Zach"
    },
    {
      "id": "nm2122249",
      "name": "Heiko Pinkowski",
      "character": "Tobias Zach"
    },
    {
      "id": "nm4235328",
      "name": "Peter Trabner",
      "character": "Flasche"
    },
    {
      "id": "nm7649600",
      "name": "Die Tentakel von Delphi",
      "character": "Band"
    },
    {
      "id": "nm0350351",
      "name": "Robert Gwisdek",
      "character": "Troubadour       (as K\u00e4ptn Peng)"
    },
    {
      "id": "nm5309079",
      "name": "Paul Pinkowski",
      "character": "Hannes Zach"
    },
    {
      "id": "nm7425048",
      "name": "Delphine Pinkowski",
      "character": "Clara Zach"
    },
    {
      "id": "nm7425049",
      "name": "August Pinkowski",
      "character": "Max Zach"
    },
    {
      "id": "nm0581536",
      "name": "Thorsten Merten",
      "character": "Thomas Bakowski"
    },
    {
      "id": "nm3149118",
      "name": "Claudia Jacob",
      "character": "Frau Brandt"
    },
    {
      "id": "nm0001941",
      "name": "Iris Berben",
      "character": "Galina Ivanowna Schnurkinowa"
    },
    {
      "id": "nm7649601",
      "name": "Ricardo Zamora",
      "character": "Barkeeper"
    },
    {
      "id": "nm7649602",
      "name": "Eva Ranisch",
      "character": "Kundin Optiker"
    },
    {
      "id": "nm3569509",
      "name": "Hardy Schwetter",
      "character": "Hans Jimmy"
    },
    {
      "id": "nm2080179",
      "name": "Philipp Eichholtz",
      "character": "Polizist #1"
    },
    {
      "id": "nm7649603",
      "name": "Paul Zacher",
      "character": "Polizist #2"
    },
    {
      "id": "nm0846281",
      "name": "Sven Taddicken",
      "character": "Kellner"
    },
    {
      "id": "nm7649604",
      "name": "Stefanie C. Braun",
      "character": "Restaurantgast #1"
    },
    {
      "id": "nm4861939",
      "name": "Christos Acrivulis",
      "character": "Restaurantgast #2"
    },
    {
      "id": "nm3647533",
      "name": "Oliver Sechting",
      "character": "Restaurantgast #3"
    },
    {
      "id": "nm4943430",
      "name": "Regine Baeker",
      "character": "Restaurantgast #4"
    },
    {
      "id": "nm7649605",
      "name": "Kerstin Kutscher-Saal",
      "character": "Restaurantgast #5"
    },
    {
      "id": "nm7649606",
      "name": "Jutta Thieler",
      "character": "Restaurantgast #6"
    },
    {
      "id": "nm3576972",
      "name": "Ulrich Goetz",
      "character": "Restaurantgast #7"
    },
    {
      "id": "nm5888609",
      "name": "Hartmut Brestrich",
      "character": "Arzt       (as Dr. Hartmut Brestrich)"
    },
    {
      "id": "nm4464770",
      "name": "Talisa Lilly Lemke",
      "character": "Jugendgang #1       (as Talissa Lili Lemke)"
    },
    {
      "id": "nm3100860",
      "name": "Robert Alexander Baer",
      "character": "Jugendgang #2"
    },
    {
      "id": "nm7649608",
      "name": "Sebastian Wiegand",
      "character": "Jugendgang #3"
    },
    {
      "id": "nm5888606",
      "name": "Frithjof Gawenda",
      "character": "Bufdi"
    },
    {
      "id": "nm2516986",
      "name": "Thomas Fr\u00e4nzel",
      "character": "J\u00f6rn Sommer"
    },
    {
      "id": "nm0362142",
      "name": "Teresa Harder",
      "character": "Elke Grunau"
    },
    {
      "id": "nm3149846",
      "name": "Ruth Bickelhaupt",
      "character": "Annelie Knopf"
    },
    {
      "id": "nm1185083",
      "name": "Hans-Heinrich Hardt",
      "character": "Pille"
    },
    {
      "id": "nm0466292",
      "name": "Oliver Korittke",
      "character": "Siggi Herzog"
    },
    {
      "id": "nm2976649",
      "name": "Eva Bay",
      "character": "Gl\u00e4schen"
    },
    {
      "id": "nm3866538",
      "name": "Aron Lehmann",
      "character": "Jan-Ole"
    },
    {
      "id": "nm2771575",
      "name": "Monika Anna Wojtyllo",
      "character": "Praline"
    },
    {
      "id": "nm0117698",
      "name": "Dietrich Br\u00fcggemann",
      "character": "Zocke"
    }
  ],
  "overview": null,
  "storyline": "Tobias and Flasche are childhood friends. However, their alcoholic friendship is doing more harm than good to Tobias, who realizes he should focus on his family and career. Everything changes when Tobias tells this to Flasche.",
  "plot": null,
  "synopsis": null
}