{
  "imdb_id": "tt4835086",
  "tmdb_id": "376391",
  "douban_id": null,
  "title": "We Are X (2016)",
  "genres": [
    "Documentary",
    "Music"
  ],
  "country": "UK",
  "version": [
    {
      "runtime": "93 min",
      "description": ""
    }
  ],
  "imdb_rating": 8.1,
  "director": [
    {
      "id": "nm0452772",
      "name": "Stephen Kijak"
    }
  ],
  "writer": null,
  "cast": [
    {
      "id": "nm0370668",
      "name": "Yoshiki",
      "character": "Himself"
    },
    {
      "id": "nm0223360",
      "name": "Toshimitsu Deyama",
      "character": "Himself       (as Toshi)"
    },
    {
      "id": "nm0411165",
      "name": "Tomoaki Ishizuka",
      "character": "Himself       (as Pata)"
    },
    {
      "id": "nm1094327",
      "name": "Hiroshi Morie",
      "character": "Himself       (as Heath)"
    },
    {
      "id": "nm1173300",
      "name": "Sugizo",
      "character": "Himself"
    },
    {
      "id": "nm0559512",
      "name": "Hideto Matsumoto",
      "character": "Himself       (archive footage)"
    },
    {
      "id": "nm0767989",
      "name": "Taiji Sawada",
      "character": "Himself       (archive footage)"
    },
    {
      "id": "nm0005430",
      "name": "Gene Simmons",
      "character": "Himself"
    },
    {
      "id": "nm0096983",
      "name": "Wes Borland",
      "character": "Himself"
    },
    {
      "id": "nm1249554",
      "name": "Richard Fortus",
      "character": "Himself"
    },
    {
      "id": "nm0001504",
      "name": "Marilyn Manson",
      "character": "Himself"
    },
    {
      "id": "nm2313102",
      "name": "Dir en Grey",
      "character": "Themselves"
    },
    {
      "id": "nm2377564",
      "name": "Glay",
      "character": "Themselves"
    },
    {
      "id": "nm0498278",
      "name": "Stan Lee",
      "character": "Himself"
    }
  ],
  "overview": "As glam rock's most flamboyant survivors, X Japan ignited a musical revolution in Japan during the late '80s with their melodic metal. Twenty years after their tragic dissolution, X Japan\u2019s leader, Yoshiki, battles with physical and spiritual demons alongside prejudices of the West to bring their music to the world.",
  "storyline": "From the production team behind the Oscar\u00ae winning Searching for Sugar Man comes We Are X, a transcendent rock and roll story about X Japan, the world's biggest and most successful band you've never heard of...yet. Under the enigmatic direction of drummer, pianist, composer, and producer Yoshiki, X Japan has sold over 30 million singles and albums combined--captivating such a wide range of admirers as Sir George Martin, KISS, Stan Lee, and even the Japanese Emperor--and pioneered a spectacle-driven style of visual rock, creating a one-of-a-kind cultural phenomenon. Chronicling the band's exhilarating, tumultuous and unimaginable history over the past three decades--persevering through personal, physical and spiritual heartache--the film culminates with preparations for their breathtaking reunion concert at New York's legendary Madison Square Garden. Directed by acclaimed documentarian Stephen Kijak (Stones in Exile, Scott Walker: 30 Century Man), We Are X is an astonishingly intimate ...",
  "plot": null,
  "synopsis": null
}