{
  "imdb_id": "tt4944658",
  "tmdb_id": "430161",
  "douban_id": null,
  "title": "The Lighthouse of the Whales (2016)",
  "genres": [
    "Biography",
    "Drama",
    "Romance"
  ],
  "country": "Spain",
  "version": [
    {
      "runtime": "110 min",
      "description": ""
    }
  ],
  "imdb_rating": 7.7,
  "director": [
    {
      "id": "nm1942303",
      "name": "Gerardo Olivares"
    }
  ],
  "writer": [
    {
      "id": "nm2594986",
      "name": "Roberto Bubas",
      "description": "novel"
    },
    {
      "id": "nm1942303",
      "name": "Gerardo Olivares",
      "description": null
    },
    {
      "id": "nm0699932",
      "name": "Luc\u00eda Puenzo",
      "description": null
    },
    {
      "id": "nm5382490",
      "name": "Sallua Sehk",
      "description": null
    }
  ],
  "cast": [
    {
      "id": "nm0893941",
      "name": "Maribel Verd\u00fa",
      "character": "Lola"
    },
    {
      "id": "nm0299078",
      "name": "Joaqu\u00edn Furriel",
      "character": "Beto Bubas"
    },
    {
      "id": "nm7705425",
      "name": "Joaqu\u00edn Rapalini",
      "character": "Trist\u00e1n       (as Quinchu Rapalini)"
    },
    {
      "id": "nm1014571",
      "name": "Ana Celentano",
      "character": "Marcela"
    },
    {
      "id": "nm2503135",
      "name": "Ciro Mir\u00f3",
      "character": "Manolo"
    },
    {
      "id": "nm0763920",
      "name": "Osvaldo Santoro",
      "character": "Bonetti"
    },
    {
      "id": "nm1705194",
      "name": "Federico Barga",
      "character": "Qui\u00f1ones"
    },
    {
      "id": "nm7094738",
      "name": "Zoe Hochbaum",
      "character": "Martina"
    },
    {
      "id": "nm8664437",
      "name": "Alan Juan Pablo Moya",
      "character": "Inti"
    },
    {
      "id": "nm8664438",
      "name": "Juan Antonio S\u00e1nchez",
      "character": "Junco"
    },
    {
      "id": "nm8664439",
      "name": "Eduardo 'Cami\u00f3n' Dom\u00ednguez",
      "character": "Anciano"
    },
    {
      "id": "nm2594986",
      "name": "Roberto Bubas",
      "character": "Hombre"
    },
    {
      "id": "nm8664440",
      "name": "Isidoro del Carmen",
      "character": "Esquilador"
    },
    {
      "id": "nm8664441",
      "name": "Errol Kenny Hughes",
      "character": "Paisano"
    },
    {
      "id": "nm8664442",
      "name": "Maria A. Abraham",
      "character": "Camarera"
    },
    {
      "id": "nm8664443",
      "name": "Julio Cesar Arriagada",
      "character": "M\u00fasico"
    },
    {
      "id": "nm8664444",
      "name": "Jos\u00e9 Alfredo Arriagada",
      "character": "M\u00fasico"
    },
    {
      "id": "nm8664445",
      "name": "Jes\u00fas Nazareno Arriagada",
      "character": "M\u00fasico"
    },
    {
      "id": "nm8664446",
      "name": "Mario Arriagada",
      "character": "M\u00fasico"
    },
    {
      "id": "nm8664447",
      "name": "Luis Nieves",
      "character": "Doble Rapalini"
    }
  ],
  "overview": null,
  "storyline": "Beto is a lonely man who works as Ranger of the isolated Peninsula Valdes' National Park (Chubut, Argentina). Lover of the nature and animals, the peace of his days watching orcas, seals and sea lions in the sea ends after the arrival of Lola, a Spanish mother who travels there from Madrid with his autistic 11 years old son Trist\u00e1n looking for Beto after both watch him in a documentary about whales. Desperate, Lola asks help Beto in order to make a therapy for Trist\u00e1n, hoping that his isolation caused by the autism can be overcome. Reluctant at the beginning, Beto agrees to help Trist\u00e1n, sailing by the cost in a boat to meet orcas (defying the rules that prevent touching them and swimming them), the only one that causes emotional responses in Trist\u00e1n. As days go by, Trist\u00e1n starts slowly to express emotions, in the same way that Beto's boss tries to fire him in the belief that orcas are a dangerous killers whales, Lola realizes about a familiar trouble in Spain and that they Lola and ...",
  "plot": null,
  "synopsis": null
}