{
  "imdb_id": "tt4991906",
  "tmdb_id": "399280",
  "douban_id": null,
  "title": "Suicide Kale (2016)",
  "genres": [
    "Comedy"
  ],
  "country": "USA",
  "version": [
    {
      "runtime": "78 min",
      "description": ""
    }
  ],
  "imdb_rating": 7.8,
  "director": [
    {
      "id": "nm2660910",
      "name": "Carly Usdin"
    }
  ],
  "writer": [
    {
      "id": "nm4575382",
      "name": "Brittani Nichols",
      "description": null
    }
  ],
  "cast": [
    {
      "id": "nm5208385",
      "name": "Brianna Baker",
      "character": "Jordan"
    },
    {
      "id": "nm3993668",
      "name": "Lindsay Hicks",
      "character": "Penn Fisher"
    },
    {
      "id": "nm4251674",
      "name": "Hayley Huntley",
      "character": "Xo"
    },
    {
      "id": "nm4575382",
      "name": "Brittani Nichols",
      "character": "Jasmine Rawlings"
    },
    {
      "id": "nm1896248",
      "name": "Jasika Nicole",
      "character": "Billie Steinberg"
    }
  ],
  "overview": "Suicide Kale is a dark comedy that finds Jasmine and Penn, a new couple with an uncertain future, struggling through a lunch party after they stumble upon an anonymous suicide note in the home of the hosts.",
  "storyline": "Suicide Kale is a dark comedy that finds Jasmine and Penn, a new couple with an uncertain future, struggling through a lunch party after they stumble upon an anonymous suicide note in the home of the hosts.",
  "plot": null,
  "synopsis": null
}