{
  "imdb_id": "tt4969816",
  "tmdb_id": "370785",
  "douban_id": null,
  "title": "Adrien (2015)",
  "genres": [
    "Drama"
  ],
  "country": "Canada",
  "version": [
    {
      "runtime": "97 min",
      "description": ""
    }
  ],
  "imdb_rating": 5.7,
  "director": [
    {
      "id": "nm2516915",
      "name": "Ren\u00e9e Beaulieu"
    }
  ],
  "writer": [
    {
      "id": "nm2516915",
      "name": "Ren\u00e9e Beaulieu",
      "description": "story"
    },
    {
      "id": "nm2516915",
      "name": "Ren\u00e9e Beaulieu",
      "description": "writer"
    },
    {
      "id": "nm2516915",
      "name": "Ren\u00e9e Beaulieu",
      "description": null
    }
  ],
  "cast": [
    {
      "id": "nm0195197",
      "name": "Normand D'Amour",
      "character": "Adrien"
    },
    {
      "id": "nm3240720",
      "name": "Pierre-Yves Cardinal",
      "character": "Rapha\u00ebl"
    },
    {
      "id": "nm0691925",
      "name": "Louise Portal",
      "character": "Marie"
    },
    {
      "id": "nm1472156",
      "name": "Nathalie Cavezzali",
      "character": "Anna"
    },
    {
      "id": "nm0241676",
      "name": "Michel Dumont",
      "character": "Roland"
    },
    {
      "id": "nm0557577",
      "name": "Sylvain Mass\u00e9",
      "character": "Docteur"
    },
    {
      "id": "nm0536910",
      "name": "Jean Maheux",
      "character": "Grand C\u00f4t\u00e9       (as Jean Maheu)"
    },
    {
      "id": "nm1799768",
      "name": "Eliane Gagnon",
      "character": "Marjorie       (as \u00c9liane Gagnon)"
    },
    {
      "id": "nm4358374",
      "name": "Nadine Jean",
      "character": "Infirmi\u00e8re"
    },
    {
      "id": "nm4875525",
      "name": "Kim Boivin",
      "character": "Infirmi\u00e8re"
    },
    {
      "id": "nm10594342",
      "name": "Martin D'Amours",
      "character": "Vendeur autos usag\u00e9es"
    },
    {
      "id": "nm1881769",
      "name": "Mario B\u00e9langer",
      "character": "B\u00e9rub\u00e9"
    }
  ],
  "overview": null,
  "storyline": "Is having control of our life a right? Are living and dying freedoms, duties or responsibilities? How should we love? How should we live? How should we die? These questions are woven into the story of Adrien, who suffers from kidney failure. He runs a garage in Trois-Pistoles, a small town on the St-Lawrence in Qu\u00e9bec, where people seem ordinary, but aren't: each love story, each life, each destiny is unique.",
  "plot": null,
  "synopsis": null
}