{
  "imdb_id": "tt4926042",
  "tmdb_id": "362430",
  "douban_id": null,
  "title": "Night of the Wild (TV Movie 2015)",
  "genres": [
    "Action",
    "Horror",
    "Sci-Fi",
    "Thriller"
  ],
  "country": "USA",
  "version": [
    {
      "runtime": "89 min",
      "description": ""
    }
  ],
  "imdb_rating": 2.9,
  "director": [
    {
      "id": "nm0714599",
      "name": "Eric Red"
    }
  ],
  "writer": [
    {
      "id": "nm3226880",
      "name": "Delondra Williams",
      "description": "screenplay"
    }
  ],
  "cast": [
    {
      "id": "nm0001555",
      "name": "Rob Morrow",
      "character": "Dave"
    },
    {
      "id": "nm0005393",
      "name": "Kelly Rutherford",
      "character": "Sara"
    },
    {
      "id": "nm1159702",
      "name": "Tristin Mays",
      "character": "Rosalyn"
    },
    {
      "id": "nm9574230",
      "name": "Mary Risener",
      "character": "Pia"
    },
    {
      "id": "nm6387589",
      "name": "Carmen Tonry",
      "character": "Danielle"
    },
    {
      "id": "nm2942806",
      "name": "Jill Zarin",
      "character": "Liz"
    },
    {
      "id": "nm6457659",
      "name": "Mary Katherine O'Donnell",
      "character": "Alice Wise"
    },
    {
      "id": "nm7925293",
      "name": "B.D. Boudreaux",
      "character": "Bill"
    },
    {
      "id": "nm6550067",
      "name": "Mason Guccione",
      "character": "Casey"
    },
    {
      "id": "nm4263318",
      "name": "Darrell Chumley",
      "character": "Chester       (as Darrell 'DC' Chumley)"
    },
    {
      "id": "nm6766231",
      "name": "Eric Ashton Spooner",
      "character": "Firefighter Eddie"
    },
    {
      "id": "nm7405977",
      "name": "Christin Rankins",
      "character": "Groomer"
    },
    {
      "id": "nm3095750",
      "name": "Dalton Alfortish",
      "character": "Ray"
    },
    {
      "id": "nm1384079",
      "name": "Dylan Vox",
      "character": "Seth"
    },
    {
      "id": "nm1872447",
      "name": "Andre Bauth",
      "character": "Sandoval"
    },
    {
      "id": "nm2626956",
      "name": "Maria Robles",
      "character": "Kim"
    },
    {
      "id": "nm5246855",
      "name": "Shanna Marie Burris",
      "character": "Misty"
    },
    {
      "id": "nm0410097",
      "name": "Michael Irpino",
      "character": "Mr. Robertson"
    },
    {
      "id": "nm6997604",
      "name": "Mary Alice Risener",
      "character": "Pia       (as Mary Risener)"
    },
    {
      "id": "nm4463494",
      "name": "Charley Vance",
      "character": "Knutson"
    },
    {
      "id": "nm0767412",
      "name": "Felipe Savahge",
      "character": "Blind Rick"
    },
    {
      "id": "nm4240546",
      "name": "Artur",
      "character": "Hector       (as Arthur Zy)"
    },
    {
      "id": "nm6315762",
      "name": "Chris Edrington",
      "character": "Bruce"
    },
    {
      "id": "nm1400589",
      "name": "Chris Jorie",
      "character": "Mr. Robinson"
    },
    {
      "id": "nm6228949",
      "name": "Marcus Anderson",
      "character": "Jake - Bar Patron"
    },
    {
      "id": "nm6082227",
      "name": "Christopher Gutierrez",
      "character": "Husband"
    },
    {
      "id": "nm1881853",
      "name": "Kyle Robinson",
      "character": "Jack"
    },
    {
      "id": "nm5028271",
      "name": "Kayla Adams",
      "character": "Jill"
    },
    {
      "id": "nm3966240",
      "name": "Amy Landon",
      "character": "Pregnant Wife"
    },
    {
      "id": "nm4905035",
      "name": "Brent Nevison",
      "character": "Officer Murdoch"
    },
    {
      "id": "nm1020688",
      "name": "Brian Turi",
      "character": "Officer"
    },
    {
      "id": "nm7925294",
      "name": "Latasha Allen",
      "character": "Background person"
    },
    {
      "id": "nm6644386",
      "name": "Michael D. Anglin",
      "character": "Background person"
    },
    {
      "id": "nm7925295",
      "name": "Michael Arigona",
      "character": "Background person"
    },
    {
      "id": "nm7175572",
      "name": "Tony Beard",
      "character": "Townsperson"
    },
    {
      "id": "nm0266424",
      "name": "John Fallon",
      "character": "Fireman"
    },
    {
      "id": "nm4446589",
      "name": "Alan Lee",
      "character": ""
    },
    {
      "id": "nm9435059",
      "name": "Marc Natoli",
      "character": "Fireman #2"
    },
    {
      "id": "nm6931048",
      "name": "James Ourso",
      "character": "Orchard Worker"
    },
    {
      "id": "nm4480637",
      "name": "Michelle Torres",
      "character": "Orchard Worker"
    }
  ],
  "overview": "A large meteor crashes into a quiet town, and pet dogs become mysteriously aggressive. attacking and killing the residents. Teenager Roslyn (Mays) and her old but faithful dog Shep are out camping when the attacks hit. Now separated by the chaos in town and blocked roads, Roslyn and the other members of her family must find each other by fighting back against the blood-thirsty hounds before the dogs take over the whole town and escape becomes impossible.",
  "storyline": "In a seemingly quiet town a mysterious meteor shower produces a sinister green meteorite that seems to have a dangerous effect on the dogs that who once were the kind well-behaved dogs we once knew turn into vicious killers and the residents are forced to engage in a battle of man vs beast as man's best friend turns into their worst enemy and one teenage girl named Roslyn has to fight her way through the vicious canines accompanied by her faithful dog shemp they must find a way to survive against the dogs they once called man's best friend",
  "plot": "The series focuses around a nomadic family of documentary filmmakers known as the Thornberrys, famous for their televised wildlife studies. It primarily centers on the family's younger daughter Eliza, and her secret gift of being able to communicate with animals, which was bestowed upon her after having rescued a shaman masquerading as a trapped warthog.\n\nThe gift enabled her to talk to the Thornberrys' pet chimpanzee Darwin. Together, the pair frequently venture through the wilderness, befriending many species of wild animals along the way or realizing moral truths and lessons through either their experiences or a particular animal species's lifestyle, or simply assisting the creatures, by which they become acquainted, in their difficulties.",
  "synopsis": null
}