{
  "imdb_id": "tt4936300",
  "tmdb_id": "405716",
  "douban_id": null,
  "title": "By the Rails (2016)",
  "genres": [
    "Drama"
  ],
  "country": "Romania",
  "version": [
    {
      "runtime": "88 min",
      "description": ""
    }
  ],
  "imdb_rating": 6.2,
  "director": [
    {
      "id": "nm0594198",
      "name": "C\u00e3t\u00e3lin Mitulescu"
    }
  ],
  "writer": [
    {
      "id": "nm0594198",
      "name": "C\u00e3t\u00e3lin Mitulescu",
      "description": null
    }
  ],
  "cast": [
    {
      "id": "nm2308578",
      "name": "Alexandru Potocean",
      "character": "Radu"
    },
    {
      "id": "nm3778527",
      "name": "Ada Condeescu",
      "character": "Monica"
    },
    {
      "id": "nm5853323",
      "name": "Giada Laudicina",
      "character": ""
    },
    {
      "id": "nm0870946",
      "name": "Claudiu Trandafir",
      "character": "Victor Dulceata"
    },
    {
      "id": "nm7922944",
      "name": "Oana Tudor",
      "character": "Angela"
    },
    {
      "id": "nm5249411",
      "name": "Andrei Ciopec",
      "character": "Nasul"
    },
    {
      "id": "nm1415249",
      "name": "Lucian Ciurariu",
      "character": ""
    },
    {
      "id": "nm4020482",
      "name": "Roxana Condurache",
      "character": "Alice"
    },
    {
      "id": "nm2169342",
      "name": "Mariana Danescu",
      "character": "Nasa"
    },
    {
      "id": "nm0258868",
      "name": "Luminita Erga",
      "character": "Carmen"
    },
    {
      "id": "nm4109411",
      "name": "Puiu Mircea Lascus",
      "character": "Tati Eugen"
    },
    {
      "id": "nm1166494",
      "name": "Dragos Mostenescu",
      "character": "Taximetrist"
    },
    {
      "id": "nm2360515",
      "name": "Cosmin Padureanu",
      "character": "Nuntas #2"
    },
    {
      "id": "nm1929197",
      "name": "Radu Romaniuc",
      "character": "Florin Vocala"
    },
    {
      "id": "nm0866641",
      "name": "Daniel Tomescu",
      "character": "Nuntas #1"
    },
    {
      "id": "nm0951937",
      "name": "Dorin Zaharia",
      "character": "Nuntas #3"
    }
  ],
  "overview": null,
  "storyline": "Radu has come back from Italy after an year and finds his wife totally changed. They spend the night trying to rediscover their selves. The distance has created distrust and confusion between them but Radu hopes for a new beginning. Music resounds beyond the railroad. The night was never that long.",
  "plot": null,
  "synopsis": null
}