{
  "imdb_id": "tt4975498",
  "tmdb_id": "363790",
  "douban_id": null,
  "title": "The Advocate: A Missing Body (2015)",
  "genres": [
    "Crime",
    "Mystery"
  ],
  "country": "South Korea",
  "version": [
    {
      "runtime": "117 min",
      "description": ""
    }
  ],
  "imdb_rating": 6.4,
  "director": [
    {
      "id": "nm4259348",
      "name": "Jong-ho Huh"
    }
  ],
  "writer": null,
  "cast": [
    {
      "id": "nm1310525",
      "name": "Sun-kyun Lee",
      "character": "Byeong Ho-sung"
    },
    {
      "id": "nm5036289",
      "name": "Go-eun Kim",
      "character": "Jin Sun-mi"
    },
    {
      "id": "nm1486994",
      "name": "Hyun-Sung Jang",
      "character": "Moon Ji-hoon       (as Hyeong-seong Jang)"
    },
    {
      "id": "nm1085945",
      "name": "Won-hee Im",
      "character": "Ho-sung's Subordinate"
    },
    {
      "id": "nm7549828",
      "name": "Sung-duk Hong",
      "character": "Kim Man-suk"
    },
    {
      "id": "nm3704237",
      "name": "Jae-woong Choi",
      "character": "Kim Jung-hwan"
    },
    {
      "id": "nm9364288",
      "name": "Sun-Kyun Lee",
      "character": "Byeong Ho-sung"
    },
    {
      "id": "nm6617679",
      "name": "Kim Yoon-hye",
      "character": "Han Min-jung"
    }
  ],
  "overview": "A lawyer and a prosecutor take on a murder case that has no evidence or a body.",
  "storyline": "Byeon, a hotshot lawyer, successfully defends a large company in a new drug side affect law suit. The company's chairman asks Byeon to represent his chauffeur who is charged with a murder of a female student. It's a case without a body. Only a large pool of blood was discovered at the crime scene. The chauffeur, is the only suspect who was apprehended at the crime scene, and there is also an eye witness. The public prosecutor for the case is Jin who was involved in relationship with Byeon. In order to ensure his win, Byeon goes out to prepare a false witness. However, on the last day of trial, an unexpected turn of events results in Byeon losing the case.",
  "plot": null,
  "synopsis": null
}