{
  "imdb_id": "tt5022424",
  "tmdb_id": "361519",
  "douban_id": null,
  "title": "Kohinoor (2015)",
  "genres": [
    "Comedy",
    "Thriller"
  ],
  "country": "India",
  "version": [
    {
      "runtime": "139 min",
      "description": ""
    }
  ],
  "imdb_rating": 6.2,
  "director": [
    {
      "id": "nm5577396",
      "name": "Vinay Govind"
    }
  ],
  "writer": [
    {
      "id": "nm7583058",
      "name": "Salil Menon",
      "description": null
    },
    {
      "id": "nm4967281",
      "name": "Ranjeet Kamala Sankar",
      "description": null
    }
  ],
  "cast": [
    {
      "id": "nm3981484",
      "name": "Asif Ali",
      "character": "Louis"
    },
    {
      "id": "nm1011348",
      "name": "Indrajith Sukumaran",
      "character": "Haider"
    },
    {
      "id": "nm4028151",
      "name": "Aju Varghese",
      "character": "Aandikunju"
    },
    {
      "id": "nm5584853",
      "name": "Chemban Vinod Jose",
      "character": "Nicholas"
    },
    {
      "id": "nm4265894",
      "name": "Vinay Forrt",
      "character": "Freddy"
    },
    {
      "id": "nm7484637",
      "name": "Aparna Vinod",
      "character": "Daisy"
    },
    {
      "id": "nm7744845",
      "name": "Shraddha Srinath",
      "character": "Nancy"
    },
    {
      "id": "nm1418952",
      "name": "Bhavana",
      "character": "Lilly ('Cameo')"
    },
    {
      "id": "nm2469558",
      "name": "Bijukuttan",
      "character": "Varkey"
    },
    {
      "id": "nm0426958",
      "name": "Johny",
      "character": "Superintendent of Police       (as Kundara Johny)"
    },
    {
      "id": "nm3397660",
      "name": "Sudheer Karamana",
      "character": "Mamman"
    },
    {
      "id": "nm6845864",
      "name": "Pradeep Kottayam",
      "character": "Karunakaran"
    },
    {
      "id": "nm1955570",
      "name": "Saiju Kurup",
      "character": "Mohan Raghav ('Special Appearance')"
    },
    {
      "id": "nm0541126",
      "name": "Mammukoya",
      "character": "Aliakka"
    },
    {
      "id": "nm1432046",
      "name": "Meghanadhan",
      "character": "Velayudhan"
    },
    {
      "id": "nm3440031",
      "name": "Dinesh Nair",
      "character": "St. Johnson"
    },
    {
      "id": "nm0062568",
      "name": "Rizabawa",
      "character": "Xavier       (as Risabhava)"
    },
    {
      "id": "nm6788820",
      "name": "Appunni Sasi",
      "character": "Narayanan"
    },
    {
      "id": "nm1196428",
      "name": "Sagar Shiyas",
      "character": "Varghese       (as Sagar Shiyaas)"
    },
    {
      "id": "nm5626435",
      "name": "Guru Somasundaram",
      "character": "Naikar       (as Guru Somasundharam)"
    }
  ],
  "overview": "The story of \u2018Kohinoor\u2019 develops during the 1987-88 period. It was a time when Mammootty\u2019s \u2018Athirathram\u2019 and Mohanlal\u2019s \u2018Irupatham Noottandu\u2019 were such a rage among youth. Louis (Asif Ali) wishes to be like Tharadas and Sagar Alias Jacky, the heroes in these movies. If not, at least become a junior Tharadas or Sagar Alias Jacky; to earn wealth and name and thus become famous. When Louis set out with such an aim, he is joined by his close companion Aandikkunju (Aju Varghese), Haider (Indrajith) from Mumbai, Freddy (Vinay Forrt) from Kochi, and Freddy\u2019s friend Nicholas (Chemban Vinod Jose). They together make plans and their attempts to accomplish these plans are humorously plotted in this movie.",
  "storyline": "Kohinoor is an upcoming 2015 Malayalam heist film, set in the 1980's, directed by Vinay Govind. The film stars Asif Ali, Indrajith Sukumaran, Aju Varghese and Chemban Vinod Jose in major roles.The film, which is Asif Ali's maiden production venture, features original background score & songs composed by Rahul Raj.",
  "plot": "The story is set in 1988. Haider (Indrajith) who worked for Mumbai underworld develops a plan to steal diamonds from a racket based in Kohinoor textile store in Cherupuzha run by Mamman (Sudheer Karamana) and Xavier (Riza Bava). He hires Nicholas (Chemban Vinod) and Freddy (Vinay Forrt) from Kochi for the theft. They in turn make sub-contract to a small-time thief Aandikunju (Aju Varghese), who gets his friend Louis (Asif Ali) involved for steal from group. Louis as a 1980s characterized youth has admiration for the underworld dons and is highly fascinated by Mammootty's character Tharadas from the popular film Athirathram and Mohanlal's character Sagar Alias Jacky from the popular film Irupatham Noottandu, and wants to be a successful smuggler like them. The team runs into many obstacles during the thievery. In the end both Haider's team (Haider, Nicholas, Freddy and Nancy) and Louis team (Louis and Andrew) takes a share of the diamonds, with risking life and show of confidence.",
  "synopsis": null
}