{
  "imdb_id": "tt5066198",
  "tmdb_id": "374174",
  "douban_id": null,
  "title": "Elliott Morgan: Premature (2015)",
  "genres": [
    "Comedy"
  ],
  "country": "USA",
  "version": [
    {
      "runtime": "61 min",
      "description": ""
    }
  ],
  "imdb_rating": 8.0,
  "director": [
    {
      "id": "nm0689245",
      "name": "Ryan Polito"
    }
  ],
  "writer": null,
  "cast": [
    {
      "id": "nm5575460",
      "name": "Elliott Morgan",
      "character": "Himself"
    }
  ],
  "overview": "You've never truly experienced the world until you have seen it through the eyes of an entitled white, privileged, male. Part saucy banter, part whiskey buzzed self degradation, this lovable boychild touches on topics ranging from the creation of the world to goat sex. He's witty. He's charming. We swear he's of legal age. Elliott Morgan is Premature.",
  "storyline": "Experience the world through the eyes of a white privileged male. Part saucy banter, part whiskey-buzzed self-degradation, this lovable boy-child touches on topics from the creation of the world to goatse.",
  "plot": null,
  "synopsis": null
}