{
  "imdb_id": "tt5007908",
  "tmdb_id": "358717",
  "douban_id": null,
  "title": "Mom and Me (2015)",
  "genres": [
    "Documentary"
  ],
  "country": "UK",
  "version": [
    {
      "runtime": "77 min",
      "description": ""
    }
  ],
  "imdb_rating": 6.4,
  "director": [
    {
      "id": "nm1580771",
      "name": "Ken Wardrop"
    }
  ],
  "writer": [
    {
      "id": "nm1580771",
      "name": "Ken Wardrop",
      "description": null
    }
  ],
  "cast": null,
  "overview": "Mom and Me takes a look at tough guys and the even tougher women who raise them. Set in Oklahoma City, apparently voted the manliest city in the United States, this creative documentary from Irish director Ken Wardrop (\"His &amp; Hers\") chronicles the relationships between ten sons and their mothers.",
  "storyline": "In this compelling portrait of the love between tough guys and their mothers, the only people stronger than the men are the women who raised them.",
  "plot": null,
  "synopsis": null
}