{
  "imdb_id": "tt5101196",
  "tmdb_id": "416113",
  "douban_id": null,
  "title": "Laia (TV Movie 2016)",
  "genres": [
    "Drama"
  ],
  "country": "Spain",
  "version": [
    {
      "runtime": "84 min",
      "description": ""
    }
  ],
  "imdb_rating": 6.0,
  "director": [
    {
      "id": "nm2417076",
      "name": "Llu\u00eds Dan\u00e9s"
    }
  ],
  "writer": [
    {
      "id": "nm0033520",
      "name": "Llu\u00eds Arcarazo",
      "description": null
    },
    {
      "id": "nm0261217",
      "name": "Salvador Espriu",
      "description": "novel"
    },
    {
      "id": "nm1720870",
      "name": "Mar\u00eda Ja\u00e9n",
      "description": null
    }
  ],
  "cast": [
    {
      "id": "nm1715357",
      "name": "Miranda Gas",
      "character": "Laia"
    },
    {
      "id": "nm1517362",
      "name": "Ivan Benet",
      "character": "Quelot"
    },
    {
      "id": "nm0142875",
      "name": "Roger Casamajor",
      "character": "Esteve"
    },
    {
      "id": "nm2087841",
      "name": "Miquel Fern\u00e1ndez",
      "character": "Anton"
    },
    {
      "id": "nm6765856",
      "name": "Cl\u00e0udia Benito",
      "character": "Anneta"
    },
    {
      "id": "nm0143028",
      "name": "Anna Casas",
      "character": "Paulina"
    },
    {
      "id": "nm0188947",
      "name": "Joan Crosas",
      "character": "Fenoses"
    },
    {
      "id": "nm0142256",
      "name": "Montserrat Carulla",
      "character": "Fragata"
    },
    {
      "id": "nm1816692",
      "name": "Jacob Torres",
      "character": "Quim"
    },
    {
      "id": "nm0749706",
      "name": "Boris Ruiz",
      "character": "Endalet"
    },
    {
      "id": "nm0756813",
      "name": "Pep Sais",
      "character": "Sagrist\u00e0 Ventura"
    },
    {
      "id": "nm0190432",
      "name": "Pep Cruz",
      "character": "Moss\u00e8n Gaspar"
    },
    {
      "id": "nm1415740",
      "name": "Anna G\u00fcell",
      "character": "Caterina"
    },
    {
      "id": "nm2458772",
      "name": "Itziar Castro",
      "character": "Coixa Fita"
    },
    {
      "id": "nm1420085",
      "name": "Tilda Espluga",
      "character": "Narcisa Mus"
    },
    {
      "id": "nm0679251",
      "name": "Vicky Pe\u00f1a",
      "character": "Mare Laia"
    },
    {
      "id": "nm3744840",
      "name": "Pep Quintana",
      "character": "Enterramorts"
    },
    {
      "id": "nm1001681",
      "name": "Quimet Pla",
      "character": "Taverner"
    },
    {
      "id": "nm0686320",
      "name": "Albert Pla",
      "character": "M\u00fasic Captaire"
    },
    {
      "id": "nm8446352",
      "name": "Leandre Sangerman",
      "character": "Pescador Sinera"
    },
    {
      "id": "nm7134654",
      "name": "Berta Casta\u00f1\u00e9",
      "character": "Laia Nena"
    },
    {
      "id": "nm7452858",
      "name": "Adri\u00e0 Salazar",
      "character": "Quelot Nen"
    },
    {
      "id": "nm4962541",
      "name": "Roger Dalmases",
      "character": "Esteve Nen"
    },
    {
      "id": "nm5034739",
      "name": "Max Megias",
      "character": "Anton Nen       (as Max Meg\u00edas)"
    },
    {
      "id": "nm8446353",
      "name": "Feliu Roca",
      "character": "Nano Sinera 1"
    },
    {
      "id": "nm8446354",
      "name": "Marc Fuentes",
      "character": "Nano Sinera 2"
    },
    {
      "id": "nm8446355",
      "name": "Eros Salda\u00f1a",
      "character": "Negre Xumaco"
    },
    {
      "id": "nm8446356",
      "name": "Joan Santamaria",
      "character": "Amic Xumaco"
    },
    {
      "id": "nm8446357",
      "name": "Max Ferrando",
      "character": "Nano Sta. Tecla 1"
    },
    {
      "id": "nm8446358",
      "name": "D\u00eddac Rovira",
      "character": "Nano Sta. Tecla 2"
    },
    {
      "id": "nm6765452",
      "name": "Joan Pedragosa",
      "character": "Nano Sta. Tecla 3"
    },
    {
      "id": "nm8446360",
      "name": "Pol Pujol",
      "character": "Nano Sta. Tecla 4"
    },
    {
      "id": "nm8446361",
      "name": "Roger Blanch",
      "character": "Nano Sta. Tecla 5"
    },
    {
      "id": "nm8446362",
      "name": "Laia Clar\u00e9s",
      "character": "Sileta"
    },
    {
      "id": "nm8446363",
      "name": "Francesc Rajadell",
      "character": "Nen Sinera 1"
    },
    {
      "id": "nm8446364",
      "name": "Marta Riudavets",
      "character": "Nena Colla Sileta 1"
    },
    {
      "id": "nm8446365",
      "name": "J\u00falia Bufi",
      "character": "Nena Colla Sileta 2"
    },
    {
      "id": "nm8446366",
      "name": "Anna Benedico",
      "character": "Nena Colla Sileta 3"
    },
    {
      "id": "nm8446367",
      "name": "Jan G\u00f3mez",
      "character": "Nen Colla Sileta 1"
    },
    {
      "id": "nm8446368",
      "name": "Lloren\u00e7 Vila",
      "character": "Nen Colla Sileta 2"
    },
    {
      "id": "nm8446369",
      "name": "Mart\u00ed Monfort",
      "character": "Escolanet Ermita"
    },
    {
      "id": "nm8446370",
      "name": "Rosalina",
      "character": "Dona Quim"
    },
    {
      "id": "nm6653597",
      "name": "David Mart\u00edn Surroca",
      "character": "Pescador"
    }
  ],
  "overview": null,
  "storyline": "\"Laia\" is located in the imaginary village of Sinera, a fishing village inhabited by a series of extreme characters, indiscriminately diverted to the adversities of destiny. There, Laia lives, a woman marked by a miserable and unhappy childhood, that is debated between her cruel husband and lover who is his best friend and faces the hatred of a whole town while dreaming of a freedom that only the sea can to grant.",
  "plot": null,
  "synopsis": null
}