{
  "imdb_id": "tt5205990",
  "tmdb_id": "404119",
  "douban_id": null,
  "title": "Grin (2015)",
  "genres": [
    "Short",
    "Horror"
  ],
  "country": "USA",
  "version": [
    {
      "runtime": "2 min",
      "description": ""
    }
  ],
  "imdb_rating": null,
  "director": [
    {
      "id": "nm3441757",
      "name": "Danny Donahue"
    }
  ],
  "writer": [
    {
      "id": "nm3441757",
      "name": "Danny Donahue",
      "description": null
    },
    {
      "id": "nm2814409",
      "name": "Casey Fichtner",
      "description": null
    }
  ],
  "cast": [
    {
      "id": "nm3186013",
      "name": "Jamie Daniels",
      "character": "Henry"
    },
    {
      "id": "nm0371154",
      "name": "Megan Hayes",
      "character": "Emily"
    },
    {
      "id": "nm2301249",
      "name": "Trent Ward",
      "character": "The Clown"
    }
  ],
  "overview": "A young woman faces old demons in this creepy horror short film.",
  "storyline": "A young woman faces old demons in this creepy horror short film.",
  "plot": null,
  "synopsis": null
}