{
  "imdb_id": "tt5208338",
  "tmdb_id": "400523",
  "douban_id": null,
  "title": "The Link: The Documentary (2016)",
  "genres": [
    "Documentary"
  ],
  "country": "USA",
  "version": [],
  "imdb_rating": null,
  "director": [
    {
      "id": "nm5413556",
      "name": "Andrew List"
    }
  ],
  "writer": [
    {
      "id": "nm5413556",
      "name": "Andrew List",
      "description": null
    }
  ],
  "cast": [
    {
      "id": "nm7736916",
      "name": "Aaron Brewer",
      "character": "Jonathan Hitler"
    },
    {
      "id": "nm1548415",
      "name": "Kevin 'Pondo' Canady",
      "character": "Mad Man Pondo"
    },
    {
      "id": "nm1486106",
      "name": "Matt Capiccioni",
      "character": "MDogg20 Matt Cross"
    },
    {
      "id": "nm5835955",
      "name": "Drew Cordeiro",
      "character": "Himself"
    },
    {
      "id": "nm7736922",
      "name": "Steven Farrell",
      "character": "Steve Farrell"
    },
    {
      "id": "nm7736918",
      "name": "Johnny Garcia",
      "character": "Mythril"
    },
    {
      "id": "nm7736917",
      "name": "Joe Gomez",
      "character": "Joe Gonad"
    },
    {
      "id": "nm7736925",
      "name": "Matt Grose",
      "character": "Loko"
    },
    {
      "id": "nm7736914",
      "name": "Andy Harner",
      "character": "Anarchy Andy"
    },
    {
      "id": "nm2529272",
      "name": "Scott Henson",
      "character": "Himself"
    },
    {
      "id": "nm1815819",
      "name": "Rudy Hill",
      "character": "Rude Boy"
    },
    {
      "id": "nm7736921",
      "name": "Tim Lee",
      "character": "Himself"
    },
    {
      "id": "nm5413556",
      "name": "Andrew List",
      "character": "Lee Andrews"
    },
    {
      "id": "nm7736924",
      "name": "Benjamin Satterley",
      "character": "PAC"
    },
    {
      "id": "nm7736915",
      "name": "Dan Selby",
      "character": "Himself"
    },
    {
      "id": "nm3670509",
      "name": "Steve Shilson",
      "character": "Himself"
    },
    {
      "id": "nm1798107",
      "name": "Chris Spradlin",
      "character": "Chris Hero"
    },
    {
      "id": "nm7736923",
      "name": "Shane Tumminello",
      "character": "Shane Evans"
    },
    {
      "id": "nm7736920",
      "name": "Steve West",
      "character": "Rigor Mortis"
    },
    {
      "id": "nm7736926",
      "name": "Alex Zayne",
      "character": "ZaYnE"
    }
  ],
  "overview": "The most controversial topic in Pro Wrestling today! Back Yard Wrestling! Dive into a hidden community that changed the face of Pro Wrestling today. Forget the trash that's associated with BYW and step into a world that will blow you away. This non-profit documentary covers the history of the online community known as \"The Back Yard Wrestling Link\". -- \"People don't like things they don't understand. They think why would two people destroy their bodies for no money in their back yard. One answer..... for the sport they love. Many professional wrestlers got discovered in back yard wrestling, friends of mine in fact. i wonder what the wrestling business would be without them. Thank you back yard wrestling, for creating stars, giving people a piece of there dream, and entertaining me.\" - Mad Man Pondo, Combat Zone Wrestling.",
  "storyline": "The most controversial topic in Pro Wrestling today! Back Yard Wrestling! Dive into a hidden community that changed the face of Pro Wrestling today. Forget the trash that's associated with BYW and step into a world that will blow you away. This non-profit documentary covers the history of the online community known as \"The Back Yard Wrestling Link\". -- \"People don't like things they don't understand. They think why would two people destroy their bodies for no money in their back yard. One answer..... for the sport they love. Many professional wrestlers got discovered in back yard wrestling, friends of mine in fact. i wonder what the wrestling business would be without them. Thank you back yard wrestling, for creating stars, giving people a piece of there dream, and entertaining me.\" - Mad Man Pondo, Combat Zone Wrestling.",
  "plot": null,
  "synopsis": null
}