{
  "imdb_id": "tt5253754",
  "tmdb_id": "392918",
  "douban_id": null,
  "title": "Creature Designers",
  "genres": [
    "Documentary"
  ],
  "country": "France",
  "version": [
    {
      "runtime": "107 min",
      "description": ""
    }
  ],
  "imdb_rating": 7.3,
  "director": [
    {
      "id": "nm1583697",
      "name": "Gilles Penso"
    },
    {
      "id": "nm4314074",
      "name": "Alexandre Poncet"
    }
  ],
  "writer": [
    {
      "id": "nm1583697",
      "name": "Gilles Penso",
      "description": null
    },
    {
      "id": "nm4314074",
      "name": "Alexandre Poncet",
      "description": null
    }
  ],
  "cast": [
    {
      "id": "nm0000711",
      "name": "Rick Baker",
      "character": "Himself"
    },
    {
      "id": "nm0001102",
      "name": "Joe Dante",
      "character": "Himself"
    },
    {
      "id": "nm0868219",
      "name": "Guillermo del Toro",
      "character": "Himself"
    },
    {
      "id": "nm0308376",
      "name": "Mick Garris",
      "character": "Himself"
    },
    {
      "id": "nm0319266",
      "name": "Alec Gillis",
      "character": "Himself"
    },
    {
      "id": "nm0426272",
      "name": "Steve Johnson",
      "character": "Himself"
    },
    {
      "id": "nm0000484",
      "name": "John Landis",
      "character": "Himself"
    },
    {
      "id": "nm0630524",
      "name": "Greg Nicotero",
      "character": "Himself"
    },
    {
      "id": "nm0003620",
      "name": "Kevin Smith",
      "character": "Himself"
    },
    {
      "id": "nm0864138",
      "name": "Phil Tippett",
      "character": "Himself"
    },
    {
      "id": "nm0906901",
      "name": "Chris Walas",
      "character": "Himself"
    },
    {
      "id": "nm0935616",
      "name": "Matt Winston",
      "character": "Himself"
    },
    {
      "id": "nm0940430",
      "name": "Tom Woodruff Jr.",
      "character": "Himself"
    }
  ],
  "overview": "The Frankenstein Complex takes a historical as well as a creative perspective, with a mix of fascinating scenes behind the camera, film clips, and dozens of interviews with all the big names in the industry. In addition to the many wonderful anecdotes, the film also offers a wealth of beautiful test material, while along the way showing how the art of filmmaking has changed over the years. An affectionate ode to monster makers throughout history.",
  "storyline": "From King Kong to Avatar, from Star Wars to The Lord of the Rings, movie creatures have never been more popular as they are today. Yet the art of creating monsters for the big screen is as old as cinema itself.",
  "plot": null,
  "synopsis": null
}