{
  "imdb_id": "tt5209276",
  "tmdb_id": "369588",
  "douban_id": null,
  "title": "Wang Fam (2015)",
  "genres": [
    "Comedy",
    "Horror"
  ],
  "country": "Philippines",
  "version": [
    {
      "runtime": "110 min",
      "description": ""
    }
  ],
  "imdb_rating": 5.5,
  "director": [
    {
      "id": "nm1212770",
      "name": "Wenn V. Deramas"
    }
  ],
  "writer": [
    {
      "id": "nm1212770",
      "name": "Wenn V. Deramas",
      "description": "story"
    },
    {
      "id": "nm0215853",
      "name": "Mel Mendoza-Del Rosario",
      "description": "screenplay &"
    },
    {
      "id": "nm1212770",
      "name": "Wenn V. Deramas",
      "description": "screenplay"
    }
  ],
  "cast": [
    {
      "id": "nm1903524",
      "name": "Pokwang",
      "character": "Malou-Wang"
    },
    {
      "id": "nm1404226",
      "name": "Benjie Paras",
      "character": "Boo-Wang"
    },
    {
      "id": "nm6398352",
      "name": "Andre Paras",
      "character": "Duke-Wang       (as Andrei Paras)"
    },
    {
      "id": "nm4094411",
      "name": "Abby Bautista",
      "character": "Kala-Wang"
    },
    {
      "id": "nm6850315",
      "name": "Alonzo Muhlach",
      "character": "Vey-Wang"
    },
    {
      "id": "nm0659435",
      "name": "Candy Pangilinan",
      "character": "Kay"
    },
    {
      "id": "nm1137785",
      "name": "Wendell Ramos",
      "character": "Jokjok"
    },
    {
      "id": "nm2841309",
      "name": "Joey Paras",
      "character": "Cocoy"
    },
    {
      "id": "nm3036479",
      "name": "Yassi Pressman",
      "character": "Elenita"
    },
    {
      "id": "nm4079093",
      "name": "Atak",
      "character": "Labo       (as Atak Arania)"
    },
    {
      "id": "nm1940324",
      "name": "Kiray Celis",
      "character": "Keira"
    },
    {
      "id": "nm5138751",
      "name": "Jelson Bay",
      "character": "Judge"
    },
    {
      "id": "nm2016899",
      "name": "Ruby Ruiz",
      "character": "Women's Religious Association       (as Rubi Ruiz)"
    },
    {
      "id": "nm1383883",
      "name": "Tess Antonio",
      "character": "Women's Religious Association"
    },
    {
      "id": "nm5153640",
      "name": "Twinkle Dy",
      "character": "Women's Religious Association"
    },
    {
      "id": "nm2959381",
      "name": "Carmen Del Rosario",
      "character": "Women's Religious Association"
    },
    {
      "id": "nm2791162",
      "name": "Evelyn Santos",
      "character": "Women's Religious Association"
    },
    {
      "id": "nm5009138",
      "name": "Yussef Estevez",
      "character": "Assistant Aswang"
    },
    {
      "id": "nm8323565",
      "name": "Dexter Garcia",
      "character": "Assistant Aswang"
    },
    {
      "id": "nm7960979",
      "name": "Dyosa Pockoh",
      "character": "Maid"
    },
    {
      "id": "nm7142025",
      "name": "Janjep Carlos",
      "character": "Boarder"
    },
    {
      "id": "nm5613819",
      "name": "Yuwin Cruz",
      "character": "Boarder"
    },
    {
      "id": "nm8323566",
      "name": "Adolph Reyes",
      "character": "Boarder"
    },
    {
      "id": "nm8323567",
      "name": "Kaiser Boado",
      "character": "Boarder"
    },
    {
      "id": "nm6805065",
      "name": "Robin Tapeno",
      "character": "Boarder"
    },
    {
      "id": "nm6520399",
      "name": "Jon Timmons",
      "character": "Boarder"
    },
    {
      "id": "nm4962599",
      "name": "Justin Kim",
      "character": "Boarder"
    },
    {
      "id": "nm8323568",
      "name": "Neil Mendinueto",
      "character": "Boarder"
    },
    {
      "id": "nm6839423",
      "name": "Mark Zamora",
      "character": "Boarder"
    },
    {
      "id": "nm8323569",
      "name": "Andrew Marquez",
      "character": "Boarder"
    },
    {
      "id": "nm7769995",
      "name": "Zeus Collins",
      "character": "Bully"
    },
    {
      "id": "nm6571350",
      "name": "Clark Merced",
      "character": "Bully"
    },
    {
      "id": "nm7323037",
      "name": "Jason Salvador",
      "character": "Bully"
    },
    {
      "id": "nm8323570",
      "name": "Claire Tang",
      "character": "Friend of Elenita"
    },
    {
      "id": "nm8323571",
      "name": "Anne King",
      "character": "Friend of Elenita"
    },
    {
      "id": "nm8323572",
      "name": "Lance Javier",
      "character": "Friend of Vey"
    },
    {
      "id": "nm2407058",
      "name": "Marnie Lapus",
      "character": "Principal"
    },
    {
      "id": "nm2779751",
      "name": "Aleera Montalla",
      "character": "Prof. Ann Lee Rice"
    },
    {
      "id": "nm2783722",
      "name": "Lao Rodriguez",
      "character": "Priest       (as Lao Rondiriguez)"
    },
    {
      "id": "nm1318787",
      "name": "Eagle Riggs",
      "character": "Chairman"
    }
  ],
  "overview": "A family of aswang attempt to transition into a living a more normal, less monstrous life.",
  "storyline": "A family of aswang attempt to transition into a living a more normal, less monstrous life.",
  "plot": null,
  "synopsis": null
}