{
  "imdb_id": "tt5214738",
  "tmdb_id": "380735",
  "douban_id": null,
  "title": "Hakuohki SSL: Sweet School Life",
  "genres": [
    "Comedy"
  ],
  "country": "Japan",
  "version": [],
  "imdb_rating": null,
  "director": [
    {
      "id": "nm3090559",
      "name": "Kensaku Miyashita"
    }
  ],
  "writer": [
    {
      "id": "nm3090559",
      "name": "Kensaku Miyashita",
      "description": "screenplay"
    }
  ],
  "cast": [
    {
      "id": "nm3779027",
      "name": "Ry\u00f4ma Baba",
      "character": ""
    },
    {
      "id": "nm7742453",
      "name": "Katsuhiko Ibuka",
      "character": ""
    },
    {
      "id": "nm5583416",
      "name": "Seiya Inagaki",
      "character": ""
    },
    {
      "id": "nm7742452",
      "name": "Matthew Ishiwakari",
      "character": ""
    },
    {
      "id": "nm9638520",
      "name": "Mash\u00fb Ishiwatari",
      "character": ""
    },
    {
      "id": "nm7742456",
      "name": "Kazuki Kat\u00f4",
      "character": ""
    },
    {
      "id": "nm6478644",
      "name": "Atsushi Kimura",
      "character": ""
    },
    {
      "id": "nm9755476",
      "name": "Yuichi Nakamura",
      "character": "Toshizo Hijikata"
    },
    {
      "id": "nm5165813",
      "name": "Miku Ohno",
      "character": ""
    },
    {
      "id": "nm7742455",
      "name": "Tomoya Okuno",
      "character": ""
    },
    {
      "id": "nm3536602",
      "name": "Toshiyuki Someya",
      "character": ""
    },
    {
      "id": "nm7742454",
      "name": "Kentar\u00f4 Takizawa",
      "character": ""
    },
    {
      "id": "nm5374938",
      "name": "Y\u00fbki Tamaki",
      "character": ""
    }
  ],
  "overview": "A live-action theatrical film has been announced for Hakuoki SSL, a spin-off of the popular Hakuoki otome game series that re-imagines the cast of Shinsengumi samurai warriors as teachers and students living a peaceful existence in modern Japan.",
  "storyline": null,
  "plot": null,
  "synopsis": null
}