{
  "imdb_id": "tt5225874",
  "tmdb_id": "401139",
  "douban_id": null,
  "title": "The Killer in the House (2016)",
  "genres": [
    "Action",
    "Comedy",
    "Horror"
  ],
  "country": "USA",
  "version": [
    {
      "runtime": "97 min",
      "description": ""
    }
  ],
  "imdb_rating": null,
  "director": [
    {
      "id": "nm5745642",
      "name": "Nicholas Molinari"
    }
  ],
  "writer": [
    {
      "id": "nm5745642",
      "name": "Nicholas Molinari",
      "description": null
    }
  ],
  "cast": [
    {
      "id": "nm7750877",
      "name": "Alyssa Accardo",
      "character": "Riley"
    },
    {
      "id": "nm7750880",
      "name": "Chase Andersen",
      "character": "Zach"
    },
    {
      "id": "nm6999125",
      "name": "Christina Cappelli",
      "character": "Faye"
    },
    {
      "id": "nm4805687",
      "name": "Carly Dufford",
      "character": "Girl in Peril"
    },
    {
      "id": "nm7473201",
      "name": "Rachael Feldman",
      "character": "Sophie"
    },
    {
      "id": "nm7031172",
      "name": "Mara McCann",
      "character": "Victoria Jennings"
    },
    {
      "id": "nm7750881",
      "name": "Robert Molinari",
      "character": "Dean Porter"
    },
    {
      "id": "nm7370845",
      "name": "Alexandra Noland",
      "character": "Kerri"
    },
    {
      "id": "nm7750879",
      "name": "Emily Ryan Reed",
      "character": "Jordan"
    },
    {
      "id": "nm7644645",
      "name": "Trent Stone",
      "character": "Professor Jennings"
    },
    {
      "id": "nm6492179",
      "name": "Jennifer Suter",
      "character": "Alessa"
    },
    {
      "id": "nm6018656",
      "name": "Bartek Szymanski",
      "character": "Tom"
    },
    {
      "id": "nm7750878",
      "name": "Kaleigh Ann Tharpe",
      "character": "Mercedes"
    }
  ],
  "overview": "Riley and her friends head to a remote cabin in the woods to study for finals. But they soon find their own lives will be put to the test by a killer in the house. Dark pasts come to light and friendships are questioned as the battle for survival turns bloody.",
  "storyline": "Six college girls head to a remote cabin in the woods to study for finals only to be tested by a killer in the house.",
  "plot": null,
  "synopsis": null
}