{
  "imdb_id": "tt5265790",
  "tmdb_id": "424845",
  "douban_id": null,
  "title": "A Beautiful Day (2016)",
  "genres": [
    "Short",
    "Drama",
    "Thriller"
  ],
  "country": "USA",
  "version": [
    {
      "runtime": "21 min",
      "description": ""
    }
  ],
  "imdb_rating": 8.8,
  "director": [
    {
      "id": "nm0003659",
      "name": "Phedon Papamichael"
    }
  ],
  "writer": [
    {
      "id": "nm0004187",
      "name": "Casey Cannon",
      "description": "screenplay"
    },
    {
      "id": "nm0316223",
      "name": "Angeliki Giannakopoulos",
      "description": "screenplay"
    },
    {
      "id": "nm0316223",
      "name": "Angeliki Giannakopoulos",
      "description": "story"
    }
  ],
  "cast": [
    {
      "id": "nm0000981",
      "name": "James Brolin",
      "character": "Gene Thompson"
    },
    {
      "id": "nm0004920",
      "name": "Frances Fisher",
      "character": "Bev"
    },
    {
      "id": "nm0001685",
      "name": "Rick Rossovich",
      "character": "Jack"
    },
    {
      "id": "nm6087035",
      "name": "Juju Journey Brener",
      "character": "Cheryl's Toddler"
    },
    {
      "id": "nm2534295",
      "name": "David M. Edelstien",
      "character": "Dennis"
    },
    {
      "id": "nm0327545",
      "name": "Michael Gonzales",
      "character": "Arturo"
    },
    {
      "id": "nm0493548",
      "name": "Cooper Layne",
      "character": "Man at Bar"
    },
    {
      "id": "nm6451384",
      "name": "Iris Svis",
      "character": "Sue"
    },
    {
      "id": "nm3780310",
      "name": "Kelly Tighe",
      "character": "Cheryl"
    },
    {
      "id": "nm1670905",
      "name": "Tommy Villafranca",
      "character": "John"
    }
  ],
  "overview": "Gene Thompson wakes up knowing that the decision he has made will change his life forever.",
  "storyline": "Gene Thompson wakes up knowing that the decision he has made will change his life forever.",
  "plot": null,
  "synopsis": null
}