{
  "imdb_id": "tt5275866",
  "tmdb_id": "373339",
  "douban_id": null,
  "title": "Norman Lear: Just Another Version of You (2016)",
  "genres": [
    "Documentary",
    "Biography",
    "History"
  ],
  "country": "USA",
  "version": [
    {
      "runtime": "91 min",
      "description": ""
    }
  ],
  "imdb_rating": 7.1,
  "director": [
    {
      "id": "nm1823216",
      "name": "Heidi Ewing"
    },
    {
      "id": "nm1823227",
      "name": "Rachel Grady"
    }
  ],
  "writer": null,
  "cast": [
    {
      "id": "nm0025309",
      "name": "John Amos",
      "character": "Himself"
    },
    {
      "id": "nm0037735",
      "name": "Bea Arthur",
      "character": "Herself       (archive footage)"
    },
    {
      "id": "nm0000105",
      "name": "Adrienne Barbeau",
      "character": "Herself"
    },
    {
      "id": "nm0000933",
      "name": "Valerie Bertinelli",
      "character": "Herself"
    },
    {
      "id": "nm0004775",
      "name": "Todd Bridges",
      "character": "Himself"
    },
    {
      "id": "nm1260853",
      "name": "Gloria Calderon Kellett",
      "character": "Herself"
    },
    {
      "id": "nm0000123",
      "name": "George Clooney",
      "character": "Himself"
    },
    {
      "id": "nm0001056",
      "name": "Dabney Coleman",
      "character": "Himself"
    },
    {
      "id": "nm7436998",
      "name": "Keaton Nigel Cooke",
      "character": "Young Norman"
    },
    {
      "id": "nm0004917",
      "name": "Kim Fields",
      "character": "Herself"
    },
    {
      "id": "nm0004958",
      "name": "Marla Gibbs",
      "character": "Herself"
    },
    {
      "id": "nm0394787",
      "name": "Alan Horn",
      "character": "Himself"
    },
    {
      "id": "nm0489837",
      "name": "Louise Lasser",
      "character": "Herself"
    },
    {
      "id": "nm0005131",
      "name": "Norman Lear",
      "character": "Himself"
    },
    {
      "id": "nm0005143",
      "name": "Jay Leno",
      "character": "Himself"
    },
    {
      "id": "nm0534409",
      "name": "Bill Macy",
      "character": "Himself"
    },
    {
      "id": "nm0610468",
      "name": "Bill Moyers",
      "character": "Himself"
    },
    {
      "id": "nm0611898",
      "name": "Martin Mull",
      "character": "Himself"
    },
    {
      "id": "nm0611976",
      "name": "Greg Mullavey",
      "character": "Himself"
    },
    {
      "id": "nm0005316",
      "name": "Mary Kay Place",
      "character": "Herself"
    },
    {
      "id": "nm0705989",
      "name": "Charlotte Rae",
      "character": "Herself"
    },
    {
      "id": "nm0005348",
      "name": "Carl Reiner",
      "character": "Himself"
    },
    {
      "id": "nm0001661",
      "name": "Rob Reiner",
      "character": "Himself"
    },
    {
      "id": "nm0738354",
      "name": "Esther Rolle",
      "character": "Herself       (archive footage)"
    },
    {
      "id": "nm0005432",
      "name": "Russell Simmons",
      "character": "Himself"
    },
    {
      "id": "nm0001783",
      "name": "Sally Struthers",
      "character": "Herself"
    },
    {
      "id": "nm0852951",
      "name": "Nathaniel Taylor",
      "character": "Himself"
    },
    {
      "id": "nm0907858",
      "name": "Jimmie Walker",
      "character": "Himself"
    },
    {
      "id": "nm0930724",
      "name": "Hal Williams",
      "character": "Himself"
    },
    {
      "id": "nm0933284",
      "name": "Demond Wilson",
      "character": "Himself"
    },
    {
      "id": "nm0005570",
      "name": "Bud Yorkin",
      "character": "Himself"
    }
  ],
  "overview": "Arguably the most influential creator, writer, and producer in the history of television, Norman Lear brought primetime into step with the times. Using comedy and indelible characters, his legendary 1970s shows such as All In the Family, Maude, Good Times, and The Jeffersons, boldly cracked open dialogue and shifted the national consciousness, injecting enlightened humanism into sociopolitical debates on race, class, creed, and feminism.",
  "storyline": "How did a poor Jewish kid from Connecticut bring us Archie Bunker and become one of the most successful television producers ever? Norman Lear brought provocative subjects like war, poverty, and prejudice into 120 million homes every week. He proved that social change was possible through an unlikely prism: laughter. World Premiere -Opening night selection, Sundance, 2016.",
  "plot": null,
  "synopsis": null
}