{
  "imdb_id": "tt5211596",
  "tmdb_id": "425765",
  "douban_id": null,
  "title": "Tamara (2016)",
  "genres": [
    "Drama",
    "Romance"
  ],
  "country": "Venezuela",
  "version": [
    {
      "runtime": "110 min",
      "description": ""
    }
  ],
  "imdb_rating": null,
  "director": [
    {
      "id": "nm0773790",
      "name": "Elia Schneider"
    }
  ],
  "writer": [
    {
      "id": "nm4430721",
      "name": "Andrea Baranenko",
      "description": "story"
    },
    {
      "id": "nm1760953",
      "name": "Fernando Butazzoni",
      "description": "story"
    },
    {
      "id": "nm1760953",
      "name": "Fernando Butazzoni",
      "description": "written by"
    },
    {
      "id": "nm1629105",
      "name": "Joel Novoa",
      "description": "story"
    },
    {
      "id": "nm0773790",
      "name": "Elia Schneider",
      "description": "story"
    },
    {
      "id": "nm0773790",
      "name": "Elia Schneider",
      "description": "written by"
    }
  ],
  "cast": [
    {
      "id": "nm0273623",
      "name": "Luis Fernandez",
      "character": "Teo /              Tamara"
    },
    {
      "id": "nm1319433",
      "name": "Prakriti Maduro",
      "character": "Ana"
    },
    {
      "id": "nm0493938",
      "name": "Mimi Lazo",
      "character": "Elena"
    },
    {
      "id": "nm4760695",
      "name": "Karina Velasquez",
      "character": "Mar\u00eda Isabel"
    },
    {
      "id": "nm0815280",
      "name": "Carlota Sosa",
      "character": "Profesora Avelino"
    },
    {
      "id": "nm0720423",
      "name": "Julie Restifo",
      "character": "Isbelia"
    },
    {
      "id": "nm0019595",
      "name": "Alberto Alifa",
      "character": "Jos\u00e9 Rafael"
    },
    {
      "id": "nm7739548",
      "name": "Tamara Adrian",
      "character": "Rectora"
    },
    {
      "id": "nm5265169",
      "name": "Juan Andres Belgrave",
      "character": "Mendoza"
    },
    {
      "id": "nm1351293",
      "name": "Jos\u00e9 Manuel Su\u00e1rez",
      "character": "Sosa"
    },
    {
      "id": "nm3934666",
      "name": "Sebasti\u00e1n Torres",
      "character": "Arellano"
    },
    {
      "id": "nm1903327",
      "name": "Ray Angel Torres",
      "character": "Decano       (as Ray Torres)"
    },
    {
      "id": "nm7932703",
      "name": "Jhovana Lozada",
      "character": "Carmencita"
    },
    {
      "id": "nm0646570",
      "name": "Laureano Olivares",
      "character": "Oficial TSJ"
    },
    {
      "id": "nm1629105",
      "name": "Joel Novoa",
      "character": "Abogado 2"
    },
    {
      "id": "nm3634819",
      "name": "Francisco Denis",
      "character": "Gonz\u00e1lo"
    },
    {
      "id": "nm7684438",
      "name": "Claudia Nieto",
      "character": "Miriam"
    },
    {
      "id": "nm7932715",
      "name": "Arturo Rodr\u00edguez",
      "character": "Rector"
    },
    {
      "id": "nm7698520",
      "name": "Nina Rancel",
      "character": "Ben\u00edtez"
    },
    {
      "id": "nm3476978",
      "name": "Jos\u00e9 Ram\u00f3n Barreto",
      "character": "Bustamante"
    },
    {
      "id": "nm1543129",
      "name": "Mercedez Carolina",
      "character": "Abogada       (as Mercedes Brito)"
    },
    {
      "id": "nm7932710",
      "name": "Emma Santos",
      "character": "Angela"
    },
    {
      "id": "nm1044713",
      "name": "Leandro Arvelo",
      "character": "Travesti"
    },
    {
      "id": "nm7932706",
      "name": "Marlon Sanabria",
      "character": "Hern\u00e1n"
    },
    {
      "id": "nm7932711",
      "name": "Adri\u00e1n Rojas",
      "character": "Ni\u00f1o"
    },
    {
      "id": "nm7739550",
      "name": "N\u00e9stor Mollegas",
      "character": "Asistente protocolar"
    },
    {
      "id": "nm7932707",
      "name": "Andrea Miartus",
      "character": "Mireya"
    },
    {
      "id": "nm7932716",
      "name": "Neiron Medina",
      "character": "Vigilante UCAB"
    },
    {
      "id": "nm7932717",
      "name": "Leo Maldonado",
      "character": "Cajero del cafet\u00edn"
    },
    {
      "id": "nm7076011",
      "name": "Aisha Stambouli",
      "character": "Recepcionista"
    },
    {
      "id": "nm2995491",
      "name": "Guillermo Londo\u00f1o",
      "character": "Agente de Inmigraci\u00f3n"
    },
    {
      "id": "nm7932719",
      "name": "Hana Kobayashy",
      "character": "Enfermera Tailandia"
    },
    {
      "id": "nm5398982",
      "name": "Hern\u00e1n Iturbe",
      "character": "Endocrin\u00f3logo"
    },
    {
      "id": "nm7932713",
      "name": "Johan Hern\u00e1ndez",
      "character": "Sacerdote 1"
    },
    {
      "id": "nm7932712",
      "name": "Yeisy Guerra",
      "character": "Luisa"
    },
    {
      "id": "nm7324712",
      "name": "Jesus Garcia",
      "character": "M\u00e9dico"
    },
    {
      "id": "nm7932705",
      "name": "Francisco D\u00edaz",
      "character": "Ferm\u00edn"
    },
    {
      "id": "nm7932723",
      "name": "Benito Rond\u00f3n",
      "character": "Militar de Migraci\u00f3n"
    },
    {
      "id": "nm7932721",
      "name": "George Demien",
      "character": "M\u00e9dico t\u00e9cnico"
    },
    {
      "id": "nm7932704",
      "name": "Jes\u00fas Delgado",
      "character": "Abogado 1"
    },
    {
      "id": "nm0196803",
      "name": "Samantha Dagnino",
      "character": "Enfermera"
    },
    {
      "id": "nm7932708",
      "name": "Daniel Da Silva",
      "character": "Andr\u00e9s"
    },
    {
      "id": "nm6138348",
      "name": "Carlos Clemares",
      "character": "Secretario UCAB"
    },
    {
      "id": "nm1020797",
      "name": "Petr Cikhart",
      "character": "Dr. Jones"
    },
    {
      "id": "nm3558527",
      "name": "Rafael Humberto Carrillo",
      "character": "Zapatero"
    },
    {
      "id": "nm7932709",
      "name": "Yanna Olivarez",
      "character": "Adriana"
    },
    {
      "id": "nm7377142",
      "name": "Jorge Luis Bosque",
      "character": "Sacerdote 2"
    },
    {
      "id": "nm7932702",
      "name": "Gerardo Blanco L\u00f3pez",
      "character": "Aurelio"
    },
    {
      "id": "nm7932714",
      "name": "Ana Alicia P\u00e9rez",
      "character": "Secretaria UCAB"
    },
    {
      "id": "nm7932718",
      "name": "Carlos Ojeda",
      "character": "Dr. Gabald\u00f3n"
    },
    {
      "id": "nm7932722",
      "name": "Arausi Armand",
      "character": "Administradora de cl\u00ednica"
    },
    {
      "id": "nm5404155",
      "name": "Moises Amsel",
      "character": "Dr. Villasmil"
    },
    {
      "id": "nm7932720",
      "name": "Ovidio Almoguera",
      "character": "Empleado TSJ"
    },
    {
      "id": "nm5861322",
      "name": "Marilia Colturato",
      "character": "Thai receptionist       (voice)"
    },
    {
      "id": "nm6284899",
      "name": "Patricia Pacheco",
      "character": "Enfermera"
    }
  ],
  "overview": "The story of a lawyer's journey to overcome his fears and the social boundaries in order to become what he always dreamed: a woman like any other.",
  "storyline": "The film is based in the real life of Teo, a distinguished, prominent and outstanding lawyer, with a four year marriage and two small children, who decides to accomplish his long time secret: to change his body and become a woman.",
  "plot": null,
  "synopsis": null
}