{
  "imdb_id": "tt5323386",
  "tmdb_id": "385453",
  "douban_id": null,
  "title": "Poshter Girl (2016)",
  "genres": [
    "Comedy"
  ],
  "country": "India",
  "version": [
    {
      "runtime": "140 min",
      "description": ""
    }
  ],
  "imdb_rating": 6.7,
  "director": [
    {
      "id": "nm6723513",
      "name": "Sameer Patil"
    }
  ],
  "writer": [
    {
      "id": "nm4852977",
      "name": "Hemant Dhome",
      "description": null
    }
  ],
  "cast": [
    {
      "id": "nm3426747",
      "name": "Madhav Abhyankar",
      "character": "Madhavrao Zende"
    },
    {
      "id": "nm4852977",
      "name": "Hemant Dhome",
      "character": ""
    },
    {
      "id": "nm3401812",
      "name": "Anand Ingle",
      "character": ""
    },
    {
      "id": "nm3406230",
      "name": "Hrishikesh Joshi",
      "character": "Kisan Thorat"
    },
    {
      "id": "nm1241555",
      "name": "Jitendra Joshi",
      "character": "Bharatrao Zende"
    },
    {
      "id": "nm4285133",
      "name": "Neha Joshi",
      "character": "Priyanka"
    },
    {
      "id": "nm4619181",
      "name": "Sonalee Kulkarni",
      "character": "Rupali Thorat"
    },
    {
      "id": "nm3642396",
      "name": "Vaibhav Mangale",
      "character": "(as Vaibhav Mangle)"
    },
    {
      "id": "nm5913962",
      "name": "Siddharth Menon",
      "character": "Arjun Kalal"
    },
    {
      "id": "nm5692040",
      "name": "Sandeep Pathak",
      "character": "Suresh Patil"
    },
    {
      "id": "nm7835482",
      "name": "Akshay Tanksale",
      "character": "Ramesh Patil"
    },
    {
      "id": "nm1798561",
      "name": "Aniket Vishwasrao",
      "character": "Bajrang Dudhbhate"
    },
    {
      "id": "nm1277861",
      "name": "Jaywant Wadkar",
      "character": "Patil"
    },
    {
      "id": "nm3014046",
      "name": "Shrikant Yadav",
      "character": "Bus Conductor"
    }
  ],
  "overview": "Poshter Girl takes you on a mad roller coaster ride of a quaint, little village in Maharashtra - Tekawde, which is ill-famous for female infanticide and as a result there are no girls left within the village. When the question of boys' marriage is on heat, a beautiful and Intelligent girl enters the scenario and changes everything. This is the story of the girl Rupali and her chosen 5 candidates who would do anything to win her heart.",
  "storyline": "Poshter Girl takes you on a mad roller coaster ride of a quaint, little village in Maharashtra - Tekawde, which is ill-famous for female infanticide and as a result there are no girls left within the village. When the question of boys' marriage is on heat, a beautiful and Intelligent girl enters the scenario and changes everything. This is the story of the girl Rupali and her chosen 5 candidates who would do anything to win her heart.",
  "plot": null,
  "synopsis": null
}