{
  "imdb_id": "tt5351000",
  "tmdb_id": "380565",
  "douban_id": null,
  "title": "Home Invasion (Video 2016)",
  "genres": [
    "Crime",
    "Drama",
    "Horror",
    "Thriller"
  ],
  "country": "USA",
  "version": [
    {
      "runtime": "85 min",
      "description": ""
    }
  ],
  "imdb_rating": 5.0,
  "director": [
    {
      "id": "nm0855040",
      "name": "David Tennant"
    }
  ],
  "writer": [
    {
      "id": "nm0838289",
      "name": "Peter Sullivan",
      "description": "written by"
    }
  ],
  "cast": [
    {
      "id": "nm0000574",
      "name": "Jason Patric",
      "character": "Mike"
    },
    {
      "id": "nm0012078",
      "name": "Scott Adkins",
      "character": "Heflin"
    },
    {
      "id": "nm0000449",
      "name": "Natasha Henstridge",
      "character": "Chloe"
    },
    {
      "id": "nm5291430",
      "name": "William Dickinson",
      "character": "Jacob       (as Liam Dickinson)"
    },
    {
      "id": "nm2172012",
      "name": "Kyra Zagorsky",
      "character": "Victoria Knox"
    },
    {
      "id": "nm1558628",
      "name": "Michael J Rogers",
      "character": "Astor       (as Michael Rogers)"
    },
    {
      "id": "nm0856351",
      "name": "Christian Tessier",
      "character": "Xander"
    },
    {
      "id": "nm0187764",
      "name": "Brenda Crichlow",
      "character": "Bess"
    },
    {
      "id": "nm3060342",
      "name": "Leanne Lapp",
      "character": "Liz"
    },
    {
      "id": "nm0628329",
      "name": "Johannah Newmarch",
      "character": "Alice"
    },
    {
      "id": "nm0149942",
      "name": "Garry Chalk",
      "character": "Sheriff Kane"
    },
    {
      "id": "nm1828322",
      "name": "Wesley Salter",
      "character": "Deputy"
    },
    {
      "id": "nm8662732",
      "name": "Peter Cluffa",
      "character": "Phil"
    },
    {
      "id": "nm2049269",
      "name": "Lee Tichon",
      "character": "Burglar"
    },
    {
      "id": "nm0451917",
      "name": "Gabe Khouth",
      "character": "Bridger Operator"
    },
    {
      "id": "nm4181687",
      "name": "Trevor Lerner",
      "character": "Chacko City Worker"
    },
    {
      "id": "nm2851898",
      "name": "Steven Garr",
      "character": "Workman"
    },
    {
      "id": "nm4433549",
      "name": "David Lennon",
      "character": "Newbie 1"
    },
    {
      "id": "nm1941271",
      "name": "Dawn Chubai",
      "character": "Reporter"
    }
  ],
  "overview": "Terror arrives at the one place we all feel safest in this taut psychological thriller starring Natasha Henstridge, Jason Patric and Scott Adkins. When a wealthy woman and her stepson are targeted by a trio of expert thieves in their remote mansion, her only form of help comes from a call with a security systems specialist. But as the intruders become increasingly hostile and the connection wavers, will she trust him to be her eyes and navigate her to safety?",
  "storyline": "Terror arrives at the one place we all feel safest in this taut psychological thriller starring Natasha Henstridge. When a wealthy woman and her stepson are targeted by a trio of expert thieves in their remote mansion, her only form of help comes from a call with a security systems specialist. But as the intruders become increasingly hostile and the connection wavers, will she trust him to be her eyes and navigate her to safety?",
  "plot": null,
  "synopsis": null
}