{
  "imdb_id": "tt5397448",
  "tmdb_id": "404424",
  "douban_id": null,
  "title": "Shopping (2016)",
  "genres": [
    "Short",
    "Drama"
  ],
  "country": "UK",
  "version": [
    {
      "runtime": "12 min",
      "description": ""
    }
  ],
  "imdb_rating": 7.3,
  "director": [
    {
      "id": "nm1488974",
      "name": "Layke Anderson"
    }
  ],
  "writer": [
    {
      "id": "nm7887581",
      "name": "Ryan Child",
      "description": "writer"
    }
  ],
  "cast": [
    {
      "id": "nm1635501",
      "name": "Ricky Nixon",
      "character": "Edward"
    },
    {
      "id": "nm0668271",
      "name": "Bruce Payne",
      "character": "Nick"
    }
  ],
  "overview": "A young man meets the worn voice of a fading city under the dim lights of a London sex shop.",
  "storyline": "A young man meets the worn voice of a fading city under the lights of a London sex shop.",
  "plot": null,
  "synopsis": null
}