{
  "imdb_id": "tt5354386",
  "tmdb_id": "396597",
  "douban_id": null,
  "title": "Antes que cante el gallo (2016)",
  "genres": [
    "Drama"
  ],
  "country": "Puerto Rico",
  "version": [
    {
      "runtime": "98 min",
      "description": ""
    }
  ],
  "imdb_rating": 8.7,
  "director": [
    {
      "id": "nm1849294",
      "name": "Ari Maniel Cruz"
    }
  ],
  "writer": [
    {
      "id": "nm3122088",
      "name": "Kisha Tikina Burgos",
      "description": "as Kisha Burgos"
    }
  ],
  "cast": [
    {
      "id": "nm0328105",
      "name": "Cordelia Gonz\u00e1lez",
      "character": "Gloria"
    },
    {
      "id": "nm4509305",
      "name": "Miranda Purcell",
      "character": "Carmin"
    },
    {
      "id": "nm3122088",
      "name": "Kisha Tikina Burgos",
      "character": "Doris       (as Kisha Burgos)"
    },
    {
      "id": "nm4574826",
      "name": "Jos\u00e9 Eugenio Hern\u00e1ndez",
      "character": "Rub\u00e9n"
    },
    {
      "id": "nm7877510",
      "name": "Pablo Alicea",
      "character": ""
    },
    {
      "id": "nm7877511",
      "name": "Sylvia Bofill",
      "character": ""
    },
    {
      "id": "nm1873539",
      "name": "Laura Isabel Cabrera",
      "character": ""
    },
    {
      "id": "nm6325833",
      "name": "Isadora Lee Cintr\u00f3n Moya",
      "character": ""
    },
    {
      "id": "nm1714790",
      "name": "Yamil Collazo",
      "character": ""
    },
    {
      "id": "nm7877508",
      "name": "Iliana Garc\u00eda",
      "character": ""
    },
    {
      "id": "nm2089954",
      "name": "Mario Guerra",
      "character": ""
    },
    {
      "id": "nm7851838",
      "name": "Oscar Guerrero",
      "character": ""
    },
    {
      "id": "nm7877509",
      "name": "Nami Helfeld",
      "character": ""
    },
    {
      "id": "nm0335120",
      "name": "Israel Lugo",
      "character": "(as Israel Lugo Graniela)"
    },
    {
      "id": "nm7877512",
      "name": "Alejandra Purcell",
      "character": ""
    }
  ],
  "overview": "Teenager Carm\u00edn lives in a mountainous village in the center of Puerto Rico with her tough and conservative grandmother. Her mother left for the US without her. The arrival of her father, after long years in prison, eases Carm\u00edn\u2019s profound sadness. The relationship with him, however, brings its own ambiguousness and complexities and as Carm\u00edn moves into womanhood this causes great confusion, mostly for her.",
  "storyline": "Carm\u00edn's dream of moving to the city with her mother vanishes when she moves to the US with her new husband. Now a teenager, Carm\u00edn grows and lives in Barranquitas, a mountainous village in the center of Puerto Rico, with her grandmother, a tough and conservative woman. The arrival of her father after long years in prison eases Carm\u00edn's profound sadness. The relationship with him, however, brings its own ambiguousness and complexities. Now the girl must learn to live between abandonment and carefulness; amidst absence, desire and love.",
  "plot": null,
  "synopsis": null
}