{
  "imdb_id": "tt5437194",
  "tmdb_id": "380815",
  "douban_id": null,
  "title": "30 svidaniy (2016)",
  "genres": [
    "Comedy",
    "Romance"
  ],
  "country": "Russia",
  "version": [
    {
      "runtime": "88 min",
      "description": ""
    }
  ],
  "imdb_rating": 5.1,
  "director": [
    {
      "id": "nm7902508",
      "name": "Tatyana Kapitan"
    }
  ],
  "writer": [
    {
      "id": "nm7913242",
      "name": "Irina Gorbenko",
      "description": null
    },
    {
      "id": "nm7902508",
      "name": "Tatyana Kapitan",
      "description": null
    },
    {
      "id": "nm7902510",
      "name": "Dmitriy Osmerkin",
      "description": null
    },
    {
      "id": "nm7913243",
      "name": "Zhana Randina",
      "description": null
    }
  ],
  "cast": [
    {
      "id": "nm4992552",
      "name": "Natalya Medvedeva",
      "character": "Dasha"
    },
    {
      "id": "nm3309334",
      "name": "Nikita Panfilov",
      "character": "Oleg"
    },
    {
      "id": "nm3898384",
      "name": "Dmitriy Bogdan",
      "character": "Fedya Bezgolosov"
    },
    {
      "id": "nm2754784",
      "name": "Sergey Abroskin",
      "character": "Kolya Malyshkin"
    },
    {
      "id": "nm1738499",
      "name": "Irina Grineva",
      "character": "Veronika Sergeyevna"
    },
    {
      "id": "nm5493816",
      "name": "Danila Yakushev",
      "character": "Mark"
    },
    {
      "id": "nm2152569",
      "name": "Igor Kharlamov",
      "character": "Mikhail Motorin       (as Garik Kharlamov)"
    },
    {
      "id": "nm0246152",
      "name": "Nikita Dzhigurda",
      "character": "Bowling Owner"
    },
    {
      "id": "nm0060694",
      "name": "Sergey Batalov",
      "character": "Walrus"
    },
    {
      "id": "nm0876483",
      "name": "Olga Tumaykina",
      "character": "Psychologist Yekaterina Kutnaya"
    },
    {
      "id": "nm1485716",
      "name": "Yuriy Anpilogov",
      "character": "Zaya"
    },
    {
      "id": "nm1067373",
      "name": "Yan Tsapnik",
      "character": "Valeron"
    },
    {
      "id": "nm1649668",
      "name": "Dmitriy Astashevich",
      "character": "Tolik"
    },
    {
      "id": "nm5982662",
      "name": "Aleksey Pavlov",
      "character": "Lyolik"
    },
    {
      "id": "nm2537125",
      "name": "Igor Gasparyan",
      "character": "Little Uzbek"
    },
    {
      "id": "nm10962124",
      "name": "Yevgeni Vasilyev",
      "character": "Albert"
    },
    {
      "id": "nm10163432",
      "name": "Igor Morozov",
      "character": "Albino"
    },
    {
      "id": "nm10962125",
      "name": "Nikita Borisov",
      "character": "Biker"
    },
    {
      "id": "nm10962126",
      "name": "Anna Osinovskaya",
      "character": "Model Inna"
    },
    {
      "id": "nm7902510",
      "name": "Dmitriy Osmerkin",
      "character": "DJ at the Club"
    },
    {
      "id": "nm1250954",
      "name": "Pyotr Chernyaev",
      "character": "Old Fiance"
    },
    {
      "id": "nm7913241",
      "name": "Andrey Kochinov",
      "character": "Opera Singer"
    },
    {
      "id": "nm5725986",
      "name": "Anna Kanaris",
      "character": "Model Anna"
    },
    {
      "id": "nm7833427",
      "name": "Vladimir Butenko",
      "character": "Man at the Date"
    },
    {
      "id": "nm5474340",
      "name": "Andrey Rudakov",
      "character": "Man at the Date"
    },
    {
      "id": "nm7913239",
      "name": "Artyom Grot",
      "character": "Man at the Date"
    },
    {
      "id": "nm10962127",
      "name": "Dmitri Tanatos",
      "character": "Man at the Date"
    },
    {
      "id": "nm6913112",
      "name": "Aleksey Lapshin",
      "character": "Nikita"
    },
    {
      "id": "nm10962128",
      "name": "Olga Morovova",
      "character": "Mariya"
    },
    {
      "id": "nm7913238",
      "name": "Andrey Zhulinksiy",
      "character": "Mariya's Boyfriend"
    },
    {
      "id": "nm6814861",
      "name": "Angelina Pritumanova",
      "character": "Secretary"
    },
    {
      "id": "nm7861085",
      "name": "Mariya Starotorzhskaya",
      "character": "Fat Girl"
    },
    {
      "id": "nm7913240",
      "name": "Elena Surkova",
      "character": "Waitress"
    },
    {
      "id": "nm7722203",
      "name": "Darina Griboedova",
      "character": ""
    },
    {
      "id": "nm10962129",
      "name": "Oleg Kabanov",
      "character": "Walrus"
    },
    {
      "id": "nm6947154",
      "name": "Nataliya Makhrova",
      "character": "Shop Assistant"
    },
    {
      "id": "nm3538994",
      "name": "Oleg Sokolovskiy",
      "character": "Walrus"
    }
  ],
  "overview": "Unlucky Dasha believes that it will help the online training - for a month visit the 30 dates, and then the man of her dreams will find her. Just to stay alive after a meeting with crazy cavalry and try to discern among them the perfect man.",
  "storyline": "Unlucky Dasha believes that it will help the online training - for a month visit the 30 dates, and then the man of her dreams will find her. Just to stay alive after a meeting with crazy cavalry and try to discern among them the perfect man.",
  "plot": null,
  "synopsis": null
}