{
  "imdb_id": "tt5448766",
  "tmdb_id": "398116",
  "douban_id": null,
  "title": "Ithu Thaanda Police (2016)",
  "genres": [
    "Comedy"
  ],
  "country": "India",
  "version": [
    {
      "runtime": "124 min",
      "description": ""
    }
  ],
  "imdb_rating": 3.7,
  "director": [
    {
      "id": "nm7911062",
      "name": "Manoj Palodan"
    }
  ],
  "writer": [
    {
      "id": "nm7911062",
      "name": "Manoj Palodan",
      "description": "story, screenplay and dialogue"
    },
    {
      "id": "nm1066396",
      "name": "Renjith",
      "description": "screenplay"
    }
  ],
  "cast": [
    {
      "id": "nm3981484",
      "name": "Asif Ali",
      "character": "Ramakrishnan"
    },
    {
      "id": "nm3817633",
      "name": "Janani Iyer",
      "character": "Niya Menon"
    },
    {
      "id": "nm1366317",
      "name": "Abhirami",
      "character": "Arundhathi Varma"
    },
    {
      "id": "nm3397660",
      "name": "Sudheer Karamana",
      "character": "Xavier"
    },
    {
      "id": "nm1411548",
      "name": "Irshad",
      "character": "Superintendent of Police"
    },
    {
      "id": "nm1475258",
      "name": "Shaju K.S.",
      "character": "Chettiyar       (as Shaju)"
    },
    {
      "id": "nm6845864",
      "name": "Pradeep Kottayam",
      "character": "Rasheed"
    },
    {
      "id": "nm1464408",
      "name": "Neena Kurup",
      "character": "Elsamma"
    },
    {
      "id": "nm7600010",
      "name": "Sethu Lakshmi",
      "character": "Bus Passenger"
    },
    {
      "id": "nm3261392",
      "name": "Sruthi Lakshmi",
      "character": "Mumtaz"
    },
    {
      "id": "nm5399645",
      "name": "Sajitha Madathil",
      "character": "Lathika"
    },
    {
      "id": "nm8187490",
      "name": "Ullas Pandalam",
      "character": "Advocate"
    },
    {
      "id": "nm3703417",
      "name": "Krishna Prabha",
      "character": "Annamma"
    },
    {
      "id": "nm7600011",
      "name": "Sneha Sreekumar",
      "character": "Tinto"
    },
    {
      "id": "nm4584689",
      "name": "Sunil Sukhada",
      "character": "Xavier"
    },
    {
      "id": "nm1403667",
      "name": "Antony Thekkek",
      "character": "Mukundan Menon"
    },
    {
      "id": "nm7723845",
      "name": "Unnikrishnan",
      "character": "Narayanan"
    },
    {
      "id": "nm3617629",
      "name": "Baiju V.K.",
      "character": "Hawildar"
    },
    {
      "id": "nm6315563",
      "name": "Amit Kumar Vashisth",
      "character": "Musafir"
    },
    {
      "id": "nm3897318",
      "name": "Munshi Venu",
      "character": "Telephone Caller"
    }
  ],
  "overview": "Ramakrishnan, a police constable, is posted as a driver at Elathur women police station. He has to deal with the fiery sub-inspector, Arundhathi Varma, to save his job.",
  "storyline": "Movie narrates the interesting story of the incidents that occur when a male Police Officer joins as the driver of an all woman Police Station.",
  "plot": null,
  "synopsis": null
}