{
  "imdb_id": "tt5477028",
  "tmdb_id": "393767",
  "douban_id": null,
  "title": "Sakura no ki no shita (2015)",
  "genres": [
    "Documentary"
  ],
  "country": "Japan",
  "version": [],
  "imdb_rating": null,
  "director": [
    {
      "id": "nm7934456",
      "name": "Kei Tanaka"
    }
  ],
  "writer": null,
  "cast": null,
  "overview": "Feature documentary debut of 29 year old director Kei Tanaka. In the Japanese town of Kawasaki, elderly residents who have lived hard lives are now facing their own death at a public housing complex called \u201cDanchi\u201c. The young director explores and depicts the ageing population in Japan by focusing on the personal lives of few individuals who live quietly on the outskirts of society. While some of the protagonists chose to interact and establish friendships with their fellow elderly residents, others prefer to spend the rest of their years in solitary.",
  "storyline": "Set in Kawasaki City, Japan and a public housing with elderly residents afflicted with loneliness the documentary depicts the challenges facing the men and women and, in particular, seventy nine-year-old Sekiguchi Kotoji who, having been widowed, lives with her sole companion, a pet bird called Tachan.",
  "plot": null,
  "synopsis": null
}