{
  "imdb_id": "tt5458364",
  "tmdb_id": "410386",
  "douban_id": null,
  "title": "Oru Murai Vanthu Paarthaya (2016)",
  "genres": [
    "Comedy",
    "Horror",
    "Romance"
  ],
  "country": "India",
  "version": [
    {
      "runtime": "151 min",
      "description": ""
    }
  ],
  "imdb_rating": 5.5,
  "director": [
    {
      "id": "nm7917674",
      "name": "Sajan K. Mathew"
    }
  ],
  "writer": null,
  "cast": [
    {
      "id": "nm4520191",
      "name": "Unni Mukundan",
      "character": "Prakashan"
    },
    {
      "id": "nm6995220",
      "name": "Prayaga Martin",
      "character": "Parvathi"
    },
    {
      "id": "nm1720175",
      "name": "Sanusha",
      "character": "Aswathi       (as Sanusha Santosh)"
    },
    {
      "id": "nm1429243",
      "name": "Bindu Panikkar",
      "character": "Susheela"
    },
    {
      "id": "nm3477534",
      "name": "Sadiq",
      "character": "Sivan"
    },
    {
      "id": "nm7205423",
      "name": "Sudhi Koppa",
      "character": "Kochukuttan"
    },
    {
      "id": "nm8195186",
      "name": "Prasanth",
      "character": "Kuriachen       (as Prasanth P. Alexander)"
    },
    {
      "id": "nm4028151",
      "name": "Aju Varghese",
      "character": "Manoj"
    },
    {
      "id": "nm2469558",
      "name": "Bijukuttan",
      "character": "Shankunni"
    },
    {
      "id": "nm4279762",
      "name": "Jayaprakash Kuloor",
      "character": "Palani Aashan"
    },
    {
      "id": "nm2465399",
      "name": "Sabumon Abdusamad",
      "character": "Sukumaran       (as Sabumon)"
    },
    {
      "id": "nm8391987",
      "name": "Resmi Anil",
      "character": "Prasanna"
    },
    {
      "id": "nm5438811",
      "name": "Jojo George",
      "character": "Bombay Rameshan"
    },
    {
      "id": "nm6447222",
      "name": "Disney James",
      "character": "Benjamin"
    },
    {
      "id": "nm0430485",
      "name": "Lal Jose",
      "character": "Storyteller       (voice)"
    },
    {
      "id": "nm8391988",
      "name": "Abraham Koshy",
      "character": "Aswathi's Father"
    },
    {
      "id": "nm1032596",
      "name": "Seema G. Nair",
      "character": "Aswathi's Mother"
    },
    {
      "id": "nm3286633",
      "name": "Narayanankutty",
      "character": "Prakashan's Uncle       (as Kalabhavan Narayanankutty)"
    },
    {
      "id": "nm1432283",
      "name": "Kochu Preman",
      "character": "Prakashan's Uncle"
    },
    {
      "id": "nm6947814",
      "name": "Balaji Sarma",
      "character": "Kunjachan       (as Balaji)"
    },
    {
      "id": "nm2184443",
      "name": "Tini Tom",
      "character": "Imposter (Cameo)"
    },
    {
      "id": "nm2241427",
      "name": "Suraaj Venjarammoodu",
      "character": "'Ghost Hunter' Suni (Cameo)"
    }
  ],
  "overview": "Prakshan runs an electrical hardware shop and is known by all the people of that village. As the story progresses, the entry of a mysterious girl in Prakshan's life unfolds a lot of suspense and comical moments.",
  "storyline": "Prakshan runs an electrical hardware shop and is known by all the people of that village. As the story progresses, the entry of a mysterious girl in Prakshan's life unfolds a lot of suspense and comical moments.",
  "plot": null,
  "synopsis": null
}