{
  "imdb_id": "tt5456706",
  "tmdb_id": "388222",
  "douban_id": null,
  "title": "Les mauvaises herbes (2016)",
  "genres": [
    "Comedy",
    "Drama"
  ],
  "country": "Canada",
  "version": [
    {
      "runtime": "105 min",
      "description": ""
    }
  ],
  "imdb_rating": 7.1,
  "director": [
    {
      "id": "nm0126802",
      "name": "Louis B\u00e9langer"
    }
  ],
  "writer": [
    {
      "id": "nm0126802",
      "name": "Louis B\u00e9langer",
      "description": "writer"
    },
    {
      "id": "nm0551885",
      "name": "Alexis Martin",
      "description": "writer"
    }
  ],
  "cast": [
    {
      "id": "nm0551885",
      "name": "Alexis Martin",
      "character": "Jacques Sauvageau"
    },
    {
      "id": "nm0719222",
      "name": "Gilles Renaud",
      "character": "Simon Boulerice"
    },
    {
      "id": "nm5122524",
      "name": "Emmanuelle Lussier Martinez",
      "character": "Francesca"
    },
    {
      "id": "nm5254890",
      "name": "Myriam C\u00f4t\u00e9",
      "character": "Nancy"
    },
    {
      "id": "nm0099209",
      "name": "Gary Boudreault",
      "character": "Deux-temps"
    },
    {
      "id": "nm0660480",
      "name": "Fran\u00e7ois Papineau",
      "character": "Compte"
    },
    {
      "id": "nm0415183",
      "name": "St\u00e9phane F. Jacques",
      "character": "Tony       (as St\u00e9phane Jacques)"
    },
    {
      "id": "nm0033606",
      "name": "Sylvio Archambault",
      "character": "Balloune"
    },
    {
      "id": "nm1654712",
      "name": "B\u00e9n\u00e9dicte D\u00e9cary",
      "character": "Marquise de La Creuse"
    },
    {
      "id": "nm0387012",
      "name": "Patrick Hivon",
      "character": "Alexandre"
    },
    {
      "id": "nm3804367",
      "name": "Alexis Lefebvre",
      "character": "Bastien"
    },
    {
      "id": "nm0681401",
      "name": "Luc Picard",
      "character": "Patenaude"
    }
  ],
  "overview": "Jacques is an actor who runs away to the countryside to escape his gambling debts. He meets Simon, a rough and wily farmer who manipulates him into a business relationship. After a difficult start, the men help each other grow marijuana. They happen to meet Francesca, a sharp young woman who soon embraces their venture. By the time they get to the winter harvest, the three have learned to live together, but outside forces threaten the delicate balance of their little business...",
  "storyline": "Jacques is an actor who runs away to the countryside to escape his gambling debts. He meets Simon, a rough and wily farmer who manipulates him into a business relationship. After a difficult start, the men help each other grow marijuana. They happen to meet Francesca, a sharp young woman who soon embraces their venture. By the time they get to the winter harvest, the three have learned to live together, but outside forces threaten the delicate balance of their little business...",
  "plot": null,
  "synopsis": null
}