{
  "imdb_id": "tt5565152",
  "tmdb_id": "406580",
  "douban_id": null,
  "title": "Somuncu Baba: Askin Sirri (2016)",
  "genres": [
    "Drama",
    "History"
  ],
  "country": "Turkey",
  "version": [],
  "imdb_rating": 6.8,
  "director": [
    {
      "id": "nm4163998",
      "name": "K\u00fcrsat Kizbaz"
    }
  ],
  "writer": [
    {
      "id": "nm8008110",
      "name": "Mahmut Ulu",
      "description": null
    }
  ],
  "cast": [
    {
      "id": "nm5147887",
      "name": "Furkan Palali",
      "character": "Somuncu Baba /              Seyh Hamid-i Veli"
    },
    {
      "id": "nm0839687",
      "name": "Ali S\u00fcrmeli",
      "character": "Sadi-i Rumi"
    },
    {
      "id": "nm1772457",
      "name": "Altan Akisik",
      "character": "Ocak\u00e7ibasi"
    },
    {
      "id": "nm1795778",
      "name": "Altan G\u00f6rd\u00fcm",
      "character": "Mahmud Mazdekani"
    },
    {
      "id": "nm1699022",
      "name": "Emin Olcay",
      "character": "Molla Fenari"
    },
    {
      "id": "nm1295127",
      "name": "Firat Tanis",
      "character": "Meczup"
    },
    {
      "id": "nm1699178",
      "name": "G\u00fcrkan Uygun",
      "character": "Sultan Yildirim Bayezid"
    },
    {
      "id": "nm0102403",
      "name": "Haldun Boysan",
      "character": "Ekmek\u00e7i Musa"
    },
    {
      "id": "nm1284943",
      "name": "Kenan Bal",
      "character": "Sadreddin-i Erdebili"
    },
    {
      "id": "nm1854824",
      "name": "Saruhan H\u00fcnel",
      "character": "Abdurrahman Erzincani"
    },
    {
      "id": "nm1759767",
      "name": "Serdar Yegin",
      "character": "Emir Sultan"
    },
    {
      "id": "nm1758573",
      "name": "Sinan Albayrak",
      "character": "Beyazid Bestami"
    },
    {
      "id": "nm0783062",
      "name": "Suna Selen",
      "character": "Fatma Ana"
    },
    {
      "id": "nm4994211",
      "name": "Tuvana T\u00fcrkay",
      "character": "Necmiye"
    },
    {
      "id": "nm5068051",
      "name": "Yunus Emre Yildirimer",
      "character": "Haci Bayram Veli"
    },
    {
      "id": "nm9669949",
      "name": "Bahtiyar Bakar",
      "character": "Firinci Dervis 1"
    },
    {
      "id": "nm8008109",
      "name": "Berke Caymaz",
      "character": "Amir"
    },
    {
      "id": "nm9669950",
      "name": "Erdem Ilhan",
      "character": "Firinci Dervis 2"
    },
    {
      "id": "nm9669947",
      "name": "Kuzey Kizbaz",
      "character": "Yusuf Hakiki"
    },
    {
      "id": "nm4163998",
      "name": "K\u00fcrsat Kizbaz",
      "character": "Dervis K\u00fcrsat"
    },
    {
      "id": "nm9669945",
      "name": "Kadir Tuna",
      "character": "Dervis Mehmet"
    },
    {
      "id": "nm9669946",
      "name": "Habib Turhan",
      "character": "Dervis Hasan"
    },
    {
      "id": "nm9669948",
      "name": "Ali \u00dclger",
      "character": "Neyzen Dervis"
    }
  ],
  "overview": "Based on a real life story of sufi dervish Somuncu Baba, who lived in Aksaray in Turkey.",
  "storyline": "Based on a real life story of sufi dervish Somuncu Baba, who lived in Aksaray in Turkey.",
  "plot": null,
  "synopsis": null
}