{
  "imdb_id": "tt5717002",
  "tmdb_id": "399135",
  "douban_id": null,
  "title": "Unnodu Ka (2016)",
  "genres": [
    "Comedy",
    "Drama",
    "Romance"
  ],
  "country": "India",
  "version": [
    {
      "runtime": "144 min",
      "description": ""
    }
  ],
  "imdb_rating": 6.5,
  "director": [
    {
      "id": "nm8139552",
      "name": "R.K."
    }
  ],
  "writer": [
    {
      "id": "nm8139562",
      "name": "Abirami Ramanathan",
      "description": null
    }
  ],
  "cast": [
    {
      "id": "nm5615313",
      "name": "Aari",
      "character": ""
    },
    {
      "id": "nm8139553",
      "name": "M.S. Baskar",
      "character": ""
    },
    {
      "id": "nm4367928",
      "name": "Misha Ghoshal",
      "character": ""
    },
    {
      "id": "nm1658967",
      "name": "Mansoor Ali Khan",
      "character": ""
    },
    {
      "id": "nm8139555",
      "name": "Nandha Kumar",
      "character": ""
    },
    {
      "id": "nm8139560",
      "name": "R.J. Kumaravel",
      "character": ""
    },
    {
      "id": "nm1007581",
      "name": "Manobala",
      "character": ""
    },
    {
      "id": "nm7686592",
      "name": "Maya",
      "character": ""
    },
    {
      "id": "nm4513339",
      "name": "Theni Murugan",
      "character": ""
    },
    {
      "id": "nm6189799",
      "name": "Narayan",
      "character": ""
    },
    {
      "id": "nm4082417",
      "name": "Subbu Panchu",
      "character": ""
    },
    {
      "id": "nm0694893",
      "name": "Prabhu",
      "character": ""
    },
    {
      "id": "nm8139559",
      "name": "T.N.T. Raja",
      "character": ""
    },
    {
      "id": "nm8139561",
      "name": "P.B. Ravikumar",
      "character": ""
    },
    {
      "id": "nm8139557",
      "name": "Vinodh Sagar",
      "character": ""
    },
    {
      "id": "nm6106052",
      "name": "Bala Saravanan",
      "character": "Bhagat Singh"
    },
    {
      "id": "nm8139554",
      "name": "Sakthi Saravanan",
      "character": ""
    },
    {
      "id": "nm8139556",
      "name": "Raja Singh",
      "character": ""
    },
    {
      "id": "nm3164348",
      "name": "Shanmuga Sundharam",
      "character": ""
    },
    {
      "id": "nm0882219",
      "name": "Urvashi",
      "character": ""
    },
    {
      "id": "nm8139558",
      "name": "Vidhya Vasan",
      "character": ""
    }
  ],
  "overview": "Two middle-aged men, who are settled in the same city, try to put an end to their families' blood feud in their village. Meanwhile, their children, fall in love with each other and decide to get hitched.",
  "storyline": "Siva and Abhirami are neighbours and close family friends. Their parents belong to the same village and have escaped to Chennai to lead a peaceful life, because the village is divided into two factions due to a generation feud. The parents wish to have get children married to each other which they see as the only way to put an end to the feud. But Siva and Abhirami are always fighting each other. They have two friends in love - Bhagath Singh and Sundarambal, who are separated by Sundarambal's greedy smuggler father Kasinathan . A plan executed by Siva to help them unite leads to more problems and confusions. The rest deals with how Siva solves all the problems and successfully marries Abhirami and also helps his friends unite.",
  "plot": null,
  "synopsis": null
}