{
  "imdb_id": "tt5783112",
  "tmdb_id": "400421",
  "douban_id": null,
  "title": "The Hunt (2016)",
  "genres": [
    "Thriller"
  ],
  "country": "South Korea",
  "version": [
    {
      "runtime": "93 min",
      "description": ""
    }
  ],
  "imdb_rating": 5.2,
  "director": [
    {
      "id": "nm8194667",
      "name": "Lee Woo-Chul"
    }
  ],
  "writer": [
    {
      "id": "nm8194670",
      "name": "Cheon Jin-woo",
      "description": "screenplay"
    }
  ],
  "cast": [
    {
      "id": "nm0014227",
      "name": "Sung-Ki Ahn",
      "character": "Moon Ki-Sung       (as Ahn Sung-Ki)"
    },
    {
      "id": "nm2437361",
      "name": "Jin-woong Cho",
      "character": "Park Dong-Geun       (as Jin-woong Jo)"
    },
    {
      "id": "nm1049234",
      "name": "Hyeon-ju Son",
      "character": "Detective Squad Chief Son"
    },
    {
      "id": "nm3680658",
      "name": "Han Yeri",
      "character": "Kim Yang-Soon       (as Ye-ri Han)"
    },
    {
      "id": "nm3015817",
      "name": "Kwon Yul",
      "character": "Maeng Joon-Ho       (as Kwon Yool)"
    }
  ],
  "overview": "'The Hunt' depicts a fight between a hunter and village people over a newly discovered gold mine.",
  "storyline": "Ki-Sung is suffering from the aftereffects of a coal mine incident. Now he goes to the mountain everyday to hunt for a living. But on this particular day, he sees a suspicious group of hunters and chases them. The group is lead by the business-man Park who has found a claim of gold at the mountain-site. But while trying to buy the area from the old woman who owns it, they got into an argument and Park kills her furiously. Ki-Sung tried to stop them, but now they are after him to erase the only witness of their crime. The beginning of a brutal fight for survival.",
  "plot": null,
  "synopsis": null
}