{
  "imdb_id": "tt5775132",
  "tmdb_id": "404812",
  "douban_id": null,
  "title": "Dizlayk (2016)",
  "genres": [
    "Comedy",
    "Horror",
    "Thriller"
  ],
  "country": "Russia",
  "version": [
    {
      "runtime": "85 min",
      "description": ""
    }
  ],
  "imdb_rating": 2.0,
  "director": [
    {
      "id": "nm1253078",
      "name": "Pavel Ruminov"
    }
  ],
  "writer": [
    {
      "id": "nm3219172",
      "name": "Evgeniy Kolyadintsev",
      "description": null
    },
    {
      "id": "nm1253078",
      "name": "Pavel Ruminov",
      "description": null
    }
  ],
  "cast": [
    {
      "id": "nm6749238",
      "name": "Anastasiya Akatova",
      "character": "Roksanna"
    },
    {
      "id": "nm7130655",
      "name": "Evgeniy Dakot",
      "character": "Boris"
    },
    {
      "id": "nm7737655",
      "name": "Oleg Gaas",
      "character": "Prank"
    },
    {
      "id": "nm4989658",
      "name": "Maria Lavrova",
      "character": ""
    },
    {
      "id": "nm8116708",
      "name": "Diana Melison",
      "character": ""
    },
    {
      "id": "nm8502169",
      "name": "Nikita Moskovoy",
      "character": ""
    },
    {
      "id": "nm6755012",
      "name": "Aleksandr Panin",
      "character": ""
    },
    {
      "id": "nm8502170",
      "name": "Andrey Shugov",
      "character": ""
    },
    {
      "id": "nm8502171",
      "name": "Aleksandr Smirnov",
      "character": ""
    },
    {
      "id": "nm8502168",
      "name": "Mariya Vey",
      "character": ""
    },
    {
      "id": "nm8502172",
      "name": "Sergey Volkov",
      "character": ""
    }
  ],
  "overview": "Most popular video bloggers were gathered to taste a new energy soft-drink in a mansion, which turns out to be a trap. To escape, they have to answer the question correctly: Who wants to kill them?",
  "storyline": "Eight of the most popular video bloggers of the country were gathered to take part in a presentation of a new energy soft-drink. They should spend a night at the empty house without WI-FI and other networks. But the mansion to turn them into a trap. To release it, they have to answer the question correctly: Who wants to kill them?",
  "plot": null,
  "synopsis": null
}