{
  "imdb_id": "tt5778646",
  "tmdb_id": "410127",
  "douban_id": null,
  "title": "Todd Sloane (2016)",
  "genres": [
    "Short",
    "Horror",
    "Thriller"
  ],
  "country": "UK",
  "version": [
    {
      "runtime": "21 min",
      "description": ""
    }
  ],
  "imdb_rating": null,
  "director": [
    {
      "id": "nm8190731",
      "name": "Haruka Irie"
    }
  ],
  "writer": [
    {
      "id": "nm8417285",
      "name": "KT Jemmett",
      "description": "writer"
    }
  ],
  "cast": [
    {
      "id": "nm0095581",
      "name": "Daniel Booroff",
      "character": "Todd /              Jack"
    },
    {
      "id": "nm5108955",
      "name": "Rebecca Calienda",
      "character": "The Woman"
    },
    {
      "id": "nm8190732",
      "name": "Stephen Lawrence",
      "character": "Short Butcher"
    },
    {
      "id": "nm5801475",
      "name": "Nathaniel Fairnington",
      "character": "Tall Butcher"
    }
  ],
  "overview": "A young butcher, isolated from society is trying to piece together his missing memories. A mysterious woman may hold the clues to his past.",
  "storyline": "A young butcher, isolated from society is trying to piece together his missing memories. A mysterious woman may hold the clues to his past.",
  "plot": null,
  "synopsis": null
}