{
  "imdb_id": "tt5752374",
  "tmdb_id": "403789",
  "douban_id": null,
  "title": "Shorgul (2016)",
  "genres": [
    "Drama"
  ],
  "country": "India",
  "version": [
    {
      "runtime": "132 min",
      "description": ""
    }
  ],
  "imdb_rating": 6.7,
  "director": [
    {
      "id": "nm8254923",
      "name": "Pranav Singh"
    },
    {
      "id": "nm8169127",
      "name": "Jitendra Tiwari"
    }
  ],
  "writer": [
    {
      "id": "nm8229806",
      "name": "Shashie-Vermaa",
      "description": null
    },
    {
      "id": "nm8222749",
      "name": "Raj Verma",
      "description": "dialogue"
    }
  ],
  "cast": [
    {
      "id": "nm0792116",
      "name": "Jimmy Sheirgill",
      "character": "Ranjit Om       (as Jimmy Shergill)"
    },
    {
      "id": "nm0709359",
      "name": "Ashutosh Rana",
      "character": "Chaudhary"
    },
    {
      "id": "nm2477148",
      "name": "Rahul Chahan",
      "character": "Saleem's Father"
    },
    {
      "id": "nm8169129",
      "name": "Suha Gezen",
      "character": "Zainab"
    },
    {
      "id": "nm1144611",
      "name": "Eijaz Khan",
      "character": "Mustaqeem"
    },
    {
      "id": "nm0839634",
      "name": "Sanjay Suri",
      "character": "Mithilesh Yadav"
    },
    {
      "id": "nm1381801",
      "name": "Hiten Tejwani",
      "character": "Saleem"
    },
    {
      "id": "nm4598003",
      "name": "Aniruddh Dave",
      "character": "Raghu       (as Aniruddha Dave)"
    },
    {
      "id": "nm2368423",
      "name": "Narendra Jha",
      "character": "Alam Khan"
    },
    {
      "id": "nm1516058",
      "name": "Deep Raj Rana",
      "character": "Police Inspector"
    },
    {
      "id": "nm1064764",
      "name": "Hrishitaa Bhatt",
      "character": "Dancer"
    },
    {
      "id": "nm4289075",
      "name": "Neetu Pande",
      "character": "Savitri"
    },
    {
      "id": "nm5044946",
      "name": "Jay Shanker Pandey",
      "character": "ANWAR"
    },
    {
      "id": "nm0969505",
      "name": "Kunickaa Sadanand",
      "character": "Raghu's Mother       (as Kunika Sadanand)"
    },
    {
      "id": "nm8229806",
      "name": "Shashie-Vermaa",
      "character": "Mamaji"
    },
    {
      "id": "nm9615347",
      "name": "Ajay Singh",
      "character": "Chief Minister 's P. A."
    },
    {
      "id": "nm9615361",
      "name": "Ajay Singh",
      "character": "Chief Minister 's P. A."
    },
    {
      "id": "nm10519736",
      "name": "Prem Trivedi",
      "character": "Librarian"
    }
  ],
  "overview": "Set in Uttar Pradesh, this political drama brings light to incidents that rocked headlines across India.",
  "storyline": "Based on the innocent friendship between a Hindu boy Raghu and a Muslim girl which rapidly escalates into a political minefield, causing unrest and chaos in Uttar Pradesh.",
  "plot": null,
  "synopsis": null
}