{
  "imdb_id": "tt5721654",
  "tmdb_id": "394412",
  "douban_id": null,
  "title": "Fiore (2016)",
  "genres": [
    "Drama"
  ],
  "country": "Italy",
  "version": [
    {
      "runtime": "110 min",
      "description": ""
    }
  ],
  "imdb_rating": 6.7,
  "director": [
    {
      "id": "nm2465833",
      "name": "Claudio Giovannesi"
    }
  ],
  "writer": [
    {
      "id": "nm2465833",
      "name": "Claudio Giovannesi",
      "description": "story and"
    },
    {
      "id": "nm2738907",
      "name": "Filippo Gravino",
      "description": "story"
    },
    {
      "id": "nm2465833",
      "name": "Claudio Giovannesi",
      "description": "screenplay and"
    },
    {
      "id": "nm2738907",
      "name": "Filippo Gravino",
      "description": "screenplay and"
    },
    {
      "id": "nm7820603",
      "name": "Antonella Lattanzi",
      "description": "screenplay"
    }
  ],
  "cast": [
    {
      "id": "nm8144067",
      "name": "Daphne Scoccia",
      "character": "Daphne Bonori"
    },
    {
      "id": "nm8144068",
      "name": "Josciua Algeri",
      "character": "Josh"
    },
    {
      "id": "nm0557609",
      "name": "Valerio Mastandrea",
      "character": "Ascanio Bonori"
    },
    {
      "id": "nm1693019",
      "name": "Laura Vasiliu",
      "character": "Stefania"
    },
    {
      "id": "nm4444700",
      "name": "Aniello Arena",
      "character": "Padre di Gessica"
    },
    {
      "id": "nm8177644",
      "name": "Gessica Giulianielli",
      "character": "Gessica Di Nardo"
    },
    {
      "id": "nm8177645",
      "name": "Klea Marku",
      "character": "Irene Mancini"
    },
    {
      "id": "nm5174990",
      "name": "Francesca Riso",
      "character": "Brenda Russo"
    }
  ],
  "overview": "Young and in prison for theft, Daphne falls in love with Josh, another inmate. Their love story exists through secret letters and fleeting conversations.",
  "storyline": "Youth detention centre. Daphne, arrested for theft, falls in love with Josh, who is also a young robber. Men and women can not meet in jail and love is forbidden. Daphne and Josh's relationship is only based on glances from one cell to the other, short conversations through the bars and secret letters. The prison is not the only deprivation from freedom but becomes also where love is impossible. Fiore is the story of the desire to love of a teenager girl and the power of an emotion that breaks every law.",
  "plot": null,
  "synopsis": null
}