{
  "imdb_id": "tt5875654",
  "tmdb_id": "429797",
  "douban_id": null,
  "title": "Tom Papa: Human Mule (2016)",
  "genres": [
    "Comedy"
  ],
  "country": "USA",
  "version": [
    {
      "runtime": "59 min",
      "description": ""
    }
  ],
  "imdb_rating": 7.9,
  "director": [
    {
      "id": "nm0152401",
      "name": "Jay Chapman"
    }
  ],
  "writer": [
    {
      "id": "nm1166844",
      "name": "Tom Papa",
      "description": null
    }
  ],
  "cast": [
    {
      "id": "nm2307763",
      "name": "Paul C. Morrissey",
      "character": "Announcer /              opening act"
    },
    {
      "id": "nm1166844",
      "name": "Tom Papa",
      "character": "Himself"
    }
  ],
  "overview": "Tom Papa has become a Human Mule and he\u2019s not afraid to admit it.  In this follow up to his 2013 special, Tom is at his fast paced comedic best while relating the everyman struggles of family life,  falling behind to the super rich and his hilarious cure for angry young men.",
  "storyline": "Comedian Tom Papa knows exactly what a mule feels like. Well, sorta. His third hour-long stand-up special.",
  "plot": null,
  "synopsis": null
}