{
  "imdb_id": "tt5804126",
  "tmdb_id": "352431",
  "douban_id": null,
  "title": "Carrossel 2: O Sumi\u00e7o de Maria Joaquina (2016)",
  "genres": [
    "Comedy",
    "Family"
  ],
  "country": "Brazil",
  "version": [
    {
      "runtime": "93 min",
      "description": ""
    }
  ],
  "imdb_rating": 5.4,
  "director": [
    {
      "id": "nm4144240",
      "name": "Mauricio E\u00e7a"
    }
  ],
  "writer": [
    {
      "id": "nm1644533",
      "name": "M\u00e1rcio Alem\u00e3o",
      "description": null
    },
    {
      "id": "nm5448159",
      "name": "Mirna Nogueira",
      "description": null
    }
  ],
  "cast": [
    {
      "id": "nm5119008",
      "name": "Jean Paulo Campos",
      "character": "Cirilo Rivera"
    },
    {
      "id": "nm3987931",
      "name": "Larissa Manoela",
      "character": "Maria Joaquina Medsen"
    },
    {
      "id": "nm5118473",
      "name": "Maisa Silva",
      "character": "Val\u00e9ria Ferreira"
    },
    {
      "id": "nm5118855",
      "name": "Guilherme Seta",
      "character": "Davi Rabinovich"
    },
    {
      "id": "nm5118999",
      "name": "Fernanda Concon",
      "character": "Al\u00edcia Gusman"
    },
    {
      "id": "nm5118568",
      "name": "Lucas Santos",
      "character": "Paulo Guerra"
    },
    {
      "id": "nm3944628",
      "name": "Victoria Diniz",
      "character": "Bibi Smith"
    },
    {
      "id": "nm5118571",
      "name": "Matheus Ueta",
      "character": "Kokimoto Mishima"
    },
    {
      "id": "nm5118966",
      "name": "Aysha Benelli",
      "character": "Laura Gianolli"
    },
    {
      "id": "nm5118703",
      "name": "Nicholas Torres",
      "character": "Jaime Palillo"
    },
    {
      "id": "nm5118914",
      "name": "Thomaz Costa",
      "character": "Daniel Zapata"
    },
    {
      "id": "nm5118455",
      "name": "Stefany Vaz",
      "character": "Carmen Carrilho"
    },
    {
      "id": "nm5146952",
      "name": "Gustavo Daneluz",
      "character": "M\u00e1rio Ayala"
    },
    {
      "id": "nm5118622",
      "name": "Ana Vict\u00f3ria Zimmermann",
      "character": "Marcelina Guerra"
    },
    {
      "id": "nm5628946",
      "name": "L\u00e9o Belmonte",
      "character": "Jorge Cavalieri"
    },
    {
      "id": "nm5118948",
      "name": "Konstantino Atanassopulos",
      "character": "Adriano Ramos"
    },
    {
      "id": "nm5627790",
      "name": "Esther Marcos",
      "character": "Margarida Garcia"
    },
    {
      "id": "nm1705656",
      "name": "Rosanne Mulholland",
      "character": "Professora Helena Fernandes"
    },
    {
      "id": "nm4543718",
      "name": "Mi\u00e1 Mello",
      "character": "Didi Mel"
    },
    {
      "id": "nm1102019",
      "name": "Paulo Miklos",
      "character": "Gonzales"
    },
    {
      "id": "nm3628316",
      "name": "Oscar Filho",
      "character": "Gonzalito"
    },
    {
      "id": "nm0314077",
      "name": "Noemi Gerbelli",
      "character": "Diretora Ol\u00edvia"
    },
    {
      "id": "nm0071192",
      "name": "Fernando Benini",
      "character": "Firmino Gon\u00e7alves"
    },
    {
      "id": "nm0544957",
      "name": "Elke Maravilha",
      "character": "Dona Lel\u00e9"
    },
    {
      "id": "nm6345381",
      "name": "Carlos Bertolazzi",
      "character": "Himself"
    },
    {
      "id": "nm3363946",
      "name": "Rafael Moreira",
      "character": "\u00cdndio"
    },
    {
      "id": "nm8366389",
      "name": "Falc\u00e3o",
      "character": "Himself"
    },
    {
      "id": "nm4469486",
      "name": "M\u00e1rcia de Oliveira",
      "character": "Gra\u00e7a"
    },
    {
      "id": "nm5146771",
      "name": "Gustavo Wabner",
      "character": "Ren\u00ea"
    },
    {
      "id": "nm0675471",
      "name": "Orival Pessini",
      "character": "Sr. Campos"
    }
  ],
  "overview": null,
  "storyline": "The children are invited by a Brazilian music star to one of her shows. But the trip turns into a nightmare when villains Gonzales and Gonzalito, who have just come out of prison, decide to kidnap Maria Joaquina.",
  "plot": null,
  "synopsis": null
}