{
  "imdb_id": "tt5835092",
  "tmdb_id": "403650",
  "douban_id": null,
  "title": "The Escape Plan (2013)",
  "genres": [
    "Short",
    "Action",
    "Comedy"
  ],
  "country": "Australia",
  "version": [
    {
      "runtime": "15 min",
      "description": ""
    }
  ],
  "imdb_rating": null,
  "director": [
    {
      "id": "nm8242436",
      "name": "Michael Hardinge"
    }
  ],
  "writer": [
    {
      "id": "nm8242436",
      "name": "Michael Hardinge",
      "description": null
    }
  ],
  "cast": [
    {
      "id": "nm8242437",
      "name": "Christopher Martin",
      "character": "Dom"
    },
    {
      "id": "nm8242438",
      "name": "Darcy Campbell",
      "character": "Sam"
    },
    {
      "id": "nm8242439",
      "name": "Josh Blake",
      "character": "Lucas Smith"
    },
    {
      "id": "nm8242436",
      "name": "Michael Hardinge",
      "character": "Director's Cameo"
    },
    {
      "id": "nm8242440",
      "name": "Jaron Harvey",
      "character": "Guard 1"
    },
    {
      "id": "nm8242441",
      "name": "Zac Bull",
      "character": "Guard 2"
    },
    {
      "id": "nm8242442",
      "name": "Darcy Paternoster",
      "character": "Guard 3"
    },
    {
      "id": "nm8242443",
      "name": "Matt Karwan",
      "character": "Mechanic 1"
    },
    {
      "id": "nm8242444",
      "name": "Jake Zarris",
      "character": "Mechanic 2"
    },
    {
      "id": "nm8242445",
      "name": "Sebastian Carr",
      "character": "Mechanic"
    },
    {
      "id": "nm8242446",
      "name": "Ashleigh Innes",
      "character": "Waitress"
    }
  ],
  "overview": "A 15 minute Action/Comedy short film filmed in Healesville, Australia by Momentum Studios Australia.",
  "storyline": null,
  "plot": null,
  "synopsis": null
}