{
  "imdb_id": "tt5929796",
  "tmdb_id": "416499",
  "douban_id": null,
  "title": "The Rolling Stones Havana Moon (2016)",
  "genres": [
    "Music"
  ],
  "country": "UK",
  "version": [
    {
      "runtime": "116 min",
      "description": ""
    }
  ],
  "imdb_rating": 8.1,
  "director": [
    {
      "id": "nm2829542",
      "name": "Paul Dugdale"
    }
  ],
  "writer": null,
  "cast": [
    {
      "id": "nm0001396",
      "name": "Mick Jagger",
      "character": "Himself       (as The Rolling Stones)"
    },
    {
      "id": "nm0724189",
      "name": "Keith Richards",
      "character": "Himself       (as The Rolling Stones)"
    },
    {
      "id": "nm0915115",
      "name": "Charlie Watts",
      "character": "Himself       (as The Rolling Stones)"
    },
    {
      "id": "nm0939976",
      "name": "Ronnie Wood",
      "character": "Himself       (as The Rolling Stones)"
    },
    {
      "id": "nm0427850",
      "name": "Darryl Jones",
      "character": "Himself, bass guitar and backing vocals"
    },
    {
      "id": "nm0495346",
      "name": "Chuck Leavell",
      "character": "Himself, keyboards"
    },
    {
      "id": "nm1949042",
      "name": "Karl Denson",
      "character": "Himself, saxophone"
    },
    {
      "id": "nm2055352",
      "name": "Tim Ries",
      "character": "Himself, saxophone and keyboards"
    },
    {
      "id": "nm0166664",
      "name": "Max Clifford",
      "character": "Himself, musical integrator       (as Matt Clifford)"
    },
    {
      "id": "nm0288658",
      "name": "Bernard Fowler",
      "character": "Himself, vocals"
    },
    {
      "id": "nm1296598",
      "name": "Sasha Allen",
      "character": "Herself, vocals"
    },
    {
      "id": "nm8958298",
      "name": "Coro Entrevoces",
      "character": "Themselves, vocals"
    }
  ],
  "overview": "The historic concert appearance of the British band in Cuba on March 25th, 2016. The \"Concert for Amity\" was and played at the Ciudad Deportiva Stadium - the bands first show in Cuba and the finale of their South America Tour.",
  "storyline": "For the first time ever in their 50 year long career, The Rolling Stones played in Havana, the capital of Cuba. The movie shows how music can work as tool of social improvement.",
  "plot": null,
  "synopsis": null
}