{
  "imdb_id": "tt5920348",
  "tmdb_id": "405373",
  "douban_id": null,
  "title": "Chistoe iskusstvo (2016)",
  "genres": [
    "Crime",
    "Mystery",
    "Thriller"
  ],
  "country": "Russia",
  "version": [
    {
      "runtime": "93 min",
      "description": ""
    }
  ],
  "imdb_rating": 6.1,
  "director": [
    {
      "id": "nm0205779",
      "name": "Renat Davletyarov"
    }
  ],
  "writer": [
    {
      "id": "nm1463439",
      "name": "Mark Franchetti",
      "description": "as Mark Franketti"
    },
    {
      "id": "nm0466614",
      "name": "Yuriy Korotkov",
      "description": "participation"
    },
    {
      "id": "nm1451629",
      "name": "Artyom Vitkin",
      "description": "participation"
    }
  ],
  "cast": [
    {
      "id": "nm2246436",
      "name": "Anna Chipovskaya",
      "character": "Sasha       (as Anya Chipovskaya)"
    },
    {
      "id": "nm1215228",
      "name": "Pyotr Fyodorov",
      "character": "Andrey"
    },
    {
      "id": "nm0951120",
      "name": "Konstantin Yushkevich",
      "character": "Volkov"
    },
    {
      "id": "nm1481735",
      "name": "Ilya Lyubimov",
      "character": "Misha"
    },
    {
      "id": "nm1336790",
      "name": "Aleksandr Yatsenko",
      "character": "Zuev"
    },
    {
      "id": "nm2846120",
      "name": "Evgeniya Malakhova",
      "character": "Tamara"
    },
    {
      "id": "nm4991850",
      "name": "Dmitry Brauer",
      "character": "Mashkov       (as Dmitriy Brauer)"
    },
    {
      "id": "nm0161524",
      "name": "Lyudmila Chursina",
      "character": "Natalya Nikolaevna"
    },
    {
      "id": "nm1068631",
      "name": "Aleksey Barabash",
      "character": "Kovalev       (as Aleksey I. Barabash)"
    },
    {
      "id": "nm0610593",
      "name": "Leonid Mozgovoy",
      "character": "Khristoforov"
    },
    {
      "id": "nm0991809",
      "name": "Vladimir Kapustin",
      "character": "Operativnik"
    },
    {
      "id": "nm0802840",
      "name": "Aleksandr Sirin",
      "character": "General"
    },
    {
      "id": "nm0937379",
      "name": "Jir\u00ed Wohanka",
      "character": "Auktsionist       (as Irzhi Vokhanka)"
    },
    {
      "id": "nm0069783",
      "name": "Anatoliy Belyy",
      "character": "Sledovatel"
    },
    {
      "id": "nm8336757",
      "name": "Vladimir Kalisanov",
      "character": "Professor"
    },
    {
      "id": "nm8336758",
      "name": "Dmitriy Kapranov",
      "character": "1y pomoshchnik Volkova"
    },
    {
      "id": "nm7917643",
      "name": "Artur Mukhamadiyarov",
      "character": "Programmist"
    },
    {
      "id": "nm3405342",
      "name": "Oleg Poddubnyy",
      "character": "Pomoshchnik Mashkova"
    },
    {
      "id": "nm0693009",
      "name": "Natalya Potapova",
      "character": "Konserzhka       (as Nataliya Potapova)"
    },
    {
      "id": "nm6011527",
      "name": "Aleksandra Shevchenko",
      "character": "Sekretarsha Mishi"
    },
    {
      "id": "nm8336759",
      "name": "Stanislav Stepanov",
      "character": "Barmen"
    },
    {
      "id": "nm8336760",
      "name": "Ekaterina Devyatova",
      "character": "Diktor"
    },
    {
      "id": "nm1213968",
      "name": "Artyom Semakin",
      "character": "Tekhnolog"
    },
    {
      "id": "nm4461097",
      "name": "Konstantin Silakov",
      "character": "Sledovatel"
    },
    {
      "id": "nm2923473",
      "name": "Viktor Nemets",
      "character": "Kriminalist"
    },
    {
      "id": "nm1401942",
      "name": "Aleksandr Deryabin",
      "character": "Voditel taksi"
    },
    {
      "id": "nm1459820",
      "name": "Kirill Petrov",
      "character": "Politseyskiy"
    },
    {
      "id": "nm6149998",
      "name": "Vsevolod Yashkin",
      "character": "2y pomoshchnik Volkova"
    },
    {
      "id": "nm5684721",
      "name": "Olga Novosad",
      "character": "1ya devitsa Zueva"
    },
    {
      "id": "nm8215728",
      "name": "Irina Smetanina",
      "character": "1ya devitsa Zueva"
    },
    {
      "id": "nm8336761",
      "name": "Maksim Volokitin",
      "character": "Okhrannik"
    }
  ],
  "overview": "Sasha, a young and beautiful photographer, suddenly becomes involved in a criminal scam, so her life now is more than dangerous...",
  "storyline": "Contemporary Russia. Sasha, a beautiful, young photographer, finds her lover, a successful artist, murdered. The police suspect her and the killers want to silence her. She goes on the run from all as she tries to solve this mystery.",
  "plot": null,
  "synopsis": null
}