{
  "imdb_id": "tt5914630",
  "tmdb_id": "407825",
  "douban_id": null,
  "title": "Chudail Story (2016)",
  "genres": [
    "Horror"
  ],
  "country": "India",
  "version": [
    {
      "runtime": "100 min",
      "description": ""
    }
  ],
  "imdb_rating": 2.9,
  "director": [
    {
      "id": "nm8317035",
      "name": "Surya Lakkoju"
    }
  ],
  "writer": [
    {
      "id": "nm8317035",
      "name": "Surya Lakkoju",
      "description": "script"
    },
    {
      "id": "nm8317035",
      "name": "Surya Lakkoju",
      "description": "story"
    }
  ],
  "cast": [
    {
      "id": "nm8317038",
      "name": "Preeti Soni",
      "character": "Shashi Rekha"
    },
    {
      "id": "nm6902732",
      "name": "Amal Sherawat",
      "character": "Robby"
    },
    {
      "id": "nm8317037",
      "name": "Nidhi Nautiyal",
      "character": "Devika"
    },
    {
      "id": "nm3753826",
      "name": "Menka Lalwani",
      "character": "Ria"
    },
    {
      "id": "nm8317036",
      "name": "Akash Rathore",
      "character": "Chandu"
    },
    {
      "id": "nm6139630",
      "name": "Sorab Rajpurohit",
      "character": "Goldie"
    },
    {
      "id": "nm3967437",
      "name": "Sunny Charles",
      "character": "Madman"
    },
    {
      "id": "nm1028114",
      "name": "Pankaj Berry",
      "character": "Mechanic"
    },
    {
      "id": "nm7042212",
      "name": "Pratyush Singh",
      "character": "Traveler #1"
    },
    {
      "id": "nm9556134",
      "name": "Inam Ansari",
      "character": "Dead man"
    },
    {
      "id": "nm9556135",
      "name": "Mohan Sonawane",
      "character": "Dead man"
    },
    {
      "id": "nm9556136",
      "name": "Sahil Sayyed",
      "character": "Dead man"
    },
    {
      "id": "nm9556137",
      "name": "Mohit Vadia",
      "character": "Dead man"
    }
  ],
  "overview": "Chudail Story is a horror film that revolves around a seductive witch, who enchants and kills men.",
  "storyline": "A seductive witch kills men by casting a spell on them. A bunch of friends are trapped in a haunted house with mysterious lady. Is she the Chudail?",
  "plot": null,
  "synopsis": null
}