{
  "imdb_id": "tt5911350",
  "tmdb_id": "425497",
  "douban_id": null,
  "title": "Military Academy 3 (2016)",
  "genres": [
    "Drama"
  ],
  "country": "Serbia",
  "version": [
    {
      "runtime": "95 min",
      "description": ""
    }
  ],
  "imdb_rating": 4.7,
  "director": null,
  "writer": [
    {
      "id": "nm1189766",
      "name": "Boban Jevtic",
      "description": "writer"
    }
  ],
  "cast": [
    {
      "id": "nm3124372",
      "name": "Bojan Peric",
      "character": "Danijel Stosic"
    },
    {
      "id": "nm2731263",
      "name": "Branko Jankovic",
      "character": "Zivojin Dzakovic"
    },
    {
      "id": "nm4407423",
      "name": "Ivan Mihailovic",
      "character": "Mirko Klisura"
    },
    {
      "id": "nm3685117",
      "name": "Jelisaveta Orasanin",
      "character": "Vesna Roksandic 'Roksanda'"
    },
    {
      "id": "nm3778281",
      "name": "Tijana Pecencic",
      "character": "Zimce"
    },
    {
      "id": "nm3306158",
      "name": "Dragana Dabovic",
      "character": "Ines Sasvari 'Sasa'"
    },
    {
      "id": "nm3720834",
      "name": "Tamara Dragicevic",
      "character": "Nadica Dzakovic"
    },
    {
      "id": "nm1381996",
      "name": "Radovan Vujovic",
      "character": "Radisav Risovic 'Ris'"
    },
    {
      "id": "nm0643903",
      "name": "Olga Odanovic",
      "character": "Milijarda Klisura"
    },
    {
      "id": "nm6021917",
      "name": "Vucic Perovic",
      "character": "Bogoljub Jankovic 'Bugi'"
    },
    {
      "id": "nm8531801",
      "name": "Andrea Rzanicanin",
      "character": "Andjela Banjac"
    },
    {
      "id": "nm5959281",
      "name": "Slaven Doslo",
      "character": "Ilija Moraca 'Ika'"
    },
    {
      "id": "nm3225022",
      "name": "Andjela Jovanovic",
      "character": "Svetlana Savic 'Ceca'"
    },
    {
      "id": "nm7191546",
      "name": "Djordje Stojkovic",
      "character": "Gruja"
    },
    {
      "id": "nm0586236",
      "name": "Ivana Mihic",
      "character": "Emilija Stosic"
    },
    {
      "id": "nm5920199",
      "name": "Gordana 'Goga' Paunovic",
      "character": "Marija Gacesa 'Masa'       (as Gordana Paunovic)"
    },
    {
      "id": "nm0051784",
      "name": "Ljubomir Bandovic",
      "character": "Major Zarac"
    },
    {
      "id": "nm2843748",
      "name": "Zinaida Dedakin",
      "character": "Masina majka"
    },
    {
      "id": "nm0227282",
      "name": "Jack Dimich",
      "character": "Glavni Placenik"
    },
    {
      "id": "nm4635794",
      "name": "Nikola Dragutinovic",
      "character": "Tbc"
    },
    {
      "id": "nm6244406",
      "name": "Darko Ivic",
      "character": "Kiza"
    },
    {
      "id": "nm1986982",
      "name": "Miljana Kravic",
      "character": "Maticarka"
    },
    {
      "id": "nm0472431",
      "name": "Miodrag 'Miki' Krstovic",
      "character": "Timi"
    },
    {
      "id": "nm0586158",
      "name": "Milica Mihajlovic",
      "character": "Kuvarica Seki"
    },
    {
      "id": "nm3053969",
      "name": "Ljubisa Milisic",
      "character": "Ikin otac"
    },
    {
      "id": "nm1179625",
      "name": "Milutin Milosevic",
      "character": "Andjelin decko"
    },
    {
      "id": "nm0590568",
      "name": "Nebojsa Milovanovic",
      "character": "Major Dragan Kasanin"
    },
    {
      "id": "nm8595411",
      "name": "Smiljana Nedic",
      "character": "Kadetkinja Nadja"
    },
    {
      "id": "nm0625003",
      "name": "Mladen Nelevic",
      "character": "Desimir Dzakovic"
    },
    {
      "id": "nm0705313",
      "name": "Goran Radakovic",
      "character": "Profesor Cucko"
    },
    {
      "id": "nm4968461",
      "name": "Sofija Rajovic",
      "character": "Ivana"
    },
    {
      "id": "nm8595409",
      "name": "Dusan Rankovic",
      "character": "Kadet Sale"
    },
    {
      "id": "nm4980953",
      "name": "Marko Savkovic",
      "character": "Kapetan"
    },
    {
      "id": "nm0799503",
      "name": "Dusan Simic",
      "character": "Kadet Stiki       (as Simic Dusan)"
    },
    {
      "id": "nm0806992",
      "name": "Predrag Smiljkovic",
      "character": "Bogoljub Zimonjic"
    },
    {
      "id": "nm0820218",
      "name": "Jelica Sretenovic",
      "character": "Burazer"
    },
    {
      "id": "nm8595410",
      "name": "Sanja Tesic",
      "character": "Kadetkinja Giga"
    },
    {
      "id": "nm0863794",
      "name": "Milos Timotijevic",
      "character": "Major Vaske"
    },
    {
      "id": "nm0892901",
      "name": "Tatjana Vencelovski",
      "character": "Kaliopa"
    },
    {
      "id": "nm0897284",
      "name": "Olivera Viktorovic",
      "character": "Rada Dzakovic"
    },
    {
      "id": "nm8595417",
      "name": "Nikola Zivkovic",
      "character": "Kadet"
    }
  ],
  "overview": "What happened to guys and girls of Military academy since we last saw them? The first generation of cadets continue their adventures with the addition of some new blood. What one generation knows, and another is about to find out is that Military academy is not just a school, but way of life.",
  "storyline": null,
  "plot": null,
  "synopsis": null
}