{
  "imdb_id": "tt5929776",
  "tmdb_id": "410718",
  "douban_id": null,
  "title": "Before the Flood (2016)",
  "genres": [
    "Documentary"
  ],
  "country": "USA",
  "version": [
    {
      "runtime": "96 min",
      "description": ""
    }
  ],
  "imdb_rating": 8.4,
  "director": [
    {
      "id": "nm0001770",
      "name": "Fisher Stevens"
    }
  ],
  "writer": [
    {
      "id": "nm0598531",
      "name": "Mark Monroe",
      "description": null
    }
  ],
  "cast": [
    {
      "id": "nm0000138",
      "name": "Leonardo DiCaprio",
      "character": "Himself - Narrator"
    },
    {
      "id": "nm2559634",
      "name": "Ki-moon Ban",
      "character": "Himself       (as Ban Ki-Moon)"
    },
    {
      "id": "nm0327944",
      "name": "Alejandro G. I\u00f1\u00e1rritu",
      "character": "Himself"
    },
    {
      "id": "nm3993798",
      "name": "Mike Brune",
      "character": "Himself       (as Michael Brune)"
    },
    {
      "id": "nm8568071",
      "name": "Marc Mageau",
      "character": "Himself"
    },
    {
      "id": "nm2811695",
      "name": "Enric Sala",
      "character": "Himself       (as Dr. Enric Sala)"
    },
    {
      "id": "nm8562027",
      "name": "Jake Awa",
      "character": "Himself"
    },
    {
      "id": "nm3780804",
      "name": "Jason Box",
      "character": "Himself       (as Prof. Jason E. Box)"
    },
    {
      "id": "nm8562028",
      "name": "Philip Levine",
      "character": "Himself"
    },
    {
      "id": "nm3134128",
      "name": "Michael E. Mann",
      "character": "Himself       (as Dr. Michael E. Mann)"
    },
    {
      "id": "nm4091610",
      "name": "Ma Jun",
      "character": "Himself"
    },
    {
      "id": "nm8562029",
      "name": "Alvin Lin",
      "character": "Himself"
    },
    {
      "id": "nm2865862",
      "name": "Sunita Narain",
      "character": "Herself"
    },
    {
      "id": "nm9406398",
      "name": "Ashok Lavasa",
      "character": "Himself"
    },
    {
      "id": "nm9406399",
      "name": "Haji Ji",
      "character": "Himself, farmer"
    },
    {
      "id": "nm4419145",
      "name": "Anote Tong",
      "character": "Himself"
    },
    {
      "id": "nm6066048",
      "name": "Tommy Remengesau",
      "character": "Himself       (as H.E. Tommy E. Remengesau Jr.)"
    },
    {
      "id": "nm1614324",
      "name": "Jeremy Jackson",
      "character": "Himself, Ph.D"
    },
    {
      "id": "nm7051652",
      "name": "Lindsey Allen",
      "character": "Herself"
    },
    {
      "id": "nm7401393",
      "name": "Farwiza Farhan",
      "character": "Herself"
    },
    {
      "id": "nm9406397",
      "name": "Ian Singleton",
      "character": "Himself, Ph.D"
    },
    {
      "id": "nm7287226",
      "name": "Gidon Eshel",
      "character": "Himself, Ph.D"
    },
    {
      "id": "nm1907769",
      "name": "Elon Musk",
      "character": "Himself"
    },
    {
      "id": "nm6137035",
      "name": "Greg Mankiw",
      "character": "Himself       (as Gregory Mankiw)"
    },
    {
      "id": "nm0449902",
      "name": "John Kerry",
      "character": "Himself"
    },
    {
      "id": "nm9406396",
      "name": "Johan Rockstr\u00f6m",
      "character": "Himself"
    },
    {
      "id": "nm1682433",
      "name": "Barack Obama",
      "character": "Himself"
    },
    {
      "id": "nm2469561",
      "name": "Piers Sellers",
      "character": "Himself, Dr."
    },
    {
      "id": "nm5571029",
      "name": "Pope Francis",
      "character": "Himself"
    },
    {
      "id": "nm0000734",
      "name": "Eddie Albert",
      "character": "The Fiction Writer       (archive footage)"
    },
    {
      "id": "nm3377159",
      "name": "Kelly Ayotte",
      "character": "Herself       (archive footage)"
    },
    {
      "id": "nm0000859",
      "name": "Lionel Barrymore",
      "character": "Father Time       (voice) (archive footage)"
    },
    {
      "id": "nm1909728",
      "name": "Joe Barton",
      "character": "Himself       (archive footage)"
    },
    {
      "id": "nm8568073",
      "name": "Joseph Bast",
      "character": "Himself       (archive footage)"
    },
    {
      "id": "nm0062731",
      "name": "Frank Baxter",
      "character": "Himself       (archive footage)"
    },
    {
      "id": "nm2253512",
      "name": "Glenn Beck",
      "character": "Himself       (archive footage)"
    },
    {
      "id": "nm0124132",
      "name": "George Bush",
      "character": "Himself       (archive footage)"
    },
    {
      "id": "nm0124133",
      "name": "George W. Bush",
      "character": "Himself       (archive footage)"
    },
    {
      "id": "nm2090098",
      "name": "David Cameron",
      "character": "Himself"
    },
    {
      "id": "nm0137999",
      "name": "Richard Carlson",
      "character": "Himself       (archive footage)"
    },
    {
      "id": "nm0001051",
      "name": "Bill Clinton",
      "character": "Himself       (archive footage)"
    },
    {
      "id": "nm8568074",
      "name": "Dan Coats",
      "character": "Himself       (archive footage)"
    },
    {
      "id": "nm1978354",
      "name": "John Cornyn",
      "character": "Himself       (archive footage) (as Sen. John Cornyn)"
    },
    {
      "id": "nm0183698",
      "name": "Katie Couric",
      "character": "Herself       (archive footage)"
    },
    {
      "id": "nm5563034",
      "name": "Ted Cruz",
      "character": "Himself       (archive footage) (as Sen. Ted Cruz)"
    },
    {
      "id": "nm0197213",
      "name": "Jeffrey Dahmer",
      "character": "Himself       (archive footage)"
    },
    {
      "id": "nm1096247",
      "name": "George DiCaprio",
      "character": "Himself"
    },
    {
      "id": "nm2638069",
      "name": "Irmelin DiCaprio",
      "character": "Herself       (archive footage)"
    },
    {
      "id": "nm7712801",
      "name": "Deb Fischer",
      "character": "Herself       (archive footage)"
    },
    {
      "id": "nm0330722",
      "name": "Al Gore",
      "character": "Himself       (archive footage)"
    },
    {
      "id": "nm1932221",
      "name": "Lindsey Graham",
      "character": "Himself       (archive footage)"
    },
    {
      "id": "nm0335948",
      "name": "Chuck Grassley",
      "character": "Himself       (archive footage) (as Charles Grassley)"
    },
    {
      "id": "nm0360458",
      "name": "Sean Hannity",
      "character": "Himself       (archive footage)"
    },
    {
      "id": "nm6218062",
      "name": "Dean Heller",
      "character": "Himself       (archive footage)"
    },
    {
      "id": "nm0395095",
      "name": "Christopher Horner",
      "character": "Himself       (archive footage) (as Chris Horner)"
    },
    {
      "id": "nm2671811",
      "name": "James Inhofe",
      "character": "Himself       (archive footage) (as Sen. James Inhofe)"
    },
    {
      "id": "nm2354559",
      "name": "Johnny Isakson",
      "character": "Himself       (archive footage)"
    },
    {
      "id": "nm7379040",
      "name": "Dan Kish",
      "character": "Himself       (archive footage)"
    },
    {
      "id": "nm4992126",
      "name": "Charles G. Koch",
      "character": "Himself       (archive footage) (as Charles Koch)"
    },
    {
      "id": "nm4991957",
      "name": "David H. Koch",
      "character": "Himself       (archive footage) (as David Koch)"
    },
    {
      "id": "nm1981189",
      "name": "Mary Landrieu",
      "character": "Herself       (archive footage) (as Fmr. Sen. Mary Landrieu)"
    },
    {
      "id": "nm8568072",
      "name": "Nick Loras",
      "character": "Himself       (archive footage)"
    },
    {
      "id": "nm0564587",
      "name": "John McCain",
      "character": "Himself       (archive footage)"
    },
    {
      "id": "nm1941928",
      "name": "Mitch McConnell",
      "character": "Himself       (archive footage) (as Sen. Mitch McConnell)"
    },
    {
      "id": "nm1361767",
      "name": "Angela Merkel",
      "character": "Herself"
    },
    {
      "id": "nm0588922",
      "name": "Marvin Miller",
      "character": "Mr. Sun       (voice) (archive footage)"
    },
    {
      "id": "nm0000054",
      "name": "Marilyn Monroe",
      "character": "Herself       (archive footage)"
    },
    {
      "id": "nm3092840",
      "name": "Marc Morano",
      "character": "Himself       (archive footage)"
    },
    {
      "id": "nm2257090",
      "name": "Lisa Murkowski",
      "character": "Herself       (archive footage)"
    },
    {
      "id": "nm0638557",
      "name": "Bill Nye",
      "character": "Himself       (archive footage)"
    },
    {
      "id": "nm0971123",
      "name": "Bill O'Reilly",
      "character": "Himself       (archive footage)"
    },
    {
      "id": "nm8078611",
      "name": "Laura Obiols",
      "character": ""
    },
    {
      "id": "nm3657980",
      "name": "Tim Phillips",
      "character": "Himself       (archive footage)"
    },
    {
      "id": "nm0715563",
      "name": "Lou Reed",
      "character": "Himself       (archive footage)"
    },
    {
      "id": "nm2095401",
      "name": "Pat Roberts",
      "character": "Himself       (archive footage)"
    },
    {
      "id": "nm0732020",
      "name": "Scott Robertson",
      "character": "Himself       (archive footage)"
    },
    {
      "id": "nm1797713",
      "name": "Mitt Romney",
      "character": "Himself       (archive footage)"
    },
    {
      "id": "nm3811944",
      "name": "Marco Rubio",
      "character": "Himself       (archive footage)"
    },
    {
      "id": "nm3844055",
      "name": "Paul Ryan",
      "character": "Himself       (archive footage) (as Rep. Paul Ryan)"
    },
    {
      "id": "nm4508411",
      "name": "Rick Scott",
      "character": "Himself       (archive footage)"
    },
    {
      "id": "nm2435658",
      "name": "Tim Scott",
      "character": "Himself       (archive footage)"
    },
    {
      "id": "nm1960108",
      "name": "Jeff Sessions",
      "character": "Himself       (archive footage)"
    },
    {
      "id": "nm2004012",
      "name": "Richard Shelby",
      "character": "Himself       (archive footage)"
    },
    {
      "id": "nm2641664",
      "name": "Frederick Singer",
      "character": "Himself       (archive footage) (as Dr. Fred Singer)"
    },
    {
      "id": "nm7036634",
      "name": "James Taylor",
      "character": "Himself       (archive footage)"
    },
    {
      "id": "nm3596482",
      "name": "Pat Toomey",
      "character": "Himself       (archive footage)"
    },
    {
      "id": "nm0874339",
      "name": "Donald Trump",
      "character": "Himself       (archive footage)"
    },
    {
      "id": "nm0001856",
      "name": "Oprah Winfrey",
      "character": "Herself       (archive footage)"
    },
    {
      "id": "nm7010941",
      "name": "Jinping Xi",
      "character": "Himself       (archive footage)"
    }
  ],
  "overview": "A look at how climate change affects our environment and what society can do prevent the demise of endangered species, ecosystems, and native communities across the planet.",
  "storyline": "Using his celebrity status to draw attention to the problem of global warming, one of the most important and pressing issues of our time, actor and United Nations Messenger of Peace, Leonardo DiCaprio, travels the globe to witness firsthand the effects of an impending environmental disaster. By visiting ancient melting glaciers and levelled Indonesian tropical forests, DiCaprio unearths an urgent situation and the world's dependence on fossil fuels, going as far as to visit President Obama himself for an in-depth interview. But, can this crusade inspire the climate-change deniers?",
  "plot": null,
  "synopsis": null
}