{
  "imdb_id": "tt5989054",
  "tmdb_id": "414610",
  "douban_id": null,
  "title": "Stalked by My Doctor: The Return (TV Movie 2016)",
  "genres": [
    "Thriller"
  ],
  "country": "USA",
  "version": [
    {
      "runtime": "97 min",
      "description": ""
    }
  ],
  "imdb_rating": 6.6,
  "director": [
    {
      "id": "nm0132414",
      "name": "Doug Campbell"
    }
  ],
  "writer": [
    {
      "id": "nm0132414",
      "name": "Doug Campbell",
      "description": null
    }
  ],
  "cast": [
    {
      "id": "nm0000616",
      "name": "Eric Roberts",
      "character": "Dr. Beck"
    },
    {
      "id": "nm6370991",
      "name": "Claire Blackwelder",
      "character": "Amy Watkins"
    },
    {
      "id": "nm2467051",
      "name": "Hilary Greer",
      "character": "Linda Watkins"
    },
    {
      "id": "nm2574172",
      "name": "Mark Grossman",
      "character": "Garth"
    },
    {
      "id": "nm0185553",
      "name": "Christopher Crabb",
      "character": "Uncle Roger"
    },
    {
      "id": "nm0443117",
      "name": "Lesli Kay",
      "character": "Rachel"
    },
    {
      "id": "nm1751224",
      "name": "Tiffany Adams",
      "character": "Dr. Clark"
    },
    {
      "id": "nm6073412",
      "name": "Sarah Kraft",
      "character": "Nurse Peters"
    },
    {
      "id": "nm1415832",
      "name": "Lance J. Holt",
      "character": "Dr. Oswald"
    },
    {
      "id": "nm0432521",
      "name": "Clint Jung",
      "character": "FBI Agent Chung"
    },
    {
      "id": "nm4041223",
      "name": "Manuel C Cruz",
      "character": "Agent D'Angelo       (as Manuel Cruz)"
    },
    {
      "id": "nm1098728",
      "name": "Kimberly Spak",
      "character": "Officiant"
    },
    {
      "id": "nm6573226",
      "name": "Lisa Marie",
      "character": "Haley"
    },
    {
      "id": "nm7076568",
      "name": "Alix Foedisch",
      "character": "Katrina"
    },
    {
      "id": "nm6180392",
      "name": "Luis Mercado",
      "character": "Javier"
    }
  ],
  "overview": "No Overview",
  "storyline": "Dr. Beck, who has changed his name, saves a young teenage girl drowning in Mexico, whom he falls in love with. As always, there are some complications in his way, but he has plans to possibly get past them and get the girl of his dreams.",
  "plot": null,
  "synopsis": null
}