{
  "imdb_id": "tt6231364",
  "tmdb_id": "429864",
  "douban_id": null,
  "title": "Qu'est",
  "genres": [
    "Documentary"
  ],
  "country": "France",
  "version": [
    {
      "runtime": "119 min",
      "description": ""
    }
  ],
  "imdb_rating": 7.8,
  "director": [
    {
      "id": "nm0732215",
      "name": "Marie-Monique Robin"
    }
  ],
  "writer": null,
  "cast": [
    {
      "id": "nm3980216",
      "name": "Rob Hopkins",
      "character": "Himself"
    }
  ],
  "overview": "The new documentary from director Marie-Monique Robin about the French village Ungersheim.",
  "storyline": null,
  "plot": null,
  "synopsis": null
}