{
  "imdb_id": "tt6284738",
  "tmdb_id": "428458",
  "douban_id": null,
  "title": "Tim Timinee Tim Timinee Tim Tim to You (Video 2016)",
  "genres": [
    "Talk-Show"
  ],
  "country": "UK",
  "version": [
    {
      "runtime": "64 min",
      "description": ""
    }
  ],
  "imdb_rating": null,
  "director": [
    {
      "id": "nm1114381",
      "name": "Steve Kemsley"
    }
  ],
  "writer": null,
  "cast": [
    {
      "id": "nm0990104",
      "name": "Tim Vine",
      "character": "Himself"
    }
  ],
  "overview": "Watch as he emerges from a chimney to take the roof off! \u2018Tim Timinee Tim Timinee Tim Tim to you\u2019 is the latest lorry load of nonsense from the one-liner pelting, silly singing, prop flinging comedian.",
  "storyline": "'Tim Timinee Tim Timinee Tim Tim to you' is the latest lorry load of nonsense from the one-liner pelting, silly singing, prop flinging comedian. The sell-out show that Tim took around the country and beyond is now heading for your living room. Take a deep breath everyone, because there's a lot to get through. Standby for a large number of stupid jokes, (and platypuses on poles).",
  "plot": null,
  "synopsis": null
}