{
  "imdb_id": "tt7160070",
  "tmdb_id": "397567",
  "douban_id": "11584016",
  "title": "Along with the Gods: The Two Worlds (2017)",
  "genres": [
    "Action",
    "Drama",
    "Fantasy"
  ],
  "country": "South Korea",
  "version": [
    {
      "runtime": "139 min",
      "description": ""
    }
  ],
  "imdb_rating": null,
  "director": [
    {
      "id": "nm1420683",
      "name": "Yong-hwa Kim"
    }
  ],
  "writer": null,
  "cast": [
    {
      "id": "nm1978402",
      "name": "Jung-woo Ha",
      "character": "Kangrim"
    },
    {
      "id": "nm1028580",
      "name": "Tae-Hyun Cha",
      "character": "Kim Ja-hong"
    },
    {
      "id": "nm2352559",
      "name": "Ji-Hoon Ju",
      "character": "Haewonmaek"
    },
    {
      "id": "nm3676100",
      "name": "Hyang-gi Kim",
      "character": "Dukchoon"
    },
    {
      "id": "nm0497631",
      "name": "Jung-jae Lee",
      "character": "King of the underworld"
    },
    {
      "id": "nm3011350",
      "name": "Dong-seok Ma",
      "character": "Seongju God"
    },
    {
      "id": "nm6765553",
      "name": "Kyung-soo Do",
      "character": "Private Won"
    },
    {
      "id": "nm1118612",
      "name": "Dong-wook Kim",
      "character": "Kim Soo-hong"
    },
    {
      "id": "nm5357038",
      "name": "Gwang Jang",
      "character": "God of Violence Hell"
    },
    {
      "id": "nm7890339",
      "name": "Hae-Kyun Jung",
      "character": "God of Murder Hell"
    },
    {
      "id": "nm1367681",
      "name": "Dal-su Oh",
      "character": "Judge"
    },
    {
      "id": "nm1085945",
      "name": "Won-hee Im",
      "character": "Judge"
    },
    {
      "id": "nm3789806",
      "name": "Joon-Hyuk Lee",
      "character": "First Lieutenant Park       (as Jun-hyeog I)"
    },
    {
      "id": "nm1246724",
      "name": "Su-an Kim",
      "character": "Great King Taesan"
    },
    {
      "id": "nm6327190",
      "name": "Ha-neul Kim",
      "character": "God of Betrayal Hell"
    },
    {
      "id": "nm1390122",
      "name": "Hae-sook Kim",
      "character": "God of Indolence Hell       (as Hae-suk Gim)"
    },
    {
      "id": "nm10052505",
      "name": "Hong-In",
      "character": "Firefighter 3"
    },
    {
      "id": "nm6957970",
      "name": "Yoo-Bin Sung",
      "character": "Kim Ja-Hong (Young)"
    }
  ],
  "overview": null,
  "storyline": "Having died unexpectedly, firefighter Ja-hong is taken to the afterlife by 3 afterlife guardians. Only when he passes 7 trials over 49 days and proves he was innocent in human life, he's able to reincarnate, and his 3 afterlife guardians are by his side to defend him in trial.",
  "plot": null,
  "synopsis": null
}