{
  "imdb_id": "tt2039393",
  "cast": null,
  "scene": null,
  "story": null,
  "cinematic_style": {
    "movie": null,
    "trailer": [
      {
        "shot": 7,
        "scale": "closeup",
        "movement": "static"
      },
      {
        "shot": 13,
        "scale": "extreme_closeup",
        "movement": "static"
      },
      {
        "shot": 20,
        "scale": "extreme_closeup",
        "movement": "static"
      },
      {
        "shot": 30,
        "scale": "medium",
        "movement": "static"
      },
      {
        "shot": 36,
        "scale": "long",
        "movement": "static"
      }
    ]
  }
}