{
  "imdb_id": "tt2081178",
  "cast": null,
  "scene": null,
  "story": null,
  "cinematic_style": {
    "movie": null,
    "trailer": [
      {
        "shot": 3,
        "scale": "full",
        "movement": "moving"
      },
      {
        "shot": 12,
        "scale": "closeup",
        "movement": "static"
      },
      {
        "shot": 19,
        "scale": "medium",
        "movement": "static"
      },
      {
        "shot": 25,
        "scale": "full",
        "movement": "pull"
      },
      {
        "shot": 28,
        "scale": "medium",
        "movement": "static"
      }
    ]
  }
}