{
  "imdb_id": "tt2006810",
  "cast": null,
  "scene": null,
  "story": null,
  "cinematic_style": {
    "movie": null,
    "trailer": [
      {
        "shot": 4,
        "scale": "medium",
        "movement": "static"
      },
      {
        "shot": 8,
        "scale": "medium",
        "movement": "static"
      },
      {
        "shot": 25,
        "scale": "full",
        "movement": "moving"
      },
      {
        "shot": 27,
        "scale": "medium",
        "movement": "static"
      },
      {
        "shot": 38,
        "scale": "full",
        "movement": "static"
      }
    ]
  }
}