{
  "imdb_id": "tt2069887",
  "cast": null,
  "scene": null,
  "story": null,
  "cinematic_style": {
    "movie": null,
    "trailer": [
      {
        "shot": 6,
        "scale": "extreme_closeup",
        "movement": "static"
      },
      {
        "shot": 12,
        "scale": "extreme_closeup",
        "movement": "static"
      },
      {
        "shot": 13,
        "scale": "medium",
        "movement": "static"
      },
      {
        "shot": 20,
        "scale": "extreme_closeup",
        "movement": "moving"
      }
    ]
  }
}