{
  "imdb_id": "tt2096668",
  "cast": null,
  "scene": null,
  "story": null,
  "cinematic_style": {
    "movie": null,
    "trailer": [
      {
        "shot": 2,
        "scale": "long",
        "movement": "push"
      },
      {
        "shot": 7,
        "scale": "extreme_closeup",
        "movement": "static"
      },
      {
        "shot": 14,
        "scale": "full",
        "movement": "moving"
      },
      {
        "shot": 20,
        "scale": "long",
        "movement": "static"
      },
      {
        "shot": 25,
        "scale": "long",
        "movement": "static"
      },
      {
        "shot": 26,
        "scale": "long",
        "movement": "static"
      },
      {
        "shot": 28,
        "scale": "long",
        "movement": "static"
      }
    ]
  }
}