{
  "imdb_id": "tt2064968",
  "cast": null,
  "scene": null,
  "story": null,
  "cinematic_style": {
    "movie": null,
    "trailer": [
      {
        "shot": 12,
        "scale": "full",
        "movement": "static"
      },
      {
        "shot": 18,
        "scale": "long",
        "movement": "static"
      },
      {
        "shot": 38,
        "scale": "full",
        "movement": "static"
      },
      {
        "shot": 45,
        "scale": "medium",
        "movement": "static"
      },
      {
        "shot": 50,
        "scale": "closeup",
        "movement": "static"
      },
      {
        "shot": 65,
        "scale": "closeup",
        "movement": "static"
      },
      {
        "shot": 66,
        "scale": "closeup",
        "movement": "static"
      }
    ]
  }
}