{
  "imdb_id": "tt2040336",
  "cast": null,
  "scene": null,
  "story": null,
  "cinematic_style": {
    "movie": null,
    "trailer": [
      {
        "shot": 6,
        "scale": "long",
        "movement": "static"
      },
      {
        "shot": 12,
        "scale": "extreme_closeup",
        "movement": "static"
      },
      {
        "shot": 16,
        "scale": "extreme_closeup",
        "movement": "static"
      },
      {
        "shot": 30,
        "scale": "extreme_closeup",
        "movement": "static"
      },
      {
        "shot": 36,
        "scale": "long",
        "movement": "static"
      },
      {
        "shot": 37,
        "scale": "long",
        "movement": "moving"
      }
    ]
  }
}