{
  "imdb_id": "tt2017561",
  "cast": null,
  "scene": null,
  "story": null,
  "cinematic_style": {
    "movie": null,
    "trailer": [
      {
        "shot": 4,
        "scale": "long",
        "movement": "moving"
      },
      {
        "shot": 12,
        "scale": "full",
        "movement": "static"
      },
      {
        "shot": 15,
        "scale": "medium",
        "movement": "moving"
      },
      {
        "shot": 37,
        "scale": "full",
        "movement": "moving"
      },
      {
        "shot": 57,
        "scale": "long",
        "movement": "static"
      },
      {
        "shot": 61,
        "scale": "full",
        "movement": "static"
      }
    ]
  }
}