{
  "imdb_id": "tt2094767",
  "cast": null,
  "scene": null,
  "story": null,
  "cinematic_style": {
    "movie": null,
    "trailer": [
      {
        "shot": 16,
        "scale": "closeup",
        "movement": "static"
      },
      {
        "shot": 31,
        "scale": "long",
        "movement": "moving"
      },
      {
        "shot": 37,
        "scale": "extreme_closeup",
        "movement": "static"
      },
      {
        "shot": 46,
        "scale": "extreme_closeup",
        "movement": "static"
      },
      {
        "shot": 51,
        "scale": "full",
        "movement": "moving"
      },
      {
        "shot": 69,
        "scale": "closeup",
        "movement": "static"
      }
    ]
  }
}