{
  "imdb_id": "tt2184095",
  "cast": null,
  "scene": null,
  "story": null,
  "cinematic_style": {
    "movie": null,
    "trailer": [
      {
        "shot": 2,
        "scale": "closeup",
        "movement": "static"
      },
      {
        "shot": 22,
        "scale": "medium",
        "movement": "static"
      },
      {
        "shot": 35,
        "scale": "full",
        "movement": "static"
      },
      {
        "shot": 42,
        "scale": "extreme_closeup",
        "movement": "static"
      },
      {
        "shot": 56,
        "scale": "medium",
        "movement": "static"
      },
      {
        "shot": 60,
        "scale": "medium",
        "movement": "moving"
      }
    ]
  }
}