{
  "imdb_id": "tt2182972",
  "cast": null,
  "scene": null,
  "story": null,
  "cinematic_style": {
    "movie": null,
    "trailer": [
      {
        "shot": 19,
        "scale": "medium",
        "movement": "static"
      },
      {
        "shot": 23,
        "scale": "extreme_closeup",
        "movement": "static"
      },
      {
        "shot": 33,
        "scale": "closeup",
        "movement": "static"
      },
      {
        "shot": 55,
        "scale": "medium",
        "movement": "static"
      },
      {
        "shot": 67,
        "scale": "medium",
        "movement": "static"
      }
    ]
  }
}