{
  "imdb_id": "tt2157079",
  "cast": null,
  "scene": null,
  "story": null,
  "cinematic_style": {
    "movie": null,
    "trailer": [
      {
        "shot": 2,
        "scale": "long",
        "movement": "moving"
      },
      {
        "shot": 3,
        "scale": "closeup",
        "movement": "static"
      },
      {
        "shot": 12,
        "scale": "medium",
        "movement": "static"
      },
      {
        "shot": 42,
        "scale": "medium",
        "movement": "static"
      }
    ]
  }
}