{
  "imdb_id": "tt2124908",
  "cast": null,
  "scene": null,
  "story": null,
  "cinematic_style": {
    "movie": null,
    "trailer": [
      {
        "shot": 1,
        "scale": "long",
        "movement": "static"
      },
      {
        "shot": 2,
        "scale": "long",
        "movement": "static"
      },
      {
        "shot": 3,
        "scale": "long",
        "movement": "static"
      },
      {
        "shot": 9,
        "scale": "full",
        "movement": "static"
      },
      {
        "shot": 14,
        "scale": "full",
        "movement": "static"
      },
      {
        "shot": 21,
        "scale": "full",
        "movement": "moving"
      },
      {
        "shot": 26,
        "scale": "long",
        "movement": "moving"
      },
      {
        "shot": 28,
        "scale": "closeup",
        "movement": "moving"
      },
      {
        "shot": 39,
        "scale": "extreme_closeup",
        "movement": "static"
      },
      {
        "shot": 43,
        "scale": "full",
        "movement": "moving"
      },
      {
        "shot": 61,
        "scale": "long",
        "movement": "static"
      },
      {
        "shot": 75,
        "scale": "long",
        "movement": "static"
      }
    ]
  }
}