{
  "imdb_id": "tt2112868",
  "cast": null,
  "scene": null,
  "story": null,
  "cinematic_style": {
    "movie": null,
    "trailer": [
      {
        "shot": 3,
        "scale": "long",
        "movement": "static"
      },
      {
        "shot": 4,
        "scale": "long",
        "movement": "moving"
      },
      {
        "shot": 14,
        "scale": "extreme_closeup",
        "movement": "push"
      },
      {
        "shot": 17,
        "scale": "closeup",
        "movement": "static"
      },
      {
        "shot": 29,
        "scale": "extreme_closeup",
        "movement": "pull"
      },
      {
        "shot": 30,
        "scale": "full",
        "movement": "moving"
      },
      {
        "shot": 45,
        "scale": "full",
        "movement": "moving"
      }
    ]
  }
}