{
  "imdb_id": "tt2186566",
  "cast": null,
  "scene": null,
  "story": null,
  "cinematic_style": {
    "movie": null,
    "trailer": [
      {
        "shot": 7,
        "scale": "full",
        "movement": "moving"
      },
      {
        "shot": 13,
        "scale": "closeup",
        "movement": "moving"
      },
      {
        "shot": 24,
        "scale": "long",
        "movement": "static"
      },
      {
        "shot": 32,
        "scale": "full",
        "movement": "moving"
      },
      {
        "shot": 33,
        "scale": "full",
        "movement": "moving"
      },
      {
        "shot": 45,
        "scale": "medium",
        "movement": "static"
      },
      {
        "shot": 47,
        "scale": "medium",
        "movement": "static"
      },
      {
        "shot": 55,
        "scale": "extreme_closeup",
        "movement": "static"
      },
      {
        "shot": 72,
        "scale": "full",
        "movement": "moving"
      }
    ]
  }
}