{
  "imdb_id": "tt2194599",
  "cast": null,
  "scene": null,
  "story": null,
  "cinematic_style": {
    "movie": null,
    "trailer": [
      {
        "shot": 22,
        "scale": "closeup",
        "movement": "static"
      },
      {
        "shot": 36,
        "scale": "closeup",
        "movement": "static"
      },
      {
        "shot": 42,
        "scale": "closeup",
        "movement": "static"
      },
      {
        "shot": 52,
        "scale": "medium",
        "movement": "static"
      },
      {
        "shot": 101,
        "scale": "closeup",
        "movement": "static"
      }
    ]
  }
}