{
  "imdb_id": "tt2140381",
  "cast": null,
  "scene": null,
  "story": null,
  "cinematic_style": {
    "movie": null,
    "trailer": [
      {
        "shot": 9,
        "scale": "closeup",
        "movement": "static"
      },
      {
        "shot": 11,
        "scale": "long",
        "movement": "moving"
      },
      {
        "shot": 33,
        "scale": "full",
        "movement": "static"
      },
      {
        "shot": 38,
        "scale": "full",
        "movement": "moving"
      },
      {
        "shot": 43,
        "scale": "full",
        "movement": "static"
      },
      {
        "shot": 50,
        "scale": "closeup",
        "movement": "static"
      },
      {
        "shot": 55,
        "scale": "medium",
        "movement": "moving"
      },
      {
        "shot": 59,
        "scale": "extreme_closeup",
        "movement": "static"
      },
      {
        "shot": 70,
        "scale": "extreme_closeup",
        "movement": "static"
      },
      {
        "shot": 88,
        "scale": "extreme_closeup",
        "movement": "moving"
      }
    ]
  }
}