{
  "imdb_id": "tt2179086",
  "cast": null,
  "scene": null,
  "story": null,
  "cinematic_style": {
    "movie": null,
    "trailer": [
      {
        "shot": 1,
        "scale": "long",
        "movement": "moving"
      },
      {
        "shot": 7,
        "scale": "full",
        "movement": "moving"
      },
      {
        "shot": 17,
        "scale": "long",
        "movement": "moving"
      },
      {
        "shot": 20,
        "scale": "long",
        "movement": "static"
      },
      {
        "shot": 22,
        "scale": "long",
        "movement": "moving"
      },
      {
        "shot": 25,
        "scale": "long",
        "movement": "moving"
      },
      {
        "shot": 26,
        "scale": "long",
        "movement": "moving"
      },
      {
        "shot": 30,
        "scale": "long",
        "movement": "moving"
      },
      {
        "shot": 31,
        "scale": "long",
        "movement": "moving"
      },
      {
        "shot": 35,
        "scale": "long",
        "movement": "moving"
      },
      {
        "shot": 39,
        "scale": "long",
        "movement": "moving"
      }
    ]
  }
}