{
  "imdb_id": "tt2181889",
  "cast": null,
  "scene": null,
  "story": null,
  "cinematic_style": {
    "movie": null,
    "trailer": [
      {
        "shot": 6,
        "scale": "extreme_closeup",
        "movement": "static"
      },
      {
        "shot": 10,
        "scale": "full",
        "movement": "static"
      },
      {
        "shot": 14,
        "scale": "full",
        "movement": "moving"
      },
      {
        "shot": 22,
        "scale": "medium",
        "movement": "moving"
      },
      {
        "shot": 30,
        "scale": "extreme_closeup",
        "movement": "static"
      },
      {
        "shot": 39,
        "scale": "extreme_closeup",
        "movement": "static"
      }
    ]
  }
}