{
  "imdb_id": "tt2124803",
  "cast": null,
  "scene": null,
  "story": null,
  "cinematic_style": {
    "movie": null,
    "trailer": [
      {
        "shot": 4,
        "scale": "extreme_closeup",
        "movement": "static"
      },
      {
        "shot": 17,
        "scale": "medium",
        "movement": "moving"
      },
      {
        "shot": 38,
        "scale": "full",
        "movement": "moving"
      },
      {
        "shot": 53,
        "scale": "medium",
        "movement": "static"
      },
      {
        "shot": 86,
        "scale": "extreme_closeup",
        "movement": "moving"
      },
      {
        "shot": 88,
        "scale": "closeup",
        "movement": "moving"
      },
      {
        "shot": 95,
        "scale": "closeup",
        "movement": "static"
      },
      {
        "shot": 106,
        "scale": "full",
        "movement": "moving"
      }
    ]
  }
}