{
  "imdb_id": "tt2197242",
  "cast": null,
  "scene": null,
  "story": null,
  "cinematic_style": {
    "movie": null,
    "trailer": [
      {
        "shot": 10,
        "scale": "extreme_closeup",
        "movement": "moving"
      },
      {
        "shot": 25,
        "scale": "medium",
        "movement": "static"
      },
      {
        "shot": 29,
        "scale": "medium",
        "movement": "static"
      },
      {
        "shot": 33,
        "scale": "medium",
        "movement": "static"
      },
      {
        "shot": 36,
        "scale": "medium",
        "movement": "static"
      }
    ]
  }
}