{
  "imdb_id": "tt2131556",
  "cast": null,
  "scene": null,
  "story": null,
  "cinematic_style": {
    "movie": null,
    "trailer": [
      {
        "shot": 9,
        "scale": "full",
        "movement": "moving"
      },
      {
        "shot": 18,
        "scale": "medium",
        "movement": "static"
      },
      {
        "shot": 27,
        "scale": "extreme_closeup",
        "movement": "static"
      },
      {
        "shot": 41,
        "scale": "medium",
        "movement": "moving"
      },
      {
        "shot": 42,
        "scale": "closeup",
        "movement": "moving"
      },
      {
        "shot": 65,
        "scale": "closeup",
        "movement": "static"
      },
      {
        "shot": 67,
        "scale": "extreme_closeup",
        "movement": "static"
      },
      {
        "shot": 69,
        "scale": "extreme_closeup",
        "movement": "static"
      }
    ]
  }
}