{
  "imdb_id": "tt2281215",
  "cast": null,
  "scene": null,
  "story": null,
  "cinematic_style": {
    "movie": null,
    "trailer": [
      {
        "shot": 52,
        "scale": "long",
        "movement": "static"
      },
      {
        "shot": 54,
        "scale": "extreme_closeup",
        "movement": "static"
      },
      {
        "shot": 87,
        "scale": "full",
        "movement": "moving"
      },
      {
        "shot": 98,
        "scale": "closeup",
        "movement": "moving"
      }
    ]
  }
}