{
  "imdb_id": "tt2253038",
  "cast": null,
  "scene": null,
  "story": null,
  "cinematic_style": {
    "movie": null,
    "trailer": [
      {
        "shot": 20,
        "scale": "medium",
        "movement": "static"
      },
      {
        "shot": 70,
        "scale": "extreme_closeup",
        "movement": "static"
      },
      {
        "shot": 80,
        "scale": "full",
        "movement": "moving"
      },
      {
        "shot": 82,
        "scale": "full",
        "movement": "static"
      },
      {
        "shot": 85,
        "scale": "medium",
        "movement": "moving"
      },
      {
        "shot": 88,
        "scale": "full",
        "movement": "moving"
      }
    ]
  }
}