{
  "imdb_id": "tt2297812",
  "cast": null,
  "scene": null,
  "story": null,
  "cinematic_style": {
    "movie": null,
    "trailer": [
      {
        "shot": 13,
        "scale": "extreme_closeup",
        "movement": "static"
      },
      {
        "shot": 16,
        "scale": "closeup",
        "movement": "static"
      },
      {
        "shot": 26,
        "scale": "extreme_closeup",
        "movement": "moving"
      },
      {
        "shot": 41,
        "scale": "extreme_closeup",
        "movement": "static"
      },
      {
        "shot": 56,
        "scale": "extreme_closeup",
        "movement": "static"
      },
      {
        "shot": 59,
        "scale": "extreme_closeup",
        "movement": "static"
      },
      {
        "shot": 81,
        "scale": "extreme_closeup",
        "movement": "static"
      },
      {
        "shot": 87,
        "scale": "extreme_closeup",
        "movement": "static"
      }
    ]
  }
}