{
  "imdb_id": "tt2251828",
  "cast": null,
  "scene": null,
  "story": null,
  "cinematic_style": {
    "movie": null,
    "trailer": [
      {
        "shot": 1,
        "scale": "closeup",
        "movement": "static"
      },
      {
        "shot": 4,
        "scale": "long",
        "movement": "moving"
      },
      {
        "shot": 24,
        "scale": "long",
        "movement": "static"
      },
      {
        "shot": 37,
        "scale": "closeup",
        "movement": "static"
      },
      {
        "shot": 41,
        "scale": "long",
        "movement": "moving"
      },
      {
        "shot": 44,
        "scale": "full",
        "movement": "static"
      },
      {
        "shot": 51,
        "scale": "long",
        "movement": "moving"
      },
      {
        "shot": 55,
        "scale": "long",
        "movement": "moving"
      }
    ]
  }
}