{
  "imdb_id": "tt2220034",
  "cast": null,
  "scene": null,
  "story": null,
  "cinematic_style": {
    "movie": null,
    "trailer": [
      {
        "shot": 7,
        "scale": "closeup",
        "movement": "moving"
      },
      {
        "shot": 18,
        "scale": "extreme_closeup",
        "movement": "static"
      },
      {
        "shot": 32,
        "scale": "extreme_closeup",
        "movement": "static"
      },
      {
        "shot": 41,
        "scale": "extreme_closeup",
        "movement": "static"
      },
      {
        "shot": 54,
        "scale": "extreme_closeup",
        "movement": "static"
      }
    ]
  }
}