{
  "imdb_id": "tt2229511",
  "cast": null,
  "scene": null,
  "story": null,
  "cinematic_style": {
    "movie": null,
    "trailer": [
      {
        "shot": 1,
        "scale": "closeup",
        "movement": "moving"
      },
      {
        "shot": 37,
        "scale": "extreme_closeup",
        "movement": "static"
      },
      {
        "shot": 41,
        "scale": "full",
        "movement": "static"
      },
      {
        "shot": 74,
        "scale": "closeup",
        "movement": "static"
      }
    ]
  }
}