{
  "imdb_id": "tt2290067",
  "cast": null,
  "scene": null,
  "story": null,
  "cinematic_style": {
    "movie": null,
    "trailer": [
      {
        "shot": 26,
        "scale": "full",
        "movement": "moving"
      },
      {
        "shot": 31,
        "scale": "closeup",
        "movement": "static"
      },
      {
        "shot": 43,
        "scale": "extreme_closeup",
        "movement": "moving"
      },
      {
        "shot": 45,
        "scale": "full",
        "movement": "push"
      }
    ]
  }
}