{
  "imdb_id": "tt2379386",
  "cast": null,
  "scene": null,
  "story": null,
  "cinematic_style": {
    "movie": null,
    "trailer": [
      {
        "shot": 4,
        "scale": "medium",
        "movement": "moving"
      },
      {
        "shot": 12,
        "scale": "extreme_closeup",
        "movement": "static"
      },
      {
        "shot": 49,
        "scale": "full",
        "movement": "moving"
      },
      {
        "shot": 76,
        "scale": "medium",
        "movement": "static"
      }
    ]
  }
}