{
  "imdb_id": "tt2361348",
  "cast": null,
  "scene": null,
  "story": null,
  "cinematic_style": {
    "movie": null,
    "trailer": [
      {
        "shot": 10,
        "scale": "long",
        "movement": "static"
      },
      {
        "shot": 45,
        "scale": "extreme_closeup",
        "movement": "static"
      },
      {
        "shot": 51,
        "scale": "full",
        "movement": "moving"
      },
      {
        "shot": 54,
        "scale": "long",
        "movement": "static"
      },
      {
        "shot": 62,
        "scale": "long",
        "movement": "moving"
      }
    ]
  }
}