{
  "imdb_id": "tt2358937",
  "cast": null,
  "scene": null,
  "story": null,
  "cinematic_style": {
    "movie": null,
    "trailer": [
      {
        "shot": 12,
        "scale": "medium",
        "movement": "static"
      },
      {
        "shot": 14,
        "scale": "closeup",
        "movement": "static"
      },
      {
        "shot": 21,
        "scale": "extreme_closeup",
        "movement": "static"
      },
      {
        "shot": 28,
        "scale": "closeup",
        "movement": "static"
      },
      {
        "shot": 39,
        "scale": "closeup",
        "movement": "static"
      }
    ]
  }
}