{
  "imdb_id": "tt2356500",
  "cast": null,
  "scene": null,
  "story": null,
  "cinematic_style": {
    "movie": null,
    "trailer": [
      {
        "shot": 25,
        "scale": "extreme_closeup",
        "movement": "push"
      },
      {
        "shot": 41,
        "scale": "extreme_closeup",
        "movement": "moving"
      },
      {
        "shot": 48,
        "scale": "extreme_closeup",
        "movement": "static"
      },
      {
        "shot": 68,
        "scale": "extreme_closeup",
        "movement": "static"
      }
    ]
  }
}