{
  "imdb_id": "tt2317401",
  "cast": null,
  "scene": null,
  "story": null,
  "cinematic_style": {
    "movie": null,
    "trailer": [
      {
        "shot": 11,
        "scale": "closeup",
        "movement": "moving"
      },
      {
        "shot": 13,
        "scale": "closeup",
        "movement": "static"
      },
      {
        "shot": 20,
        "scale": "closeup",
        "movement": "static"
      },
      {
        "shot": 29,
        "scale": "extreme_closeup",
        "movement": "static"
      },
      {
        "shot": 46,
        "scale": "long",
        "movement": "moving"
      },
      {
        "shot": 50,
        "scale": "extreme_closeup",
        "movement": "static"
      },
      {
        "shot": 61,
        "scale": "long",
        "movement": "moving"
      }
    ]
  }
}