{
  "imdb_id": "tt2387589",
  "cast": null,
  "scene": null,
  "story": null,
  "cinematic_style": {
    "movie": null,
    "trailer": [
      {
        "shot": 13,
        "scale": "medium",
        "movement": "moving"
      },
      {
        "shot": 18,
        "scale": "closeup",
        "movement": "static"
      },
      {
        "shot": 23,
        "scale": "long",
        "movement": "static"
      },
      {
        "shot": 24,
        "scale": "extreme_closeup",
        "movement": "static"
      },
      {
        "shot": 33,
        "scale": "closeup",
        "movement": "static"
      },
      {
        "shot": 47,
        "scale": "long",
        "movement": "static"
      }
    ]
  }
}