{
  "imdb_id": "tt2330654",
  "cast": null,
  "scene": null,
  "story": null,
  "cinematic_style": {
    "movie": null,
    "trailer": [
      {
        "shot": 3,
        "scale": "closeup",
        "movement": "static"
      },
      {
        "shot": 8,
        "scale": "medium",
        "movement": "static"
      },
      {
        "shot": 15,
        "scale": "medium",
        "movement": "static"
      },
      {
        "shot": 20,
        "scale": "medium",
        "movement": "static"
      },
      {
        "shot": 59,
        "scale": "full",
        "movement": "static"
      },
      {
        "shot": 65,
        "scale": "closeup",
        "movement": "static"
      },
      {
        "shot": 69,
        "scale": "closeup",
        "movement": "static"
      }
    ]
  }
}