{
  "imdb_id": "tt2390283",
  "cast": null,
  "scene": null,
  "story": null,
  "cinematic_style": {
    "movie": null,
    "trailer": [
      {
        "shot": 33,
        "scale": "closeup",
        "movement": "moving"
      },
      {
        "shot": 39,
        "scale": "closeup",
        "movement": "static"
      },
      {
        "shot": 40,
        "scale": "closeup",
        "movement": "moving"
      },
      {
        "shot": 55,
        "scale": "extreme_closeup",
        "movement": "static"
      },
      {
        "shot": 59,
        "scale": "long",
        "movement": "static"
      },
      {
        "shot": 62,
        "scale": "closeup",
        "movement": "static"
      }
    ]
  }
}