{
  "imdb_id": "tt2374721",
  "cast": null,
  "scene": null,
  "story": null,
  "cinematic_style": {
    "movie": null,
    "trailer": [
      {
        "shot": 0,
        "scale": "long",
        "movement": "pull"
      },
      {
        "shot": 21,
        "scale": "extreme_closeup",
        "movement": "static"
      },
      {
        "shot": 24,
        "scale": "medium",
        "movement": "moving"
      },
      {
        "shot": 28,
        "scale": "long",
        "movement": "moving"
      },
      {
        "shot": 29,
        "scale": "long",
        "movement": "moving"
      },
      {
        "shot": 30,
        "scale": "long",
        "movement": "static"
      }
    ]
  }
}