{
  "imdb_id": "tt2304426",
  "cast": null,
  "scene": null,
  "story": null,
  "cinematic_style": {
    "movie": null,
    "trailer": [
      {
        "shot": 1,
        "scale": "extreme_closeup",
        "movement": "static"
      },
      {
        "shot": 4,
        "scale": "long",
        "movement": "static"
      },
      {
        "shot": 22,
        "scale": "medium",
        "movement": "static"
      },
      {
        "shot": 24,
        "scale": "closeup",
        "movement": "static"
      },
      {
        "shot": 34,
        "scale": "medium",
        "movement": "moving"
      },
      {
        "shot": 40,
        "scale": "medium",
        "movement": "moving"
      },
      {
        "shot": 45,
        "scale": "long",
        "movement": "static"
      },
      {
        "shot": 68,
        "scale": "full",
        "movement": "moving"
      }
    ]
  }
}