{
  "imdb_id": "tt2304771",
  "cast": null,
  "scene": null,
  "story": null,
  "cinematic_style": {
    "movie": null,
    "trailer": [
      {
        "shot": 12,
        "scale": "closeup",
        "movement": "moving"
      },
      {
        "shot": 25,
        "scale": "full",
        "movement": "moving"
      },
      {
        "shot": 35,
        "scale": "extreme_closeup",
        "movement": "static"
      },
      {
        "shot": 38,
        "scale": "full",
        "movement": "moving"
      },
      {
        "shot": 39,
        "scale": "medium",
        "movement": "moving"
      },
      {
        "shot": 43,
        "scale": "full",
        "movement": "static"
      },
      {
        "shot": 55,
        "scale": "full",
        "movement": "moving"
      },
      {
        "shot": 56,
        "scale": "long",
        "movement": "moving"
      },
      {
        "shot": 81,
        "scale": "medium",
        "movement": "moving"
      }
    ]
  }
}