{
  "imdb_id": "tt2343601",
  "cast": null,
  "scene": null,
  "story": null,
  "cinematic_style": {
    "movie": null,
    "trailer": [
      {
        "shot": 11,
        "scale": "long",
        "movement": "moving"
      },
      {
        "shot": 18,
        "scale": "extreme_closeup",
        "movement": "static"
      },
      {
        "shot": 37,
        "scale": "closeup",
        "movement": "static"
      },
      {
        "shot": 53,
        "scale": "extreme_closeup",
        "movement": "static"
      },
      {
        "shot": 62,
        "scale": "full",
        "movement": "moving"
      },
      {
        "shot": 78,
        "scale": "extreme_closeup",
        "movement": "moving"
      },
      {
        "shot": 86,
        "scale": "extreme_closeup",
        "movement": "static"
      }
    ]
  }
}