{
  "imdb_id": "tt2400284",
  "cast": null,
  "scene": null,
  "story": null,
  "cinematic_style": {
    "movie": null,
    "trailer": [
      {
        "shot": 2,
        "scale": "long",
        "movement": "static"
      },
      {
        "shot": 28,
        "scale": "closeup",
        "movement": "static"
      },
      {
        "shot": 39,
        "scale": "full",
        "movement": "moving"
      },
      {
        "shot": 78,
        "scale": "long",
        "movement": "moving"
      },
      {
        "shot": 82,
        "scale": "extreme_closeup",
        "movement": "static"
      }
    ]
  }
}