{
  "imdb_id": "tt2463692",
  "cast": null,
  "scene": null,
  "story": null,
  "cinematic_style": {
    "movie": null,
    "trailer": [
      {
        "shot": 10,
        "scale": "extreme_closeup",
        "movement": "static"
      },
      {
        "shot": 16,
        "scale": "full",
        "movement": "static"
      },
      {
        "shot": 17,
        "scale": "closeup",
        "movement": "static"
      },
      {
        "shot": 25,
        "scale": "full",
        "movement": "static"
      },
      {
        "shot": 27,
        "scale": "closeup",
        "movement": "static"
      },
      {
        "shot": 36,
        "scale": "medium",
        "movement": "static"
      },
      {
        "shot": 39,
        "scale": "medium",
        "movement": "static"
      },
      {
        "shot": 40,
        "scale": "extreme_closeup",
        "movement": "static"
      }
    ]
  }
}