{
  "imdb_id": "tt2400441",
  "cast": null,
  "scene": null,
  "story": null,
  "cinematic_style": {
    "movie": null,
    "trailer": [
      {
        "shot": 12,
        "scale": "medium",
        "movement": "moving"
      },
      {
        "shot": 13,
        "scale": "extreme_closeup",
        "movement": "static"
      },
      {
        "shot": 16,
        "scale": "closeup",
        "movement": "moving"
      },
      {
        "shot": 39,
        "scale": "closeup",
        "movement": "static"
      },
      {
        "shot": 61,
        "scale": "medium",
        "movement": "moving"
      },
      {
        "shot": 63,
        "scale": "medium",
        "movement": "static"
      }
    ]
  }
}