{
  "imdb_id": "tt2461104",
  "cast": null,
  "scene": null,
  "story": null,
  "cinematic_style": {
    "movie": null,
    "trailer": [
      {
        "shot": 1,
        "scale": "extreme_closeup",
        "movement": "static"
      },
      {
        "shot": 4,
        "scale": "extreme_closeup",
        "movement": "static"
      },
      {
        "shot": 5,
        "scale": "extreme_closeup",
        "movement": "push"
      },
      {
        "shot": 6,
        "scale": "extreme_closeup",
        "movement": "static"
      },
      {
        "shot": 26,
        "scale": "extreme_closeup",
        "movement": "static"
      },
      {
        "shot": 31,
        "scale": "full",
        "movement": "moving"
      },
      {
        "shot": 38,
        "scale": "extreme_closeup",
        "movement": "static"
      },
      {
        "shot": 41,
        "scale": "extreme_closeup",
        "movement": "static"
      },
      {
        "shot": 46,
        "scale": "medium",
        "movement": "static"
      },
      {
        "shot": 51,
        "scale": "medium",
        "movement": "static"
      }
    ]
  }
}