{
  "imdb_id": "tt2409812",
  "cast": null,
  "scene": null,
  "story": null,
  "cinematic_style": {
    "movie": null,
    "trailer": [
      {
        "shot": 19,
        "scale": "closeup",
        "movement": "static"
      },
      {
        "shot": 28,
        "scale": "closeup",
        "movement": "static"
      },
      {
        "shot": 50,
        "scale": "closeup",
        "movement": "static"
      },
      {
        "shot": 55,
        "scale": "extreme_closeup",
        "movement": "static"
      }
    ]
  }
}