{
  "imdb_id": "tt2492664",
  "cast": null,
  "scene": null,
  "story": null,
  "cinematic_style": {
    "movie": null,
    "trailer": [
      {
        "shot": 4,
        "scale": "long",
        "movement": "moving"
      },
      {
        "shot": 5,
        "scale": "extreme_closeup",
        "movement": "static"
      },
      {
        "shot": 16,
        "scale": "long",
        "movement": "moving"
      },
      {
        "shot": 24,
        "scale": "long",
        "movement": "moving"
      },
      {
        "shot": 48,
        "scale": "closeup",
        "movement": "static"
      },
      {
        "shot": 71,
        "scale": "long",
        "movement": "static"
      }
    ]
  }
}