{
  "imdb_id": "tt2489570",
  "cast": null,
  "scene": null,
  "story": null,
  "cinematic_style": {
    "movie": null,
    "trailer": [
      {
        "shot": 4,
        "scale": "full",
        "movement": "moving"
      },
      {
        "shot": 12,
        "scale": "closeup",
        "movement": "moving"
      },
      {
        "shot": 18,
        "scale": "medium",
        "movement": "static"
      },
      {
        "shot": 20,
        "scale": "closeup",
        "movement": "static"
      },
      {
        "shot": 28,
        "scale": "full",
        "movement": "static"
      }
    ]
  }
}