{
  "imdb_id": "tt2462276",
  "cast": null,
  "scene": null,
  "story": null,
  "cinematic_style": {
    "movie": null,
    "trailer": [
      {
        "shot": 2,
        "scale": "long",
        "movement": "static"
      },
      {
        "shot": 19,
        "scale": "long",
        "movement": "moving"
      },
      {
        "shot": 27,
        "scale": "medium",
        "movement": "static"
      },
      {
        "shot": 31,
        "scale": "medium",
        "movement": "static"
      },
      {
        "shot": 42,
        "scale": "long",
        "movement": "static"
      },
      {
        "shot": 44,
        "scale": "full",
        "movement": "moving"
      }
    ]
  }
}