{
  "imdb_id": "tt2460440",
  "cast": null,
  "scene": null,
  "story": null,
  "cinematic_style": {
    "movie": null,
    "trailer": [
      {
        "shot": 20,
        "scale": "extreme_closeup",
        "movement": "static"
      },
      {
        "shot": 36,
        "scale": "extreme_closeup",
        "movement": "static"
      },
      {
        "shot": 38,
        "scale": "extreme_closeup",
        "movement": "moving"
      },
      {
        "shot": 41,
        "scale": "extreme_closeup",
        "movement": "static"
      },
      {
        "shot": 43,
        "scale": "extreme_closeup",
        "movement": "static"
      },
      {
        "shot": 44,
        "scale": "extreme_closeup",
        "movement": "static"
      },
      {
        "shot": 47,
        "scale": "extreme_closeup",
        "movement": "static"
      },
      {
        "shot": 48,
        "scale": "extreme_closeup",
        "movement": "static"
      },
      {
        "shot": 52,
        "scale": "extreme_closeup",
        "movement": "static"
      },
      {
        "shot": 55,
        "scale": "full",
        "movement": "moving"
      },
      {
        "shot": 57,
        "scale": "extreme_closeup",
        "movement": "moving"
      },
      {
        "shot": 63,
        "scale": "medium",
        "movement": "moving"
      },
      {
        "shot": 77,
        "scale": "full",
        "movement": "push"
      }
    ]
  }
}