{
  "imdb_id": "tt2421662",
  "cast": null,
  "scene": null,
  "story": null,
  "cinematic_style": {
    "movie": null,
    "trailer": [
      {
        "shot": 11,
        "scale": "long",
        "movement": "moving"
      },
      {
        "shot": 17,
        "scale": "closeup",
        "movement": "static"
      },
      {
        "shot": 18,
        "scale": "extreme_closeup",
        "movement": "moving"
      },
      {
        "shot": 33,
        "scale": "extreme_closeup",
        "movement": "moving"
      }
    ]
  }
}