{
  "imdb_id": "tt2439946",
  "cast": null,
  "scene": null,
  "story": null,
  "cinematic_style": {
    "movie": null,
    "trailer": [
      {
        "shot": 3,
        "scale": "long",
        "movement": "push"
      },
      {
        "shot": 11,
        "scale": "long",
        "movement": "static"
      },
      {
        "shot": 12,
        "scale": "long",
        "movement": "static"
      },
      {
        "shot": 14,
        "scale": "medium",
        "movement": "moving"
      },
      {
        "shot": 19,
        "scale": "long",
        "movement": "moving"
      },
      {
        "shot": 21,
        "scale": "long",
        "movement": "static"
      },
      {
        "shot": 22,
        "scale": "long",
        "movement": "static"
      },
      {
        "shot": 26,
        "scale": "long",
        "movement": "moving"
      },
      {
        "shot": 30,
        "scale": "long",
        "movement": "static"
      }
    ]
  }
}