{
  "imdb_id": "tt2521724",
  "cast": null,
  "scene": null,
  "story": null,
  "cinematic_style": {
    "movie": null,
    "trailer": [
      {
        "shot": 5,
        "scale": "long",
        "movement": "moving"
      },
      {
        "shot": 9,
        "scale": "medium",
        "movement": "moving"
      },
      {
        "shot": 13,
        "scale": "closeup",
        "movement": "static"
      },
      {
        "shot": 14,
        "scale": "closeup",
        "movement": "moving"
      },
      {
        "shot": 21,
        "scale": "full",
        "movement": "static"
      }
    ]
  }
}