{
  "imdb_id": "tt2543472",
  "cast": null,
  "scene": null,
  "story": null,
  "cinematic_style": {
    "movie": null,
    "trailer": [
      {
        "shot": 4,
        "scale": "long",
        "movement": "moving"
      },
      {
        "shot": 46,
        "scale": "medium",
        "movement": "push"
      },
      {
        "shot": 48,
        "scale": "long",
        "movement": "pull"
      },
      {
        "shot": 61,
        "scale": "full",
        "movement": "static"
      }
    ]
  }
}