{
  "imdb_id": "tt2589156",
  "cast": null,
  "scene": null,
  "story": null,
  "cinematic_style": {
    "movie": null,
    "trailer": [
      {
        "shot": 31,
        "scale": "closeup",
        "movement": "moving"
      },
      {
        "shot": 34,
        "scale": "extreme_closeup",
        "movement": "static"
      },
      {
        "shot": 46,
        "scale": "extreme_closeup",
        "movement": "moving"
      },
      {
        "shot": 52,
        "scale": "extreme_closeup",
        "movement": "static"
      },
      {
        "shot": 55,
        "scale": "extreme_closeup",
        "movement": "moving"
      },
      {
        "shot": 60,
        "scale": "closeup",
        "movement": "static"
      }
    ]
  }
}