{
  "imdb_id": "tt2577854",
  "cast": null,
  "scene": null,
  "story": null,
  "cinematic_style": {
    "movie": null,
    "trailer": [
      {
        "shot": 1,
        "scale": "full",
        "movement": "moving"
      },
      {
        "shot": 8,
        "scale": "medium",
        "movement": "static"
      },
      {
        "shot": 21,
        "scale": "medium",
        "movement": "static"
      },
      {
        "shot": 32,
        "scale": "medium",
        "movement": "moving"
      },
      {
        "shot": 33,
        "scale": "full",
        "movement": "static"
      },
      {
        "shot": 54,
        "scale": "closeup",
        "movement": "static"
      },
      {
        "shot": 73,
        "scale": "medium",
        "movement": "static"
      },
      {
        "shot": 76,
        "scale": "closeup",
        "movement": "static"
      },
      {
        "shot": 79,
        "scale": "medium",
        "movement": "static"
      }
    ]
  }
}