{
  "imdb_id": "tt2675102",
  "cast": null,
  "scene": null,
  "story": null,
  "cinematic_style": {
    "movie": null,
    "trailer": [
      {
        "shot": 5,
        "scale": "extreme_closeup",
        "movement": "moving"
      },
      {
        "shot": 15,
        "scale": "extreme_closeup",
        "movement": "moving"
      },
      {
        "shot": 18,
        "scale": "extreme_closeup",
        "movement": "moving"
      },
      {
        "shot": 32,
        "scale": "extreme_closeup",
        "movement": "moving"
      },
      {
        "shot": 40,
        "scale": "medium",
        "movement": "static"
      },
      {
        "shot": 51,
        "scale": "extreme_closeup",
        "movement": "static"
      },
      {
        "shot": 56,
        "scale": "extreme_closeup",
        "movement": "moving"
      },
      {
        "shot": 60,
        "scale": "extreme_closeup",
        "movement": "static"
      },
      {
        "shot": 71,
        "scale": "extreme_closeup",
        "movement": "static"
      }
    ]
  }
}