{
  "imdb_id": "tt2671980",
  "cast": null,
  "scene": null,
  "story": null,
  "cinematic_style": {
    "movie": null,
    "trailer": [
      {
        "shot": 1,
        "scale": "long",
        "movement": "static"
      },
      {
        "shot": 10,
        "scale": "medium",
        "movement": "static"
      },
      {
        "shot": 20,
        "scale": "closeup",
        "movement": "static"
      },
      {
        "shot": 23,
        "scale": "medium",
        "movement": "static"
      },
      {
        "shot": 28,
        "scale": "full",
        "movement": "moving"
      },
      {
        "shot": 36,
        "scale": "closeup",
        "movement": "static"
      },
      {
        "shot": 38,
        "scale": "medium",
        "movement": "static"
      }
    ]
  }
}