{
  "imdb_id": "tt2621714",
  "cast": null,
  "scene": null,
  "story": null,
  "cinematic_style": {
    "movie": null,
    "trailer": [
      {
        "shot": 7,
        "scale": "closeup",
        "movement": "static"
      },
      {
        "shot": 15,
        "scale": "full",
        "movement": "static"
      },
      {
        "shot": 17,
        "scale": "medium",
        "movement": "static"
      },
      {
        "shot": 19,
        "scale": "full",
        "movement": "moving"
      },
      {
        "shot": 22,
        "scale": "closeup",
        "movement": "moving"
      },
      {
        "shot": 29,
        "scale": "medium",
        "movement": "moving"
      }
    ]
  }
}