{
  "imdb_id": "tt2629116",
  "cast": null,
  "scene": null,
  "story": null,
  "cinematic_style": {
    "movie": null,
    "trailer": [
      {
        "shot": 12,
        "scale": "medium",
        "movement": "static"
      },
      {
        "shot": 14,
        "scale": "closeup",
        "movement": "static"
      },
      {
        "shot": 24,
        "scale": "full",
        "movement": "static"
      },
      {
        "shot": 42,
        "scale": "closeup",
        "movement": "static"
      },
      {
        "shot": 52,
        "scale": "full",
        "movement": "static"
      }
    ]
  }
}