{
  "imdb_id": "tt2671706",
  "cast": null,
  "scene": null,
  "story": null,
  "cinematic_style": {
    "movie": null,
    "trailer": [
      {
        "shot": 21,
        "scale": "medium",
        "movement": "static"
      },
      {
        "shot": 25,
        "scale": "extreme_closeup",
        "movement": "static"
      },
      {
        "shot": 29,
        "scale": "medium",
        "movement": "static"
      },
      {
        "shot": 32,
        "scale": "medium",
        "movement": "static"
      },
      {
        "shot": 35,
        "scale": "extreme_closeup",
        "movement": "static"
      }
    ]
  }
}