{
  "imdb_id": "tt2604346",
  "cast": null,
  "scene": null,
  "story": null,
  "cinematic_style": {
    "movie": null,
    "trailer": [
      {
        "shot": 17,
        "scale": "full",
        "movement": "static"
      },
      {
        "shot": 23,
        "scale": "closeup",
        "movement": "static"
      },
      {
        "shot": 32,
        "scale": "full",
        "movement": "static"
      },
      {
        "shot": 36,
        "scale": "medium",
        "movement": "static"
      },
      {
        "shot": 52,
        "scale": "closeup",
        "movement": "static"
      },
      {
        "shot": 84,
        "scale": "long",
        "movement": "moving"
      }
    ]
  }
}