{
  "imdb_id": "tt2667918",
  "cast": null,
  "scene": null,
  "story": null,
  "cinematic_style": {
    "movie": null,
    "trailer": [
      {
        "shot": 4,
        "scale": "medium",
        "movement": "static"
      },
      {
        "shot": 9,
        "scale": "extreme_closeup",
        "movement": "static"
      },
      {
        "shot": 37,
        "scale": "closeup",
        "movement": "static"
      },
      {
        "shot": 56,
        "scale": "medium",
        "movement": "static"
      },
      {
        "shot": 71,
        "scale": "medium",
        "movement": "static"
      },
      {
        "shot": 103,
        "scale": "medium",
        "movement": "static"
      }
    ]
  }
}