{
  "imdb_id": "tt2793490",
  "cast": null,
  "scene": null,
  "story": null,
  "cinematic_style": {
    "movie": null,
    "trailer": [
      {
        "shot": 4,
        "scale": "long",
        "movement": "static"
      },
      {
        "shot": 19,
        "scale": "closeup",
        "movement": "static"
      },
      {
        "shot": 26,
        "scale": "closeup",
        "movement": "static"
      },
      {
        "shot": 56,
        "scale": "full",
        "movement": "static"
      },
      {
        "shot": 58,
        "scale": "extreme_closeup",
        "movement": "static"
      },
      {
        "shot": 66,
        "scale": "medium",
        "movement": "static"
      }
    ]
  }
}