{
  "imdb_id": "tt2762122",
  "cast": null,
  "scene": null,
  "story": null,
  "cinematic_style": {
    "movie": null,
    "trailer": [
      {
        "shot": 16,
        "scale": "medium",
        "movement": "static"
      },
      {
        "shot": 18,
        "scale": "closeup",
        "movement": "static"
      },
      {
        "shot": 45,
        "scale": "closeup",
        "movement": "static"
      },
      {
        "shot": 55,
        "scale": "closeup",
        "movement": "moving"
      }
    ]
  }
}