{
  "imdb_id": "tt2740684",
  "cast": null,
  "scene": null,
  "story": null,
  "cinematic_style": {
    "movie": null,
    "trailer": [
      {
        "shot": 8,
        "scale": "full",
        "movement": "moving"
      },
      {
        "shot": 15,
        "scale": "full",
        "movement": "moving"
      },
      {
        "shot": 20,
        "scale": "full",
        "movement": "static"
      },
      {
        "shot": 21,
        "scale": "medium",
        "movement": "static"
      },
      {
        "shot": 24,
        "scale": "full",
        "movement": "static"
      },
      {
        "shot": 29,
        "scale": "full",
        "movement": "moving"
      },
      {
        "shot": 33,
        "scale": "long",
        "movement": "static"
      },
      {
        "shot": 46,
        "scale": "closeup",
        "movement": "moving"
      },
      {
        "shot": 51,
        "scale": "medium",
        "movement": "moving"
      }
    ]
  }
}