{
  "imdb_id": "tt2766268",
  "cast": null,
  "scene": null,
  "story": null,
  "cinematic_style": {
    "movie": null,
    "trailer": [
      {
        "shot": 4,
        "scale": "medium",
        "movement": "moving"
      },
      {
        "shot": 5,
        "scale": "full",
        "movement": "push"
      },
      {
        "shot": 18,
        "scale": "full",
        "movement": "moving"
      },
      {
        "shot": 25,
        "scale": "medium",
        "movement": "static"
      },
      {
        "shot": 27,
        "scale": "medium",
        "movement": "static"
      },
      {
        "shot": 32,
        "scale": "full",
        "movement": "moving"
      }
    ]
  }
}