{
  "imdb_id": "tt2826634",
  "cast": null,
  "scene": null,
  "story": null,
  "cinematic_style": {
    "movie": null,
    "trailer": [
      {
        "shot": 21,
        "scale": "long",
        "movement": "static"
      },
      {
        "shot": 39,
        "scale": "full",
        "movement": "static"
      },
      {
        "shot": 52,
        "scale": "long",
        "movement": "static"
      },
      {
        "shot": 57,
        "scale": "medium",
        "movement": "moving"
      },
      {
        "shot": 60,
        "scale": "medium",
        "movement": "static"
      },
      {
        "shot": 69,
        "scale": "full",
        "movement": "moving"
      },
      {
        "shot": 70,
        "scale": "closeup",
        "movement": "static"
      }
    ]
  }
}