{
  "imdb_id": "tt2924442",
  "cast": null,
  "scene": null,
  "story": null,
  "cinematic_style": {
    "movie": null,
    "trailer": [
      {
        "shot": 8,
        "scale": "medium",
        "movement": "moving"
      },
      {
        "shot": 12,
        "scale": "full",
        "movement": "static"
      },
      {
        "shot": 16,
        "scale": "medium",
        "movement": "moving"
      },
      {
        "shot": 17,
        "scale": "extreme_closeup",
        "movement": "static"
      },
      {
        "shot": 32,
        "scale": "extreme_closeup",
        "movement": "moving"
      },
      {
        "shot": 49,
        "scale": "extreme_closeup",
        "movement": "static"
      },
      {
        "shot": 55,
        "scale": "extreme_closeup",
        "movement": "moving"
      },
      {
        "shot": 67,
        "scale": "extreme_closeup",
        "movement": "static"
      },
      {
        "shot": 73,
        "scale": "extreme_closeup",
        "movement": "moving"
      }
    ]
  }
}