{
  "imdb_id": "tt2946942",
  "cast": null,
  "scene": null,
  "story": null,
  "cinematic_style": {
    "movie": null,
    "trailer": [
      {
        "shot": 5,
        "scale": "extreme_closeup",
        "movement": "static"
      },
      {
        "shot": 8,
        "scale": "medium",
        "movement": "static"
      },
      {
        "shot": 9,
        "scale": "closeup",
        "movement": "static"
      },
      {
        "shot": 13,
        "scale": "medium",
        "movement": "static"
      },
      {
        "shot": 16,
        "scale": "extreme_closeup",
        "movement": "static"
      },
      {
        "shot": 27,
        "scale": "long",
        "movement": "static"
      },
      {
        "shot": 30,
        "scale": "medium",
        "movement": "moving"
      },
      {
        "shot": 51,
        "scale": "closeup",
        "movement": "static"
      },
      {
        "shot": 58,
        "scale": "medium",
        "movement": "moving"
      },
      {
        "shot": 60,
        "scale": "medium",
        "movement": "static"
      }
    ]
  }
}