{
  "imdb_id": "tt2978462",
  "cast": null,
  "scene": null,
  "story": null,
  "cinematic_style": {
    "movie": null,
    "trailer": [
      {
        "shot": 19,
        "scale": "full",
        "movement": "static"
      },
      {
        "shot": 21,
        "scale": "long",
        "movement": "static"
      },
      {
        "shot": 26,
        "scale": "medium",
        "movement": "static"
      },
      {
        "shot": 31,
        "scale": "closeup",
        "movement": "static"
      },
      {
        "shot": 32,
        "scale": "medium",
        "movement": "static"
      },
      {
        "shot": 33,
        "scale": "closeup",
        "movement": "static"
      },
      {
        "shot": 38,
        "scale": "closeup",
        "movement": "static"
      },
      {
        "shot": 40,
        "scale": "medium",
        "movement": "static"
      },
      {
        "shot": 42,
        "scale": "medium",
        "movement": "static"
      },
      {
        "shot": 46,
        "scale": "closeup",
        "movement": "moving"
      },
      {
        "shot": 55,
        "scale": "full",
        "movement": "multi_movement"
      },
      {
        "shot": 59,
        "scale": "extreme_closeup",
        "movement": "moving"
      },
      {
        "shot": 72,
        "scale": "extreme_closeup",
        "movement": "static"
      },
      {
        "shot": 80,
        "scale": "full",
        "movement": "moving"
      },
      {
        "shot": 81,
        "scale": "full",
        "movement": "moving"
      },
      {
        "shot": 84,
        "scale": "closeup",
        "movement": "static"
      },
      {
        "shot": 99,
        "scale": "closeup",
        "movement": "static"
      }
    ]
  }
}