{
  "imdb_id": "tt2911668",
  "cast": null,
  "scene": null,
  "story": null,
  "cinematic_style": {
    "movie": null,
    "trailer": [
      {
        "shot": 29,
        "scale": "long",
        "movement": "static"
      },
      {
        "shot": 37,
        "scale": "extreme_closeup",
        "movement": "static"
      },
      {
        "shot": 52,
        "scale": "full",
        "movement": "moving"
      },
      {
        "shot": 69,
        "scale": "long",
        "movement": "static"
      },
      {
        "shot": 72,
        "scale": "long",
        "movement": "moving"
      },
      {
        "shot": 74,
        "scale": "long",
        "movement": "moving"
      },
      {
        "shot": 78,
        "scale": "long",
        "movement": "pull"
      },
      {
        "shot": 93,
        "scale": "extreme_closeup",
        "movement": "static"
      },
      {
        "shot": 97,
        "scale": "medium",
        "movement": "static"
      },
      {
        "shot": 101,
        "scale": "long",
        "movement": "static"
      }
    ]
  }
}