{
  "imdb_id": "tt2965412",
  "cast": null,
  "scene": null,
  "story": null,
  "cinematic_style": {
    "movie": null,
    "trailer": [
      {
        "shot": 18,
        "scale": "full",
        "movement": "static"
      },
      {
        "shot": 34,
        "scale": "medium",
        "movement": "static"
      },
      {
        "shot": 38,
        "scale": "extreme_closeup",
        "movement": "moving"
      },
      {
        "shot": 40,
        "scale": "extreme_closeup",
        "movement": "static"
      },
      {
        "shot": 70,
        "scale": "medium",
        "movement": "static"
      }
    ]
  }
}