{
  "imdb_id": "tt2910904",
  "cast": null,
  "scene": null,
  "story": null,
  "cinematic_style": {
    "movie": null,
    "trailer": [
      {
        "shot": 1,
        "scale": "extreme_closeup",
        "movement": "static"
      },
      {
        "shot": 14,
        "scale": "closeup",
        "movement": "static"
      },
      {
        "shot": 17,
        "scale": "extreme_closeup",
        "movement": "static"
      },
      {
        "shot": 21,
        "scale": "closeup",
        "movement": "static"
      },
      {
        "shot": 58,
        "scale": "medium",
        "movement": "static"
      },
      {
        "shot": 61,
        "scale": "medium",
        "movement": "static"
      },
      {
        "shot": 64,
        "scale": "closeup",
        "movement": "static"
      },
      {
        "shot": 97,
        "scale": "closeup",
        "movement": "static"
      },
      {
        "shot": 101,
        "scale": "closeup",
        "movement": "static"
      },
      {
        "shot": 113,
        "scale": "extreme_closeup",
        "movement": "static"
      }
    ]
  }
}