{
  "imdb_id": "tt2950052",
  "cast": null,
  "scene": null,
  "story": null,
  "cinematic_style": {
    "movie": null,
    "trailer": [
      {
        "shot": 3,
        "scale": "full",
        "movement": "static"
      },
      {
        "shot": 13,
        "scale": "medium",
        "movement": "moving"
      },
      {
        "shot": 68,
        "scale": "medium",
        "movement": "static"
      },
      {
        "shot": 71,
        "scale": "medium",
        "movement": "push"
      },
      {
        "shot": 81,
        "scale": "full",
        "movement": "static"
      }
    ]
  }
}