{
  "imdb_id": "tt3053122",
  "cast": null,
  "scene": null,
  "story": null,
  "cinematic_style": {
    "movie": null,
    "trailer": [
      {
        "shot": 1,
        "scale": "extreme_closeup",
        "movement": "static"
      },
      {
        "shot": 2,
        "scale": "extreme_closeup",
        "movement": "static"
      },
      {
        "shot": 13,
        "scale": "extreme_closeup",
        "movement": "static"
      },
      {
        "shot": 35,
        "scale": "long",
        "movement": "static"
      },
      {
        "shot": 41,
        "scale": "closeup",
        "movement": "moving"
      },
      {
        "shot": 50,
        "scale": "long",
        "movement": "static"
      },
      {
        "shot": 68,
        "scale": "medium",
        "movement": "moving"
      }
    ]
  }
}