{
  "imdb_id": "tt3021176",
  "cast": null,
  "scene": null,
  "story": null,
  "cinematic_style": {
    "movie": null,
    "trailer": [
      {
        "shot": 4,
        "scale": "long",
        "movement": "push"
      },
      {
        "shot": 21,
        "scale": "long",
        "movement": "moving"
      },
      {
        "shot": 31,
        "scale": "long",
        "movement": "moving"
      },
      {
        "shot": 33,
        "scale": "extreme_closeup",
        "movement": "static"
      },
      {
        "shot": 36,
        "scale": "extreme_closeup",
        "movement": "static"
      }
    ]
  }
}