{
  "imdb_id": "tt3007924",
  "cast": null,
  "scene": null,
  "story": null,
  "cinematic_style": {
    "movie": null,
    "trailer": [
      {
        "shot": 14,
        "scale": "closeup",
        "movement": "static"
      },
      {
        "shot": 21,
        "scale": "full",
        "movement": "push"
      },
      {
        "shot": 30,
        "scale": "extreme_closeup",
        "movement": "static"
      },
      {
        "shot": 45,
        "scale": "extreme_closeup",
        "movement": "static"
      }
    ]
  }
}