{
  "imdb_id": "tt3005486",
  "cast": null,
  "scene": null,
  "story": null,
  "cinematic_style": {
    "movie": null,
    "trailer": [
      {
        "shot": 11,
        "scale": "medium",
        "movement": "static"
      },
      {
        "shot": 33,
        "scale": "medium",
        "movement": "static"
      },
      {
        "shot": 37,
        "scale": "medium",
        "movement": "static"
      },
      {
        "shot": 53,
        "scale": "closeup",
        "movement": "static"
      }
    ]
  }
}