{
  "imdb_id": "tt3013258",
  "cast": null,
  "scene": null,
  "story": null,
  "cinematic_style": {
    "movie": null,
    "trailer": [
      {
        "shot": 16,
        "scale": "full",
        "movement": "static"
      },
      {
        "shot": 17,
        "scale": "medium",
        "movement": "static"
      },
      {
        "shot": 18,
        "scale": "full",
        "movement": "static"
      },
      {
        "shot": 36,
        "scale": "medium",
        "movement": "static"
      }
    ]
  }
}