{
  "imdb_id": "tt3100694",
  "cast": null,
  "scene": null,
  "story": null,
  "cinematic_style": {
    "movie": null,
    "trailer": [
      {
        "shot": 12,
        "scale": "closeup",
        "movement": "moving"
      },
      {
        "shot": 18,
        "scale": "medium",
        "movement": "static"
      },
      {
        "shot": 30,
        "scale": "closeup",
        "movement": "static"
      },
      {
        "shot": 33,
        "scale": "extreme_closeup",
        "movement": "static"
      },
      {
        "shot": 40,
        "scale": "closeup",
        "movement": "static"
      },
      {
        "shot": 49,
        "scale": "medium",
        "movement": "static"
      },
      {
        "shot": 50,
        "scale": "extreme_closeup",
        "movement": "static"
      },
      {
        "shot": 54,
        "scale": "extreme_closeup",
        "movement": "static"
      },
      {
        "shot": 63,
        "scale": "medium",
        "movement": "static"
      }
    ]
  }
}