{
  "imdb_id": "tt3137764",
  "cast": null,
  "scene": null,
  "story": null,
  "cinematic_style": {
    "movie": null,
    "trailer": [
      {
        "shot": 13,
        "scale": "long",
        "movement": "moving"
      },
      {
        "shot": 19,
        "scale": "full",
        "movement": "static"
      },
      {
        "shot": 32,
        "scale": "closeup",
        "movement": "static"
      },
      {
        "shot": 34,
        "scale": "closeup",
        "movement": "static"
      },
      {
        "shot": 69,
        "scale": "full",
        "movement": "static"
      }
    ]
  }
}