{
  "imdb_id": "tt3138192",
  "cast": null,
  "scene": null,
  "story": null,
  "cinematic_style": {
    "movie": null,
    "trailer": [
      {
        "shot": 2,
        "scale": "closeup",
        "movement": "moving"
      },
      {
        "shot": 3,
        "scale": "full",
        "movement": "moving"
      },
      {
        "shot": 5,
        "scale": "full",
        "movement": "static"
      },
      {
        "shot": 18,
        "scale": "closeup",
        "movement": "static"
      },
      {
        "shot": 29,
        "scale": "full",
        "movement": "static"
      }
    ]
  }
}