{
  "imdb_id": "tt3138104",
  "cast": null,
  "scene": null,
  "story": null,
  "cinematic_style": {
    "movie": null,
    "trailer": [
      {
        "shot": 11,
        "scale": "extreme_closeup",
        "movement": "moving"
      },
      {
        "shot": 16,
        "scale": "medium",
        "movement": "static"
      },
      {
        "shot": 25,
        "scale": "long",
        "movement": "static"
      },
      {
        "shot": 28,
        "scale": "medium",
        "movement": "moving"
      },
      {
        "shot": 29,
        "scale": "extreme_closeup",
        "movement": "static"
      },
      {
        "shot": 83,
        "scale": "medium",
        "movement": "static"
      },
      {
        "shot": 85,
        "scale": "closeup",
        "movement": "static"
      }
    ]
  }
}