{
  "imdb_id": "tt3123010",
  "cast": null,
  "scene": null,
  "story": null,
  "cinematic_style": {
    "movie": null,
    "trailer": [
      {
        "shot": 22,
        "scale": "full",
        "movement": "static"
      },
      {
        "shot": 37,
        "scale": "closeup",
        "movement": "static"
      },
      {
        "shot": 42,
        "scale": "medium",
        "movement": "static"
      },
      {
        "shot": 44,
        "scale": "medium",
        "movement": "static"
      }
    ]
  }
}