{
  "imdb_id": "tt3145582",
  "cast": null,
  "scene": null,
  "story": null,
  "cinematic_style": {
    "movie": null,
    "trailer": [
      {
        "shot": 1,
        "scale": "extreme_closeup",
        "movement": "static"
      },
      {
        "shot": 20,
        "scale": "closeup",
        "movement": "static"
      },
      {
        "shot": 37,
        "scale": "closeup",
        "movement": "moving"
      },
      {
        "shot": 43,
        "scale": "closeup",
        "movement": "moving"
      },
      {
        "shot": 46,
        "scale": "closeup",
        "movement": "static"
      }
    ]
  }
}