{
  "imdb_id": "tt3147930",
  "cast": null,
  "scene": null,
  "story": null,
  "cinematic_style": {
    "movie": null,
    "trailer": [
      {
        "shot": 18,
        "scale": "full",
        "movement": "static"
      },
      {
        "shot": 26,
        "scale": "closeup",
        "movement": "static"
      },
      {
        "shot": 39,
        "scale": "medium",
        "movement": "static"
      },
      {
        "shot": 59,
        "scale": "medium",
        "movement": "moving"
      },
      {
        "shot": 71,
        "scale": "long",
        "movement": "static"
      }
    ]
  }
}