{
  "imdb_id": "tt3104106",
  "cast": null,
  "scene": null,
  "story": null,
  "cinematic_style": {
    "movie": null,
    "trailer": [
      {
        "shot": 18,
        "scale": "closeup",
        "movement": "moving"
      },
      {
        "shot": 25,
        "scale": "extreme_closeup",
        "movement": "static"
      },
      {
        "shot": 31,
        "scale": "closeup",
        "movement": "moving"
      },
      {
        "shot": 42,
        "scale": "extreme_closeup",
        "movement": "moving"
      },
      {
        "shot": 53,
        "scale": "extreme_closeup",
        "movement": "static"
      },
      {
        "shot": 61,
        "scale": "long",
        "movement": "moving"
      }
    ]
  }
}