{
  "imdb_id": "tt3198726",
  "cast": null,
  "scene": null,
  "story": null,
  "cinematic_style": {
    "movie": null,
    "trailer": [
      {
        "shot": 9,
        "scale": "closeup",
        "movement": "static"
      },
      {
        "shot": 13,
        "scale": "medium",
        "movement": "moving"
      },
      {
        "shot": 23,
        "scale": "medium",
        "movement": "static"
      },
      {
        "shot": 27,
        "scale": "full",
        "movement": "static"
      },
      {
        "shot": 39,
        "scale": "medium",
        "movement": "static"
      },
      {
        "shot": 53,
        "scale": "medium",
        "movement": "static"
      },
      {
        "shot": 59,
        "scale": "full",
        "movement": "static"
      },
      {
        "shot": 62,
        "scale": "full",
        "movement": "moving"
      },
      {
        "shot": 71,
        "scale": "medium",
        "movement": "static"
      }
    ]
  }
}