{
  "imdb_id": "tt3151394",
  "cast": null,
  "scene": null,
  "story": null,
  "cinematic_style": {
    "movie": null,
    "trailer": [
      {
        "shot": 6,
        "scale": "long",
        "movement": "moving"
      },
      {
        "shot": 7,
        "scale": "long",
        "movement": "moving"
      },
      {
        "shot": 12,
        "scale": "long",
        "movement": "static"
      },
      {
        "shot": 13,
        "scale": "long",
        "movement": "moving"
      },
      {
        "shot": 14,
        "scale": "long",
        "movement": "moving"
      },
      {
        "shot": 21,
        "scale": "long",
        "movement": "moving"
      },
      {
        "shot": 26,
        "scale": "full",
        "movement": "moving"
      },
      {
        "shot": 30,
        "scale": "long",
        "movement": "moving"
      },
      {
        "shot": 31,
        "scale": "full",
        "movement": "moving"
      },
      {
        "shot": 38,
        "scale": "medium",
        "movement": "moving"
      },
      {
        "shot": 49,
        "scale": "full",
        "movement": "static"
      },
      {
        "shot": 50,
        "scale": "long",
        "movement": "moving"
      },
      {
        "shot": 57,
        "scale": "long",
        "movement": "static"
      }
    ]
  }
}