{
  "imdb_id": "tt3288508",
  "cast": null,
  "scene": null,
  "story": null,
  "cinematic_style": {
    "movie": null,
    "trailer": [
      {
        "shot": 7,
        "scale": "long",
        "movement": "static"
      },
      {
        "shot": 18,
        "scale": "medium",
        "movement": "static"
      },
      {
        "shot": 19,
        "scale": "medium",
        "movement": "static"
      },
      {
        "shot": 25,
        "scale": "closeup",
        "movement": "static"
      },
      {
        "shot": 32,
        "scale": "closeup",
        "movement": "static"
      },
      {
        "shot": 34,
        "scale": "extreme_closeup",
        "movement": "static"
      },
      {
        "shot": 46,
        "scale": "full",
        "movement": "moving"
      },
      {
        "shot": 47,
        "scale": "closeup",
        "movement": "static"
      },
      {
        "shot": 54,
        "scale": "closeup",
        "movement": "static"
      }
    ]
  }
}