{
  "imdb_id": "tt3238448",
  "cast": null,
  "scene": null,
  "story": null,
  "cinematic_style": {
    "movie": null,
    "trailer": [
      {
        "shot": 2,
        "scale": "extreme_closeup",
        "movement": "static"
      },
      {
        "shot": 26,
        "scale": "extreme_closeup",
        "movement": "moving"
      },
      {
        "shot": 34,
        "scale": "extreme_closeup",
        "movement": "static"
      },
      {
        "shot": 36,
        "scale": "extreme_closeup",
        "movement": "static"
      },
      {
        "shot": 39,
        "scale": "closeup",
        "movement": "static"
      },
      {
        "shot": 48,
        "scale": "full",
        "movement": "static"
      }
    ]
  }
}