{
  "imdb_id": "tt3214108",
  "cast": null,
  "scene": null,
  "story": null,
  "cinematic_style": {
    "movie": null,
    "trailer": [
      {
        "shot": 7,
        "scale": "extreme_closeup",
        "movement": "static"
      },
      {
        "shot": 13,
        "scale": "medium",
        "movement": "static"
      },
      {
        "shot": 25,
        "scale": "extreme_closeup",
        "movement": "moving"
      },
      {
        "shot": 38,
        "scale": "full",
        "movement": "static"
      },
      {
        "shot": 41,
        "scale": "full",
        "movement": "static"
      }
    ]
  }
}