{
  "imdb_id": "tt3216846",
  "cast": null,
  "scene": null,
  "story": null,
  "cinematic_style": {
    "movie": null,
    "trailer": [
      {
        "shot": 29,
        "scale": "extreme_closeup",
        "movement": "moving"
      },
      {
        "shot": 34,
        "scale": "closeup",
        "movement": "static"
      },
      {
        "shot": 36,
        "scale": "medium",
        "movement": "moving"
      },
      {
        "shot": 51,
        "scale": "full",
        "movement": "static"
      }
    ]
  }
}