{
  "imdb_id": "tt3281592",
  "cast": null,
  "scene": null,
  "story": null,
  "cinematic_style": {
    "movie": null,
    "trailer": [
      {
        "shot": 2,
        "scale": "medium",
        "movement": "static"
      },
      {
        "shot": 14,
        "scale": "long",
        "movement": "static"
      },
      {
        "shot": 15,
        "scale": "full",
        "movement": "moving"
      },
      {
        "shot": 33,
        "scale": "closeup",
        "movement": "static"
      },
      {
        "shot": 49,
        "scale": "medium",
        "movement": "static"
      },
      {
        "shot": 51,
        "scale": "full",
        "movement": "moving"
      },
      {
        "shot": 57,
        "scale": "medium",
        "movement": "static"
      },
      {
        "shot": 58,
        "scale": "full",
        "movement": "moving"
      }
    ]
  }
}