{
  "imdb_id": "tt3212568",
  "cast": null,
  "scene": null,
  "story": null,
  "cinematic_style": {
    "movie": null,
    "trailer": [
      {
        "shot": 25,
        "scale": "extreme_closeup",
        "movement": "static"
      },
      {
        "shot": 32,
        "scale": "extreme_closeup",
        "movement": "static"
      },
      {
        "shot": 45,
        "scale": "extreme_closeup",
        "movement": "static"
      },
      {
        "shot": 59,
        "scale": "full",
        "movement": "static"
      },
      {
        "shot": 64,
        "scale": "medium",
        "movement": "static"
      }
    ]
  }
}