{
  "imdb_id": "tt3258028",
  "cast": null,
  "scene": null,
  "story": null,
  "cinematic_style": {
    "movie": null,
    "trailer": [
      {
        "shot": 10,
        "scale": "long",
        "movement": "static"
      },
      {
        "shot": 11,
        "scale": "long",
        "movement": "moving"
      },
      {
        "shot": 20,
        "scale": "full",
        "movement": "moving"
      },
      {
        "shot": 22,
        "scale": "long",
        "movement": "moving"
      },
      {
        "shot": 25,
        "scale": "full",
        "movement": "moving"
      },
      {
        "shot": 29,
        "scale": "full",
        "movement": "moving"
      },
      {
        "shot": 34,
        "scale": "closeup",
        "movement": "static"
      },
      {
        "shot": 36,
        "scale": "long",
        "movement": "moving"
      },
      {
        "shot": 53,
        "scale": "medium",
        "movement": "moving"
      },
      {
        "shot": 67,
        "scale": "medium",
        "movement": "push"
      },
      {
        "shot": 68,
        "scale": "full",
        "movement": "moving"
      }
    ]
  }
}