{
  "imdb_id": "tt3351004",
  "cast": null,
  "scene": null,
  "story": null,
  "cinematic_style": {
    "movie": null,
    "trailer": [
      {
        "shot": 8,
        "scale": "medium",
        "movement": "moving"
      },
      {
        "shot": 9,
        "scale": "medium",
        "movement": "moving"
      },
      {
        "shot": 20,
        "scale": "closeup",
        "movement": "static"
      },
      {
        "shot": 31,
        "scale": "full",
        "movement": "static"
      },
      {
        "shot": 33,
        "scale": "long",
        "movement": "static"
      },
      {
        "shot": 45,
        "scale": "long",
        "movement": "static"
      },
      {
        "shot": 47,
        "scale": "long",
        "movement": "moving"
      },
      {
        "shot": 73,
        "scale": "medium",
        "movement": "static"
      },
      {
        "shot": 76,
        "scale": "medium",
        "movement": "static"
      }
    ]
  }
}