{
  "imdb_id": "tt3343136",
  "cast": null,
  "scene": null,
  "story": null,
  "cinematic_style": {
    "movie": null,
    "trailer": [
      {
        "shot": 6,
        "scale": "full",
        "movement": "static"
      },
      {
        "shot": 18,
        "scale": "long",
        "movement": "static"
      },
      {
        "shot": 25,
        "scale": "closeup",
        "movement": "moving"
      },
      {
        "shot": 49,
        "scale": "medium",
        "movement": "moving"
      }
    ]
  }
}