{
  "imdb_id": "tt3398978",
  "cast": null,
  "scene": null,
  "story": null,
  "cinematic_style": {
    "movie": null,
    "trailer": [
      {
        "shot": 13,
        "scale": "extreme_closeup",
        "movement": "static"
      },
      {
        "shot": 28,
        "scale": "closeup",
        "movement": "static"
      },
      {
        "shot": 37,
        "scale": "medium",
        "movement": "static"
      },
      {
        "shot": 61,
        "scale": "extreme_closeup",
        "movement": "static"
      }
    ]
  }
}