{
  "imdb_id": "tt3349772",
  "cast": null,
  "scene": null,
  "story": null,
  "cinematic_style": {
    "movie": null,
    "trailer": [
      {
        "shot": 3,
        "scale": "full",
        "movement": "static"
      },
      {
        "shot": 12,
        "scale": "closeup",
        "movement": "static"
      },
      {
        "shot": 29,
        "scale": "closeup",
        "movement": "static"
      },
      {
        "shot": 31,
        "scale": "closeup",
        "movement": "moving"
      },
      {
        "shot": 32,
        "scale": "full",
        "movement": "push"
      },
      {
        "shot": 66,
        "scale": "full",
        "movement": "push"
      },
      {
        "shot": 72,
        "scale": "closeup",
        "movement": "static"
      },
      {
        "shot": 78,
        "scale": "medium",
        "movement": "static"
      },
      {
        "shot": 79,
        "scale": "medium",
        "movement": "moving"
      },
      {
        "shot": 80,
        "scale": "medium",
        "movement": "moving"
      }
    ]
  }
}