{
  "imdb_id": "tt3309038",
  "cast": null,
  "scene": null,
  "story": null,
  "cinematic_style": {
    "movie": null,
    "trailer": [
      {
        "shot": 7,
        "scale": "long",
        "movement": "push"
      },
      {
        "shot": 20,
        "scale": "full",
        "movement": "moving"
      },
      {
        "shot": 29,
        "scale": "long",
        "movement": "static"
      },
      {
        "shot": 32,
        "scale": "long",
        "movement": "moving"
      },
      {
        "shot": 34,
        "scale": "full",
        "movement": "moving"
      },
      {
        "shot": 43,
        "scale": "long",
        "movement": "moving"
      },
      {
        "shot": 46,
        "scale": "long",
        "movement": "static"
      },
      {
        "shot": 54,
        "scale": "long",
        "movement": "moving"
      }
    ]
  }
}