{
  "imdb_id": "tt3368930",
  "cast": null,
  "scene": null,
  "story": null,
  "cinematic_style": {
    "movie": null,
    "trailer": [
      {
        "shot": 11,
        "scale": "long",
        "movement": "moving"
      },
      {
        "shot": 13,
        "scale": "long",
        "movement": "moving"
      },
      {
        "shot": 21,
        "scale": "long",
        "movement": "moving"
      },
      {
        "shot": 30,
        "scale": "full",
        "movement": "moving"
      },
      {
        "shot": 33,
        "scale": "extreme_closeup",
        "movement": "static"
      },
      {
        "shot": 47,
        "scale": "long",
        "movement": "static"
      },
      {
        "shot": 50,
        "scale": "extreme_closeup",
        "movement": "static"
      },
      {
        "shot": 65,
        "scale": "extreme_closeup",
        "movement": "static"
      }
    ]
  }
}