{
  "imdb_id": "tt3333870",
  "cast": null,
  "scene": null,
  "story": null,
  "cinematic_style": {
    "movie": null,
    "trailer": [
      {
        "shot": 8,
        "scale": "medium",
        "movement": "static"
      },
      {
        "shot": 29,
        "scale": "full",
        "movement": "static"
      },
      {
        "shot": 32,
        "scale": "medium",
        "movement": "static"
      },
      {
        "shot": 34,
        "scale": "full",
        "movement": "static"
      },
      {
        "shot": 41,
        "scale": "closeup",
        "movement": "moving"
      },
      {
        "shot": 52,
        "scale": "extreme_closeup",
        "movement": "static"
      },
      {
        "shot": 56,
        "scale": "medium",
        "movement": "static"
      }
    ]
  }
}