{
  "imdb_id": "tt3387648",
  "cast": null,
  "scene": null,
  "story": null,
  "cinematic_style": {
    "movie": null,
    "trailer": [
      {
        "shot": 7,
        "scale": "full",
        "movement": "moving"
      },
      {
        "shot": 16,
        "scale": "medium",
        "movement": "static"
      },
      {
        "shot": 19,
        "scale": "extreme_closeup",
        "movement": "moving"
      },
      {
        "shot": 43,
        "scale": "closeup",
        "movement": "static"
      },
      {
        "shot": 55,
        "scale": "extreme_closeup",
        "movement": "static"
      }
    ]
  }
}