{
  "imdb_id": "tt3302706",
  "cast": null,
  "scene": null,
  "story": null,
  "cinematic_style": {
    "movie": null,
    "trailer": [
      {
        "shot": 3,
        "scale": "medium",
        "movement": "static"
      },
      {
        "shot": 4,
        "scale": "medium",
        "movement": "static"
      },
      {
        "shot": 11,
        "scale": "medium",
        "movement": "static"
      },
      {
        "shot": 16,
        "scale": "closeup",
        "movement": "static"
      },
      {
        "shot": 21,
        "scale": "long",
        "movement": "static"
      }
    ]
  }
}