{
  "imdb_id": "tt3458220",
  "cast": null,
  "scene": null,
  "story": null,
  "cinematic_style": {
    "movie": null,
    "trailer": [
      {
        "shot": 12,
        "scale": "medium",
        "movement": "static"
      },
      {
        "shot": 16,
        "scale": "medium",
        "movement": "moving"
      },
      {
        "shot": 21,
        "scale": "long",
        "movement": "static"
      },
      {
        "shot": 32,
        "scale": "medium",
        "movement": "moving"
      },
      {
        "shot": 43,
        "scale": "medium",
        "movement": "push"
      }
    ]
  }
}