{
  "imdb_id": "tt3476472",
  "cast": null,
  "scene": null,
  "story": null,
  "cinematic_style": {
    "movie": null,
    "trailer": [
      {
        "shot": 8,
        "scale": "extreme_closeup",
        "movement": "static"
      },
      {
        "shot": 10,
        "scale": "extreme_closeup",
        "movement": "static"
      },
      {
        "shot": 16,
        "scale": "extreme_closeup",
        "movement": "static"
      },
      {
        "shot": 17,
        "scale": "extreme_closeup",
        "movement": "static"
      },
      {
        "shot": 18,
        "scale": "extreme_closeup",
        "movement": "static"
      }
    ]
  }
}