{
  "imdb_id": "tt3459004",
  "cast": null,
  "scene": null,
  "story": null,
  "cinematic_style": {
    "movie": null,
    "trailer": [
      {
        "shot": 10,
        "scale": "medium",
        "movement": "static"
      },
      {
        "shot": 11,
        "scale": "medium",
        "movement": "static"
      },
      {
        "shot": 27,
        "scale": "medium",
        "movement": "static"
      },
      {
        "shot": 42,
        "scale": "closeup",
        "movement": "static"
      },
      {
        "shot": 43,
        "scale": "closeup",
        "movement": "static"
      },
      {
        "shot": 44,
        "scale": "long",
        "movement": "moving"
      },
      {
        "shot": 47,
        "scale": "closeup",
        "movement": "static"
      }
    ]
  }
}