{
  "imdb_id": "tt3513054",
  "cast": null,
  "scene": null,
  "story": null,
  "cinematic_style": {
    "movie": null,
    "trailer": [
      {
        "shot": 15,
        "scale": "long",
        "movement": "static"
      },
      {
        "shot": 18,
        "scale": "long",
        "movement": "static"
      },
      {
        "shot": 34,
        "scale": "long",
        "movement": "static"
      },
      {
        "shot": 42,
        "scale": "long",
        "movement": "static"
      },
      {
        "shot": 45,
        "scale": "full",
        "movement": "push"
      },
      {
        "shot": 51,
        "scale": "long",
        "movement": "static"
      },
      {
        "shot": 53,
        "scale": "long",
        "movement": "static"
      }
    ]
  }
}