{
  "imdb_id": "tt3552638",
  "cast": null,
  "scene": null,
  "story": null,
  "cinematic_style": {
    "movie": null,
    "trailer": [
      {
        "shot": 10,
        "scale": "closeup",
        "movement": "static"
      },
      {
        "shot": 11,
        "scale": "medium",
        "movement": "static"
      },
      {
        "shot": 14,
        "scale": "closeup",
        "movement": "static"
      },
      {
        "shot": 20,
        "scale": "full",
        "movement": "moving"
      },
      {
        "shot": 23,
        "scale": "closeup",
        "movement": "static"
      },
      {
        "shot": 37,
        "scale": "closeup",
        "movement": "static"
      }
    ]
  }
}