{
  "imdb_id": "tt3538666",
  "cast": null,
  "scene": null,
  "story": null,
  "cinematic_style": {
    "movie": null,
    "trailer": [
      {
        "shot": 4,
        "scale": "medium",
        "movement": "moving"
      },
      {
        "shot": 13,
        "scale": "medium",
        "movement": "static"
      },
      {
        "shot": 24,
        "scale": "closeup",
        "movement": "static"
      },
      {
        "shot": 47,
        "scale": "closeup",
        "movement": "static"
      }
    ]
  }
}