{
  "imdb_id": "tt3520008",
  "cast": null,
  "scene": null,
  "story": null,
  "cinematic_style": {
    "movie": null,
    "trailer": [
      {
        "shot": 1,
        "scale": "long",
        "movement": "static"
      },
      {
        "shot": 16,
        "scale": "medium",
        "movement": "static"
      },
      {
        "shot": 23,
        "scale": "long",
        "movement": "static"
      },
      {
        "shot": 26,
        "scale": "long",
        "movement": "static"
      },
      {
        "shot": 27,
        "scale": "long",
        "movement": "static"
      },
      {
        "shot": 38,
        "scale": "medium",
        "movement": "static"
      }
    ]
  }
}