{
  "imdb_id": "tt3539664",
  "cast": null,
  "scene": null,
  "story": null,
  "cinematic_style": {
    "movie": null,
    "trailer": [
      {
        "shot": 2,
        "scale": "extreme_closeup",
        "movement": "static"
      },
      {
        "shot": 10,
        "scale": "closeup",
        "movement": "moving"
      },
      {
        "shot": 14,
        "scale": "medium",
        "movement": "moving"
      },
      {
        "shot": 31,
        "scale": "medium",
        "movement": "push"
      },
      {
        "shot": 56,
        "scale": "extreme_closeup",
        "movement": "moving"
      },
      {
        "shot": 61,
        "scale": "long",
        "movement": "static"
      },
      {
        "shot": 64,
        "scale": "extreme_closeup",
        "movement": "static"
      },
      {
        "shot": 65,
        "scale": "medium",
        "movement": "moving"
      }
    ]
  }
}