{
  "imdb_id": "tt3564574",
  "cast": null,
  "scene": null,
  "story": null,
  "cinematic_style": {
    "movie": null,
    "trailer": [
      {
        "shot": 7,
        "scale": "medium",
        "movement": "moving"
      },
      {
        "shot": 10,
        "scale": "full",
        "movement": "moving"
      },
      {
        "shot": 15,
        "scale": "closeup",
        "movement": "static"
      },
      {
        "shot": 44,
        "scale": "full",
        "movement": "static"
      },
      {
        "shot": 63,
        "scale": "medium",
        "movement": "static"
      }
    ]
  }
}