{
  "imdb_id": "tt3624624",
  "cast": null,
  "scene": null,
  "story": null,
  "cinematic_style": {
    "movie": null,
    "trailer": [
      {
        "shot": 2,
        "scale": "medium",
        "movement": "static"
      },
      {
        "shot": 3,
        "scale": "full",
        "movement": "static"
      },
      {
        "shot": 13,
        "scale": "medium",
        "movement": "static"
      },
      {
        "shot": 27,
        "scale": "long",
        "movement": "moving"
      },
      {
        "shot": 32,
        "scale": "full",
        "movement": "static"
      },
      {
        "shot": 49,
        "scale": "long",
        "movement": "static"
      }
    ]
  }
}