{
  "imdb_id": "tt3656090",
  "cast": null,
  "scene": null,
  "story": null,
  "cinematic_style": {
    "movie": null,
    "trailer": [
      {
        "shot": 0,
        "scale": "full",
        "movement": "static"
      },
      {
        "shot": 23,
        "scale": "medium",
        "movement": "moving"
      },
      {
        "shot": 24,
        "scale": "extreme_closeup",
        "movement": "static"
      },
      {
        "shot": 33,
        "scale": "closeup",
        "movement": "static"
      },
      {
        "shot": 34,
        "scale": "full",
        "movement": "moving"
      }
    ]
  }
}