{
  "imdb_id": "tt3617996",
  "cast": null,
  "scene": null,
  "story": null,
  "cinematic_style": {
    "movie": null,
    "trailer": [
      {
        "shot": 12,
        "scale": "medium",
        "movement": "static"
      },
      {
        "shot": 23,
        "scale": "extreme_closeup",
        "movement": "static"
      },
      {
        "shot": 44,
        "scale": "extreme_closeup",
        "movement": "moving"
      },
      {
        "shot": 45,
        "scale": "extreme_closeup",
        "movement": "static"
      },
      {
        "shot": 56,
        "scale": "closeup",
        "movement": "static"
      },
      {
        "shot": 64,
        "scale": "closeup",
        "movement": "static"
      },
      {
        "shot": 68,
        "scale": "extreme_closeup",
        "movement": "static"
      }
    ]
  }
}