{
  "imdb_id": "tt3687186",
  "cast": null,
  "scene": null,
  "story": null,
  "cinematic_style": {
    "movie": null,
    "trailer": [
      {
        "shot": 4,
        "scale": "long",
        "movement": "moving"
      },
      {
        "shot": 11,
        "scale": "extreme_closeup",
        "movement": "static"
      },
      {
        "shot": 17,
        "scale": "extreme_closeup",
        "movement": "static"
      },
      {
        "shot": 40,
        "scale": "closeup",
        "movement": "static"
      },
      {
        "shot": 53,
        "scale": "extreme_closeup",
        "movement": "moving"
      },
      {
        "shot": 56,
        "scale": "extreme_closeup",
        "movement": "static"
      },
      {
        "shot": 61,
        "scale": "closeup",
        "movement": "moving"
      }
    ]
  }
}