{
  "imdb_id": "tt3681454",
  "cast": null,
  "scene": null,
  "story": null,
  "cinematic_style": {
    "movie": null,
    "trailer": [
      {
        "shot": 2,
        "scale": "medium",
        "movement": "static"
      },
      {
        "shot": 5,
        "scale": "medium",
        "movement": "static"
      },
      {
        "shot": 8,
        "scale": "medium",
        "movement": "static"
      },
      {
        "shot": 16,
        "scale": "full",
        "movement": "static"
      },
      {
        "shot": 19,
        "scale": "medium",
        "movement": "moving"
      },
      {
        "shot": 20,
        "scale": "closeup",
        "movement": "static"
      },
      {
        "shot": 29,
        "scale": "closeup",
        "movement": "moving"
      },
      {
        "shot": 34,
        "scale": "full",
        "movement": "moving"
      },
      {
        "shot": 41,
        "scale": "full",
        "movement": "static"
      },
      {
        "shot": 44,
        "scale": "long",
        "movement": "moving"
      },
      {
        "shot": 50,
        "scale": "medium",
        "movement": "moving"
      },
      {
        "shot": 54,
        "scale": "medium",
        "movement": "moving"
      },
      {
        "shot": 77,
        "scale": "medium",
        "movement": "push"
      },
      {
        "shot": 90,
        "scale": "closeup",
        "movement": "static"
      }
    ]
  }
}