{
  "imdb_id": "tt3673180",
  "cast": null,
  "scene": null,
  "story": null,
  "cinematic_style": {
    "movie": null,
    "trailer": [
      {
        "shot": 7,
        "scale": "medium",
        "movement": "pull"
      },
      {
        "shot": 10,
        "scale": "full",
        "movement": "push"
      },
      {
        "shot": 14,
        "scale": "extreme_closeup",
        "movement": "moving"
      },
      {
        "shot": 16,
        "scale": "closeup",
        "movement": "static"
      },
      {
        "shot": 53,
        "scale": "medium",
        "movement": "static"
      }
    ]
  }
}