{
  "imdb_id": "tt3714720",
  "cast": null,
  "scene": null,
  "story": null,
  "cinematic_style": {
    "movie": null,
    "trailer": [
      {
        "shot": 17,
        "scale": "medium",
        "movement": "static"
      },
      {
        "shot": 26,
        "scale": "medium",
        "movement": "moving"
      },
      {
        "shot": 37,
        "scale": "medium",
        "movement": "static"
      },
      {
        "shot": 62,
        "scale": "medium",
        "movement": "moving"
      }
    ]
  }
}