{
  "imdb_id": "tt3769764",
  "cast": null,
  "scene": null,
  "story": null,
  "cinematic_style": {
    "movie": null,
    "trailer": [
      {
        "shot": 24,
        "scale": "full",
        "movement": "moving"
      },
      {
        "shot": 42,
        "scale": "closeup",
        "movement": "static"
      },
      {
        "shot": 45,
        "scale": "closeup",
        "movement": "static"
      },
      {
        "shot": 51,
        "scale": "closeup",
        "movement": "static"
      }
    ]
  }
}