{
  "imdb_id": "tt3772640",
  "cast": null,
  "scene": null,
  "story": null,
  "cinematic_style": {
    "movie": null,
    "trailer": [
      {
        "shot": 11,
        "scale": "medium",
        "movement": "moving"
      },
      {
        "shot": 23,
        "scale": "medium",
        "movement": "static"
      },
      {
        "shot": 25,
        "scale": "medium",
        "movement": "static"
      },
      {
        "shot": 39,
        "scale": "extreme_closeup",
        "movement": "static"
      },
      {
        "shot": 44,
        "scale": "full",
        "movement": "moving"
      },
      {
        "shot": 48,
        "scale": "medium",
        "movement": "static"
      },
      {
        "shot": 53,
        "scale": "closeup",
        "movement": "static"
      }
    ]
  }
}