{
  "imdb_id": "tt3747978",
  "cast": null,
  "scene": null,
  "story": null,
  "cinematic_style": {
    "movie": null,
    "trailer": [
      {
        "shot": 16,
        "scale": "medium",
        "movement": "static"
      },
      {
        "shot": 20,
        "scale": "full",
        "movement": "static"
      },
      {
        "shot": 32,
        "scale": "full",
        "movement": "static"
      },
      {
        "shot": 38,
        "scale": "full",
        "movement": "moving"
      },
      {
        "shot": 42,
        "scale": "closeup",
        "movement": "static"
      },
      {
        "shot": 45,
        "scale": "full",
        "movement": "moving"
      },
      {
        "shot": 48,
        "scale": "long",
        "movement": "moving"
      },
      {
        "shot": 49,
        "scale": "long",
        "movement": "static"
      }
    ]
  }
}