{
  "imdb_id": "tt3798628",
  "cast": null,
  "scene": null,
  "story": null,
  "cinematic_style": {
    "movie": null,
    "trailer": [
      {
        "shot": 31,
        "scale": "medium",
        "movement": "static"
      },
      {
        "shot": 36,
        "scale": "medium",
        "movement": "moving"
      },
      {
        "shot": 48,
        "scale": "extreme_closeup",
        "movement": "moving"
      },
      {
        "shot": 81,
        "scale": "medium",
        "movement": "static"
      },
      {
        "shot": 86,
        "scale": "closeup",
        "movement": "static"
      },
      {
        "shot": 90,
        "scale": "medium",
        "movement": "static"
      },
      {
        "shot": 113,
        "scale": "extreme_closeup",
        "movement": "static"
      }
    ]
  }
}