{
  "imdb_id": "tt3847420",
  "cast": null,
  "scene": null,
  "story": null,
  "cinematic_style": {
    "movie": null,
    "trailer": [
      {
        "shot": 1,
        "scale": "full",
        "movement": "static"
      },
      {
        "shot": 5,
        "scale": "full",
        "movement": "static"
      },
      {
        "shot": 7,
        "scale": "full",
        "movement": "moving"
      },
      {
        "shot": 47,
        "scale": "full",
        "movement": "moving"
      }
    ]
  }
}