{
  "imdb_id": "tt3814950",
  "cast": null,
  "scene": null,
  "story": null,
  "cinematic_style": {
    "movie": null,
    "trailer": [
      {
        "shot": 1,
        "scale": "long",
        "movement": "static"
      },
      {
        "shot": 7,
        "scale": "medium",
        "movement": "static"
      },
      {
        "shot": 19,
        "scale": "full",
        "movement": "static"
      },
      {
        "shot": 26,
        "scale": "full",
        "movement": "static"
      },
      {
        "shot": 32,
        "scale": "long",
        "movement": "static"
      }
    ]
  }
}