{
  "imdb_id": "tt3892434",
  "cast": null,
  "scene": null,
  "story": null,
  "cinematic_style": {
    "movie": null,
    "trailer": [
      {
        "shot": 0,
        "scale": "extreme_closeup",
        "movement": "static"
      },
      {
        "shot": 9,
        "scale": "extreme_closeup",
        "movement": "moving"
      },
      {
        "shot": 31,
        "scale": "extreme_closeup",
        "movement": "static"
      },
      {
        "shot": 33,
        "scale": "extreme_closeup",
        "movement": "moving"
      },
      {
        "shot": 43,
        "scale": "medium",
        "movement": "static"
      },
      {
        "shot": 56,
        "scale": "closeup",
        "movement": "static"
      },
      {
        "shot": 57,
        "scale": "long",
        "movement": "moving"
      },
      {
        "shot": 66,
        "scale": "medium",
        "movement": "static"
      }
    ]
  }
}