{
  "imdb_id": "tt3863420",
  "cast": null,
  "scene": null,
  "story": null,
  "cinematic_style": {
    "movie": null,
    "trailer": [
      {
        "shot": 17,
        "scale": "extreme_closeup",
        "movement": "moving"
      },
      {
        "shot": 29,
        "scale": "long",
        "movement": "moving"
      },
      {
        "shot": 47,
        "scale": "extreme_closeup",
        "movement": "moving"
      },
      {
        "shot": 56,
        "scale": "extreme_closeup",
        "movement": "moving"
      },
      {
        "shot": 57,
        "scale": "extreme_closeup",
        "movement": "moving"
      }
    ]
  }
}