{
  "imdb_id": "tt3854770",
  "cast": null,
  "scene": null,
  "story": null,
  "cinematic_style": {
    "movie": null,
    "trailer": [
      {
        "shot": 4,
        "scale": "closeup",
        "movement": "moving"
      },
      {
        "shot": 35,
        "scale": "long",
        "movement": "static"
      },
      {
        "shot": 41,
        "scale": "medium",
        "movement": "static"
      },
      {
        "shot": 52,
        "scale": "extreme_closeup",
        "movement": "moving"
      }
    ]
  }
}