{
  "imdb_id": "tt3868570",
  "cast": null,
  "scene": null,
  "story": null,
  "cinematic_style": {
    "movie": null,
    "trailer": [
      {
        "shot": 6,
        "scale": "extreme_closeup",
        "movement": "static"
      },
      {
        "shot": 7,
        "scale": "extreme_closeup",
        "movement": "static"
      },
      {
        "shot": 8,
        "scale": "extreme_closeup",
        "movement": "static"
      },
      {
        "shot": 22,
        "scale": "extreme_closeup",
        "movement": "moving"
      },
      {
        "shot": 24,
        "scale": "extreme_closeup",
        "movement": "static"
      },
      {
        "shot": 29,
        "scale": "extreme_closeup",
        "movement": "static"
      },
      {
        "shot": 32,
        "scale": "extreme_closeup",
        "movement": "static"
      },
      {
        "shot": 43,
        "scale": "closeup",
        "movement": "static"
      },
      {
        "shot": 44,
        "scale": "full",
        "movement": "static"
      },
      {
        "shot": 46,
        "scale": "closeup",
        "movement": "moving"
      },
      {
        "shot": 53,
        "scale": "full",
        "movement": "static"
      },
      {
        "shot": 55,
        "scale": "full",
        "movement": "static"
      },
      {
        "shot": 70,
        "scale": "extreme_closeup",
        "movement": "static"
      }
    ]
  }
}