{
  "imdb_id": "tt3872958",
  "cast": null,
  "scene": null,
  "story": null,
  "cinematic_style": {
    "movie": null,
    "trailer": [
      {
        "shot": 2,
        "scale": "closeup",
        "movement": "moving"
      },
      {
        "shot": 5,
        "scale": "full",
        "movement": "static"
      },
      {
        "shot": 20,
        "scale": "full",
        "movement": "static"
      },
      {
        "shot": 25,
        "scale": "closeup",
        "movement": "static"
      },
      {
        "shot": 32,
        "scale": "closeup",
        "movement": "static"
      },
      {
        "shot": 41,
        "scale": "closeup",
        "movement": "static"
      },
      {
        "shot": 45,
        "scale": "extreme_closeup",
        "movement": "static"
      },
      {
        "shot": 47,
        "scale": "extreme_closeup",
        "movement": "static"
      }
    ]
  }
}