{
  "imdb_id": "tt3856972",
  "cast": null,
  "scene": null,
  "story": null,
  "cinematic_style": {
    "movie": null,
    "trailer": [
      {
        "shot": 2,
        "scale": "extreme_closeup",
        "movement": "static"
      },
      {
        "shot": 11,
        "scale": "closeup",
        "movement": "static"
      },
      {
        "shot": 14,
        "scale": "extreme_closeup",
        "movement": "static"
      },
      {
        "shot": 16,
        "scale": "extreme_closeup",
        "movement": "static"
      },
      {
        "shot": 20,
        "scale": "extreme_closeup",
        "movement": "static"
      },
      {
        "shot": 24,
        "scale": "closeup",
        "movement": "static"
      },
      {
        "shot": 26,
        "scale": "extreme_closeup",
        "movement": "moving"
      },
      {
        "shot": 28,
        "scale": "extreme_closeup",
        "movement": "moving"
      },
      {
        "shot": 31,
        "scale": "full",
        "movement": "moving"
      },
      {
        "shot": 36,
        "scale": "extreme_closeup",
        "movement": "static"
      },
      {
        "shot": 46,
        "scale": "full",
        "movement": "moving"
      },
      {
        "shot": 58,
        "scale": "closeup",
        "movement": "moving"
      },
      {
        "shot": 63,
        "scale": "extreme_closeup",
        "movement": "static"
      }
    ]
  }
}