{
  "imdb_id": "tt3833520",
  "cast": null,
  "scene": null,
  "story": null,
  "cinematic_style": {
    "movie": null,
    "trailer": [
      {
        "shot": 11,
        "scale": "closeup",
        "movement": "moving"
      },
      {
        "shot": 19,
        "scale": "closeup",
        "movement": "moving"
      },
      {
        "shot": 39,
        "scale": "closeup",
        "movement": "moving"
      },
      {
        "shot": 49,
        "scale": "medium",
        "movement": "static"
      },
      {
        "shot": 58,
        "scale": "extreme_closeup",
        "movement": "moving"
      }
    ]
  }
}