{
  "imdb_id": "tt3892996",
  "cast": null,
  "scene": null,
  "story": null,
  "cinematic_style": {
    "movie": null,
    "trailer": [
      {
        "shot": 15,
        "scale": "medium",
        "movement": "static"
      },
      {
        "shot": 19,
        "scale": "full",
        "movement": "static"
      },
      {
        "shot": 22,
        "scale": "medium",
        "movement": "moving"
      },
      {
        "shot": 33,
        "scale": "full",
        "movement": "moving"
      }
    ]
  }
}