{
  "imdb_id": "tt3817962",
  "cast": null,
  "scene": null,
  "story": null,
  "cinematic_style": {
    "movie": null,
    "trailer": [
      {
        "shot": 4,
        "scale": "medium",
        "movement": "static"
      },
      {
        "shot": 7,
        "scale": "extreme_closeup",
        "movement": "static"
      },
      {
        "shot": 11,
        "scale": "full",
        "movement": "static"
      },
      {
        "shot": 14,
        "scale": "extreme_closeup",
        "movement": "static"
      },
      {
        "shot": 29,
        "scale": "extreme_closeup",
        "movement": "moving"
      },
      {
        "shot": 30,
        "scale": "full",
        "movement": "static"
      },
      {
        "shot": 43,
        "scale": "extreme_closeup",
        "movement": "static"
      }
    ]
  }
}