{
  "imdb_id": "tt3877296",
  "cast": null,
  "scene": null,
  "story": null,
  "cinematic_style": {
    "movie": null,
    "trailer": [
      {
        "shot": 18,
        "scale": "extreme_closeup",
        "movement": "moving"
      },
      {
        "shot": 20,
        "scale": "full",
        "movement": "static"
      },
      {
        "shot": 29,
        "scale": "extreme_closeup",
        "movement": "static"
      },
      {
        "shot": 45,
        "scale": "full",
        "movement": "push"
      },
      {
        "shot": 47,
        "scale": "medium",
        "movement": "moving"
      }
    ]
  }
}