{
  "imdb_id": "tt3922474",
  "cast": null,
  "scene": null,
  "story": null,
  "cinematic_style": {
    "movie": null,
    "trailer": [
      {
        "shot": 4,
        "scale": "closeup",
        "movement": "static"
      },
      {
        "shot": 9,
        "scale": "medium",
        "movement": "moving"
      },
      {
        "shot": 38,
        "scale": "closeup",
        "movement": "static"
      },
      {
        "shot": 46,
        "scale": "extreme_closeup",
        "movement": "static"
      },
      {
        "shot": 47,
        "scale": "extreme_closeup",
        "movement": "static"
      },
      {
        "shot": 61,
        "scale": "medium",
        "movement": "static"
      }
    ]
  }
}