{
  "imdb_id": "tt3993760",
  "cast": null,
  "scene": null,
  "story": null,
  "cinematic_style": {
    "movie": null,
    "trailer": [
      {
        "shot": 2,
        "scale": "extreme_closeup",
        "movement": "static"
      },
      {
        "shot": 3,
        "scale": "extreme_closeup",
        "movement": "static"
      },
      {
        "shot": 19,
        "scale": "extreme_closeup",
        "movement": "moving"
      },
      {
        "shot": 40,
        "scale": "extreme_closeup",
        "movement": "static"
      },
      {
        "shot": 41,
        "scale": "long",
        "movement": "moving"
      }
    ]
  }
}