{
  "imdb_id": "tt3924782",
  "cast": null,
  "scene": null,
  "story": null,
  "cinematic_style": {
    "movie": null,
    "trailer": [
      {
        "shot": 5,
        "scale": "long",
        "movement": "moving"
      },
      {
        "shot": 8,
        "scale": "long",
        "movement": "moving"
      },
      {
        "shot": 10,
        "scale": "closeup",
        "movement": "static"
      },
      {
        "shot": 25,
        "scale": "full",
        "movement": "static"
      }
    ]
  }
}