{
  "imdb_id": "tt3919034",
  "cast": null,
  "scene": null,
  "story": null,
  "cinematic_style": {
    "movie": null,
    "trailer": [
      {
        "shot": 4,
        "scale": "full",
        "movement": "moving"
      },
      {
        "shot": 32,
        "scale": "medium",
        "movement": "static"
      },
      {
        "shot": 34,
        "scale": "medium",
        "movement": "moving"
      },
      {
        "shot": 37,
        "scale": "closeup",
        "movement": "static"
      },
      {
        "shot": 40,
        "scale": "full",
        "movement": "static"
      }
    ]
  }
}