{
  "imdb_id": "tt3909476",
  "cast": null,
  "scene": null,
  "story": null,
  "cinematic_style": {
    "movie": null,
    "trailer": [
      {
        "shot": 3,
        "scale": "full",
        "movement": "moving"
      },
      {
        "shot": 13,
        "scale": "full",
        "movement": "static"
      },
      {
        "shot": 20,
        "scale": "closeup",
        "movement": "static"
      },
      {
        "shot": 23,
        "scale": "extreme_closeup",
        "movement": "static"
      },
      {
        "shot": 27,
        "scale": "medium",
        "movement": "static"
      },
      {
        "shot": 37,
        "scale": "closeup",
        "movement": "static"
      },
      {
        "shot": 47,
        "scale": "medium",
        "movement": "static"
      },
      {
        "shot": 48,
        "scale": "full",
        "movement": "static"
      },
      {
        "shot": 62,
        "scale": "extreme_closeup",
        "movement": "moving"
      },
      {
        "shot": 73,
        "scale": "medium",
        "movement": "static"
      }
    ]
  }
}