{
  "imdb_id": "tt3949610",
  "cast": null,
  "scene": null,
  "story": null,
  "cinematic_style": {
    "movie": null,
    "trailer": [
      {
        "shot": 5,
        "scale": "long",
        "movement": "static"
      },
      {
        "shot": 42,
        "scale": "long",
        "movement": "static"
      },
      {
        "shot": 45,
        "scale": "long",
        "movement": "static"
      },
      {
        "shot": 52,
        "scale": "full",
        "movement": "moving"
      },
      {
        "shot": 58,
        "scale": "full",
        "movement": "moving"
      },
      {
        "shot": 59,
        "scale": "full",
        "movement": "moving"
      },
      {
        "shot": 75,
        "scale": "medium",
        "movement": "moving"
      },
      {
        "shot": 104,
        "scale": "full",
        "movement": "static"
      }
    ]
  }
}