{
  "imdb_id": "tt4063314",
  "cast": null,
  "scene": null,
  "story": null,
  "cinematic_style": {
    "movie": null,
    "trailer": [
      {
        "shot": 1,
        "scale": "long",
        "movement": "static"
      },
      {
        "shot": 22,
        "scale": "closeup",
        "movement": "static"
      },
      {
        "shot": 40,
        "scale": "closeup",
        "movement": "static"
      },
      {
        "shot": 44,
        "scale": "medium",
        "movement": "static"
      }
    ]
  }
}