{
  "imdb_id": "tt4008758",
  "cast": null,
  "scene": null,
  "story": null,
  "cinematic_style": {
    "movie": null,
    "trailer": [
      {
        "shot": 3,
        "scale": "full",
        "movement": "moving"
      },
      {
        "shot": 4,
        "scale": "full",
        "movement": "static"
      },
      {
        "shot": 18,
        "scale": "extreme_closeup",
        "movement": "static"
      },
      {
        "shot": 29,
        "scale": "medium",
        "movement": "moving"
      }
    ]
  }
}