{
  "imdb_id": "tt4085084",
  "cast": null,
  "scene": null,
  "story": null,
  "cinematic_style": {
    "movie": null,
    "trailer": [
      {
        "shot": 9,
        "scale": "extreme_closeup",
        "movement": "static"
      },
      {
        "shot": 15,
        "scale": "extreme_closeup",
        "movement": "static"
      },
      {
        "shot": 20,
        "scale": "closeup",
        "movement": "moving"
      },
      {
        "shot": 25,
        "scale": "extreme_closeup",
        "movement": "static"
      },
      {
        "shot": 31,
        "scale": "extreme_closeup",
        "movement": "moving"
      },
      {
        "shot": 63,
        "scale": "medium",
        "movement": "static"
      },
      {
        "shot": 69,
        "scale": "full",
        "movement": "static"
      }
    ]
  }
}