{
  "imdb_id": "tt4079944",
  "cast": null,
  "scene": null,
  "story": null,
  "cinematic_style": {
    "movie": null,
    "trailer": [
      {
        "shot": 3,
        "scale": "closeup",
        "movement": "static"
      },
      {
        "shot": 5,
        "scale": "closeup",
        "movement": "static"
      },
      {
        "shot": 13,
        "scale": "extreme_closeup",
        "movement": "static"
      },
      {
        "shot": 36,
        "scale": "full",
        "movement": "static"
      }
    ]
  }
}