{
  "imdb_id": "tt4052882",
  "cast": null,
  "scene": null,
  "story": null,
  "cinematic_style": {
    "movie": null,
    "trailer": [
      {
        "shot": 8,
        "scale": "full",
        "movement": "moving"
      },
      {
        "shot": 24,
        "scale": "long",
        "movement": "static"
      },
      {
        "shot": 27,
        "scale": "medium",
        "movement": "moving"
      },
      {
        "shot": 34,
        "scale": "medium",
        "movement": "moving"
      },
      {
        "shot": 35,
        "scale": "long",
        "movement": "moving"
      },
      {
        "shot": 40,
        "scale": "closeup",
        "movement": "moving"
      }
    ]
  }
}