{
  "imdb_id": "tt4141560",
  "cast": null,
  "scene": null,
  "story": null,
  "cinematic_style": {
    "movie": null,
    "trailer": [
      {
        "shot": 2,
        "scale": "long",
        "movement": "static"
      },
      {
        "shot": 3,
        "scale": "long",
        "movement": "static"
      },
      {
        "shot": 9,
        "scale": "long",
        "movement": "moving"
      },
      {
        "shot": 11,
        "scale": "closeup",
        "movement": "static"
      },
      {
        "shot": 14,
        "scale": "long",
        "movement": "static"
      },
      {
        "shot": 16,
        "scale": "long",
        "movement": "static"
      },
      {
        "shot": 17,
        "scale": "long",
        "movement": "static"
      },
      {
        "shot": 22,
        "scale": "medium",
        "movement": "moving"
      },
      {
        "shot": 24,
        "scale": "medium",
        "movement": "static"
      }
    ]
  }
}