{
  "imdb_id": "tt4125856",
  "cast": null,
  "scene": null,
  "story": null,
  "cinematic_style": {
    "movie": null,
    "trailer": [
      {
        "shot": 2,
        "scale": "full",
        "movement": "static"
      },
      {
        "shot": 5,
        "scale": "full",
        "movement": "static"
      },
      {
        "shot": 7,
        "scale": "extreme_closeup",
        "movement": "moving"
      },
      {
        "shot": 9,
        "scale": "extreme_closeup",
        "movement": "moving"
      },
      {
        "shot": 21,
        "scale": "medium",
        "movement": "push"
      },
      {
        "shot": 29,
        "scale": "closeup",
        "movement": "static"
      },
      {
        "shot": 32,
        "scale": "long",
        "movement": "static"
      },
      {
        "shot": 34,
        "scale": "long",
        "movement": "static"
      },
      {
        "shot": 47,
        "scale": "extreme_closeup",
        "movement": "moving"
      }
    ]
  }
}