{
  "imdb_id": "tt4197476",
  "cast": null,
  "scene": null,
  "story": null,
  "cinematic_style": {
    "movie": null,
    "trailer": [
      {
        "shot": 15,
        "scale": "medium",
        "movement": "static"
      },
      {
        "shot": 19,
        "scale": "medium",
        "movement": "static"
      },
      {
        "shot": 21,
        "scale": "full",
        "movement": "static"
      },
      {
        "shot": 28,
        "scale": "full",
        "movement": "moving"
      },
      {
        "shot": 35,
        "scale": "medium",
        "movement": "static"
      },
      {
        "shot": 54,
        "scale": "closeup",
        "movement": "static"
      },
      {
        "shot": 60,
        "scale": "long",
        "movement": "moving"
      },
      {
        "shot": 65,
        "scale": "medium",
        "movement": "static"
      },
      {
        "shot": 74,
        "scale": "full",
        "movement": "moving"
      }
    ]
  }
}