{
  "imdb_id": "tt4104022",
  "cast": null,
  "scene": null,
  "story": null,
  "cinematic_style": {
    "movie": null,
    "trailer": [
      {
        "shot": 7,
        "scale": "medium",
        "movement": "static"
      },
      {
        "shot": 24,
        "scale": "medium",
        "movement": "static"
      },
      {
        "shot": 29,
        "scale": "closeup",
        "movement": "static"
      },
      {
        "shot": 56,
        "scale": "long",
        "movement": "moving"
      },
      {
        "shot": 76,
        "scale": "medium",
        "movement": "moving"
      }
    ]
  }
}