{
  "imdb_id": "tt4265508",
  "cast": null,
  "scene": null,
  "story": null,
  "cinematic_style": {
    "movie": null,
    "trailer": [
      {
        "shot": 13,
        "scale": "medium",
        "movement": "static"
      },
      {
        "shot": 16,
        "scale": "closeup",
        "movement": "static"
      },
      {
        "shot": 55,
        "scale": "medium",
        "movement": "static"
      },
      {
        "shot": 71,
        "scale": "closeup",
        "movement": "static"
      }
    ]
  }
}