{
  "imdb_id": "tt4304418",
  "cast": null,
  "scene": null,
  "story": null,
  "cinematic_style": {
    "movie": null,
    "trailer": [
      {
        "shot": 12,
        "scale": "closeup",
        "movement": "static"
      },
      {
        "shot": 21,
        "scale": "closeup",
        "movement": "static"
      },
      {
        "shot": 36,
        "scale": "closeup",
        "movement": "static"
      },
      {
        "shot": 37,
        "scale": "full",
        "movement": "static"
      },
      {
        "shot": 43,
        "scale": "medium",
        "movement": "static"
      },
      {
        "shot": 76,
        "scale": "full",
        "movement": "moving"
      }
    ]
  }
}