{
  "imdb_id": "tt4329800",
  "cast": null,
  "scene": null,
  "story": null,
  "cinematic_style": {
    "movie": null,
    "trailer": [
      {
        "shot": 11,
        "scale": "extreme_closeup",
        "movement": "push"
      },
      {
        "shot": 13,
        "scale": "extreme_closeup",
        "movement": "static"
      },
      {
        "shot": 18,
        "scale": "full",
        "movement": "static"
      },
      {
        "shot": 24,
        "scale": "extreme_closeup",
        "movement": "static"
      },
      {
        "shot": 33,
        "scale": "closeup",
        "movement": "static"
      },
      {
        "shot": 38,
        "scale": "closeup",
        "movement": "moving"
      }
    ]
  }
}