{
  "imdb_id": "tt4338816",
  "cast": null,
  "scene": null,
  "story": null,
  "cinematic_style": {
    "movie": null,
    "trailer": [
      {
        "shot": 12,
        "scale": "full",
        "movement": "static"
      },
      {
        "shot": 13,
        "scale": "full",
        "movement": "static"
      },
      {
        "shot": 17,
        "scale": "medium",
        "movement": "moving"
      },
      {
        "shot": 22,
        "scale": "closeup",
        "movement": "static"
      },
      {
        "shot": 24,
        "scale": "closeup",
        "movement": "static"
      },
      {
        "shot": 26,
        "scale": "closeup",
        "movement": "static"
      }
    ]
  }
}