{
  "imdb_id": "tt4447108",
  "cast": null,
  "scene": null,
  "story": null,
  "cinematic_style": {
    "movie": null,
    "trailer": [
      {
        "shot": 3,
        "scale": "closeup",
        "movement": "static"
      },
      {
        "shot": 12,
        "scale": "medium",
        "movement": "moving"
      },
      {
        "shot": 15,
        "scale": "extreme_closeup",
        "movement": "static"
      },
      {
        "shot": 24,
        "scale": "extreme_closeup",
        "movement": "static"
      },
      {
        "shot": 28,
        "scale": "long",
        "movement": "moving"
      },
      {
        "shot": 61,
        "scale": "full",
        "movement": "static"
      },
      {
        "shot": 90,
        "scale": "medium",
        "movement": "static"
      }
    ]
  }
}