{
  "imdb_id": "tt4470406",
  "cast": null,
  "scene": null,
  "story": null,
  "cinematic_style": {
    "movie": null,
    "trailer": [
      {
        "shot": 3,
        "scale": "long",
        "movement": "moving"
      },
      {
        "shot": 5,
        "scale": "extreme_closeup",
        "movement": "moving"
      },
      {
        "shot": 17,
        "scale": "closeup",
        "movement": "moving"
      },
      {
        "shot": 18,
        "scale": "extreme_closeup",
        "movement": "moving"
      }
    ]
  }
}