{
  "imdb_id": "tt4417502",
  "cast": null,
  "scene": null,
  "story": null,
  "cinematic_style": {
    "movie": null,
    "trailer": [
      {
        "shot": 20,
        "scale": "full",
        "movement": "moving"
      },
      {
        "shot": 23,
        "scale": "full",
        "movement": "static"
      },
      {
        "shot": 38,
        "scale": "full",
        "movement": "static"
      },
      {
        "shot": 65,
        "scale": "long",
        "movement": "static"
      }
    ]
  }
}