{
  "imdb_id": "tt4536304",
  "cast": null,
  "scene": null,
  "story": null,
  "cinematic_style": {
    "movie": null,
    "trailer": [
      {
        "shot": 6,
        "scale": "extreme_closeup",
        "movement": "moving"
      },
      {
        "shot": 8,
        "scale": "full",
        "movement": "static"
      },
      {
        "shot": 34,
        "scale": "medium",
        "movement": "moving"
      },
      {
        "shot": 35,
        "scale": "closeup",
        "movement": "static"
      }
    ]
  }
}