{
  "imdb_id": "tt4576560",
  "cast": null,
  "scene": null,
  "story": null,
  "cinematic_style": {
    "movie": null,
    "trailer": [
      {
        "shot": 21,
        "scale": "full",
        "movement": "static"
      },
      {
        "shot": 25,
        "scale": "full",
        "movement": "static"
      },
      {
        "shot": 28,
        "scale": "long",
        "movement": "static"
      },
      {
        "shot": 35,
        "scale": "long",
        "movement": "moving"
      },
      {
        "shot": 42,
        "scale": "extreme_closeup",
        "movement": "static"
      },
      {
        "shot": 48,
        "scale": "full",
        "movement": "static"
      }
    ]
  }
}