{
  "imdb_id": "tt4543578",
  "cast": null,
  "scene": null,
  "story": null,
  "cinematic_style": {
    "movie": null,
    "trailer": [
      {
        "shot": 7,
        "scale": "medium",
        "movement": "static"
      },
      {
        "shot": 28,
        "scale": "full",
        "movement": "static"
      },
      {
        "shot": 32,
        "scale": "full",
        "movement": "static"
      },
      {
        "shot": 64,
        "scale": "closeup",
        "movement": "static"
      },
      {
        "shot": 72,
        "scale": "medium",
        "movement": "static"
      },
      {
        "shot": 73,
        "scale": "medium",
        "movement": "static"
      },
      {
        "shot": 97,
        "scale": "medium",
        "movement": "static"
      }
    ]
  }
}