{
  "imdb_id": "tt4589186",
  "cast": null,
  "scene": null,
  "story": null,
  "cinematic_style": {
    "movie": null,
    "trailer": [
      {
        "shot": 1,
        "scale": "long",
        "movement": "static"
      },
      {
        "shot": 3,
        "scale": "medium",
        "movement": "moving"
      },
      {
        "shot": 10,
        "scale": "long",
        "movement": "moving"
      },
      {
        "shot": 16,
        "scale": "long",
        "movement": "moving"
      },
      {
        "shot": 22,
        "scale": "long",
        "movement": "static"
      },
      {
        "shot": 23,
        "scale": "medium",
        "movement": "moving"
      },
      {
        "shot": 24,
        "scale": "medium",
        "movement": "static"
      },
      {
        "shot": 27,
        "scale": "long",
        "movement": "moving"
      },
      {
        "shot": 30,
        "scale": "long",
        "movement": "moving"
      },
      {
        "shot": 36,
        "scale": "long",
        "movement": "moving"
      },
      {
        "shot": 37,
        "scale": "full",
        "movement": "static"
      },
      {
        "shot": 42,
        "scale": "closeup",
        "movement": "static"
      }
    ]
  }
}