{
  "imdb_id": "tt4580112",
  "cast": null,
  "scene": null,
  "story": null,
  "cinematic_style": {
    "movie": null,
    "trailer": [
      {
        "shot": 6,
        "scale": "closeup",
        "movement": "static"
      },
      {
        "shot": 45,
        "scale": "medium",
        "movement": "static"
      },
      {
        "shot": 51,
        "scale": "closeup",
        "movement": "static"
      },
      {
        "shot": 59,
        "scale": "medium",
        "movement": "static"
      },
      {
        "shot": 63,
        "scale": "full",
        "movement": "static"
      },
      {
        "shot": 66,
        "scale": "closeup",
        "movement": "static"
      }
    ]
  }
}