{
  "imdb_id": "tt4526922",
  "cast": null,
  "scene": null,
  "story": null,
  "cinematic_style": {
    "movie": null,
    "trailer": [
      {
        "shot": 16,
        "scale": "extreme_closeup",
        "movement": "moving"
      },
      {
        "shot": 22,
        "scale": "extreme_closeup",
        "movement": "moving"
      },
      {
        "shot": 36,
        "scale": "medium",
        "movement": "static"
      },
      {
        "shot": 38,
        "scale": "extreme_closeup",
        "movement": "static"
      },
      {
        "shot": 41,
        "scale": "full",
        "movement": "static"
      },
      {
        "shot": 54,
        "scale": "full",
        "movement": "static"
      },
      {
        "shot": 55,
        "scale": "medium",
        "movement": "moving"
      },
      {
        "shot": 61,
        "scale": "full",
        "movement": "static"
      },
      {
        "shot": 63,
        "scale": "long",
        "movement": "static"
      }
    ]
  }
}