{
  "imdb_id": "tt4643432",
  "cast": null,
  "scene": null,
  "story": null,
  "cinematic_style": {
    "movie": null,
    "trailer": [
      {
        "shot": 0,
        "scale": "long",
        "movement": "static"
      },
      {
        "shot": 1,
        "scale": "long",
        "movement": "static"
      },
      {
        "shot": 10,
        "scale": "long",
        "movement": "moving"
      },
      {
        "shot": 11,
        "scale": "full",
        "movement": "static"
      },
      {
        "shot": 13,
        "scale": "long",
        "movement": "static"
      },
      {
        "shot": 15,
        "scale": "long",
        "movement": "static"
      },
      {
        "shot": 26,
        "scale": "long",
        "movement": "static"
      },
      {
        "shot": 30,
        "scale": "long",
        "movement": "static"
      },
      {
        "shot": 47,
        "scale": "long",
        "movement": "static"
      }
    ]
  }
}