{
  "imdb_id": "tt4649416",
  "cast": null,
  "scene": null,
  "story": null,
  "cinematic_style": {
    "movie": null,
    "trailer": [
      {
        "shot": 20,
        "scale": "closeup",
        "movement": "static"
      },
      {
        "shot": 21,
        "scale": "medium",
        "movement": "static"
      },
      {
        "shot": 35,
        "scale": "full",
        "movement": "moving"
      },
      {
        "shot": 45,
        "scale": "medium",
        "movement": "moving"
      },
      {
        "shot": 50,
        "scale": "medium",
        "movement": "moving"
      },
      {
        "shot": 58,
        "scale": "full",
        "movement": "static"
      },
      {
        "shot": 83,
        "scale": "closeup",
        "movement": "moving"
      },
      {
        "shot": 91,
        "scale": "medium",
        "movement": "static"
      },
      {
        "shot": 93,
        "scale": "full",
        "movement": "static"
      },
      {
        "shot": 97,
        "scale": "full",
        "movement": "static"
      }
    ]
  }
}