{
  "imdb_id": "tt4607228",
  "cast": null,
  "scene": null,
  "story": null,
  "cinematic_style": {
    "movie": null,
    "trailer": [
      {
        "shot": 3,
        "scale": "closeup",
        "movement": "static"
      },
      {
        "shot": 5,
        "scale": "closeup",
        "movement": "moving"
      },
      {
        "shot": 13,
        "scale": "closeup",
        "movement": "static"
      },
      {
        "shot": 17,
        "scale": "closeup",
        "movement": "static"
      }
    ]
  }
}