{
  "imdb_id": "tt4877706",
  "cast": null,
  "scene": null,
  "story": null,
  "cinematic_style": {
    "movie": null,
    "trailer": [
      {
        "shot": 15,
        "scale": "medium",
        "movement": "static"
      },
      {
        "shot": 22,
        "scale": "extreme_closeup",
        "movement": "static"
      },
      {
        "shot": 31,
        "scale": "long",
        "movement": "static"
      },
      {
        "shot": 37,
        "scale": "extreme_closeup",
        "movement": "static"
      }
    ]
  }
}