{
  "imdb_id": "tt4827290",
  "cast": null,
  "scene": null,
  "story": null,
  "cinematic_style": {
    "movie": null,
    "trailer": [
      {
        "shot": 7,
        "scale": "long",
        "movement": "moving"
      },
      {
        "shot": 8,
        "scale": "long",
        "movement": "moving"
      },
      {
        "shot": 9,
        "scale": "long",
        "movement": "moving"
      },
      {
        "shot": 30,
        "scale": "medium",
        "movement": "static"
      },
      {
        "shot": 33,
        "scale": "long",
        "movement": "moving"
      },
      {
        "shot": 35,
        "scale": "medium",
        "movement": "static"
      },
      {
        "shot": 37,
        "scale": "closeup",
        "movement": "static"
      },
      {
        "shot": 54,
        "scale": "long",
        "movement": "static"
      }
    ]
  }
}