{
  "imdb_id": "tt4835298",
  "cast": null,
  "scene": null,
  "story": null,
  "cinematic_style": {
    "movie": null,
    "trailer": [
      {
        "shot": 11,
        "scale": "full",
        "movement": "static"
      },
      {
        "shot": 35,
        "scale": "closeup",
        "movement": "static"
      },
      {
        "shot": 37,
        "scale": "full",
        "movement": "moving"
      },
      {
        "shot": 43,
        "scale": "long",
        "movement": "static"
      }
    ]
  }
}