{
  "imdb_id": "tt4926042",
  "cast": null,
  "scene": null,
  "story": null,
  "cinematic_style": {
    "movie": null,
    "trailer": [
      {
        "shot": 3,
        "scale": "long",
        "movement": "moving"
      },
      {
        "shot": 5,
        "scale": "closeup",
        "movement": "static"
      },
      {
        "shot": 7,
        "scale": "long",
        "movement": "moving"
      },
      {
        "shot": 20,
        "scale": "closeup",
        "movement": "moving"
      },
      {
        "shot": 46,
        "scale": "full",
        "movement": "moving"
      },
      {
        "shot": 67,
        "scale": "extreme_closeup",
        "movement": "static"
      },
      {
        "shot": 69,
        "scale": "extreme_closeup",
        "movement": "static"
      }
    ]
  }
}