{
  "imdb_id": "tt4911408",
  "cast": null,
  "scene": null,
  "story": null,
  "cinematic_style": {
    "movie": null,
    "trailer": [
      {
        "shot": 2,
        "scale": "full",
        "movement": "moving"
      },
      {
        "shot": 4,
        "scale": "long",
        "movement": "moving"
      },
      {
        "shot": 7,
        "scale": "full",
        "movement": "static"
      },
      {
        "shot": 15,
        "scale": "long",
        "movement": "moving"
      },
      {
        "shot": 16,
        "scale": "long",
        "movement": "moving"
      },
      {
        "shot": 38,
        "scale": "long",
        "movement": "static"
      },
      {
        "shot": 46,
        "scale": "extreme_closeup",
        "movement": "static"
      },
      {
        "shot": 58,
        "scale": "medium",
        "movement": "moving"
      }
    ]
  }
}