{
  "imdb_id": "tt4948040",
  "cast": null,
  "scene": null,
  "story": null,
  "cinematic_style": {
    "movie": null,
    "trailer": [
      {
        "shot": 8,
        "scale": "closeup",
        "movement": "push"
      },
      {
        "shot": 9,
        "scale": "medium",
        "movement": "static"
      },
      {
        "shot": 10,
        "scale": "closeup",
        "movement": "moving"
      },
      {
        "shot": 12,
        "scale": "extreme_closeup",
        "movement": "moving"
      },
      {
        "shot": 19,
        "scale": "closeup",
        "movement": "static"
      },
      {
        "shot": 35,
        "scale": "full",
        "movement": "static"
      },
      {
        "shot": 44,
        "scale": "extreme_closeup",
        "movement": "static"
      }
    ]
  }
}