{
  "imdb_id": "tt4944658",
  "cast": null,
  "scene": null,
  "story": null,
  "cinematic_style": {
    "movie": null,
    "trailer": [
      {
        "shot": 4,
        "scale": "closeup",
        "movement": "static"
      },
      {
        "shot": 12,
        "scale": "closeup",
        "movement": "static"
      },
      {
        "shot": 25,
        "scale": "closeup",
        "movement": "static"
      },
      {
        "shot": 26,
        "scale": "medium",
        "movement": "static"
      },
      {
        "shot": 27,
        "scale": "long",
        "movement": "moving"
      },
      {
        "shot": 30,
        "scale": "long",
        "movement": "moving"
      },
      {
        "shot": 39,
        "scale": "closeup",
        "movement": "static"
      },
      {
        "shot": 41,
        "scale": "long",
        "movement": "static"
      },
      {
        "shot": 60,
        "scale": "medium",
        "movement": "static"
      },
      {
        "shot": 63,
        "scale": "closeup",
        "movement": "static"
      }
    ]
  }
}