{
  "imdb_id": "tt5090404",
  "cast": null,
  "scene": null,
  "story": null,
  "cinematic_style": {
    "movie": null,
    "trailer": [
      {
        "shot": 3,
        "scale": "extreme_closeup",
        "movement": "static"
      },
      {
        "shot": 17,
        "scale": "extreme_closeup",
        "movement": "static"
      },
      {
        "shot": 36,
        "scale": "extreme_closeup",
        "movement": "static"
      },
      {
        "shot": 40,
        "scale": "extreme_closeup",
        "movement": "static"
      },
      {
        "shot": 51,
        "scale": "medium",
        "movement": "static"
      },
      {
        "shot": 54,
        "scale": "extreme_closeup",
        "movement": "static"
      },
      {
        "shot": 58,
        "scale": "long",
        "movement": "moving"
      },
      {
        "shot": 64,
        "scale": "long",
        "movement": "static"
      },
      {
        "shot": 67,
        "scale": "medium",
        "movement": "static"
      },
      {
        "shot": 68,
        "scale": "extreme_closeup",
        "movement": "static"
      },
      {
        "shot": 82,
        "scale": "full",
        "movement": "moving"
      },
      {
        "shot": 83,
        "scale": "medium",
        "movement": "moving"
      },
      {
        "shot": 93,
        "scale": "long",
        "movement": "moving"
      },
      {
        "shot": 95,
        "scale": "full",
        "movement": "static"
      },
      {
        "shot": 103,
        "scale": "full",
        "movement": "moving"
      },
      {
        "shot": 106,
        "scale": "extreme_closeup",
        "movement": "moving"
      }
    ]
  }
}