{
  "imdb_id": "tt5144744",
  "cast": null,
  "scene": null,
  "story": null,
  "cinematic_style": {
    "movie": null,
    "trailer": [
      {
        "shot": 32,
        "scale": "extreme_closeup",
        "movement": "static"
      },
      {
        "shot": 44,
        "scale": "extreme_closeup",
        "movement": "moving"
      },
      {
        "shot": 66,
        "scale": "extreme_closeup",
        "movement": "moving"
      },
      {
        "shot": 69,
        "scale": "extreme_closeup",
        "movement": "moving"
      },
      {
        "shot": 78,
        "scale": "medium",
        "movement": "static"
      },
      {
        "shot": 87,
        "scale": "extreme_closeup",
        "movement": "moving"
      },
      {
        "shot": 116,
        "scale": "medium",
        "movement": "static"
      }
    ]
  }
}