{
  "imdb_id": "tt5101196",
  "cast": null,
  "scene": null,
  "story": null,
  "cinematic_style": {
    "movie": null,
    "trailer": [
      {
        "shot": 9,
        "scale": "closeup",
        "movement": "static"
      },
      {
        "shot": 22,
        "scale": "medium",
        "movement": "moving"
      },
      {
        "shot": 35,
        "scale": "extreme_closeup",
        "movement": "moving"
      },
      {
        "shot": 49,
        "scale": "closeup",
        "movement": "static"
      }
    ]
  }
}