{
  "imdb_id": "tt5253754",
  "cast": null,
  "scene": null,
  "story": null,
  "cinematic_style": {
    "movie": null,
    "trailer": [
      {
        "shot": 8,
        "scale": "extreme_closeup",
        "movement": "static"
      },
      {
        "shot": 20,
        "scale": "extreme_closeup",
        "movement": "static"
      },
      {
        "shot": 30,
        "scale": "extreme_closeup",
        "movement": "static"
      },
      {
        "shot": 33,
        "scale": "extreme_closeup",
        "movement": "static"
      },
      {
        "shot": 49,
        "scale": "closeup",
        "movement": "static"
      },
      {
        "shot": 53,
        "scale": "medium",
        "movement": "static"
      },
      {
        "shot": 64,
        "scale": "extreme_closeup",
        "movement": "static"
      },
      {
        "shot": 66,
        "scale": "extreme_closeup",
        "movement": "static"
      }
    ]
  }
}