{
  "imdb_id": "tt5209276",
  "cast": null,
  "scene": null,
  "story": null,
  "cinematic_style": {
    "movie": null,
    "trailer": [
      {
        "shot": 11,
        "scale": "full",
        "movement": "static"
      },
      {
        "shot": 13,
        "scale": "full",
        "movement": "static"
      },
      {
        "shot": 19,
        "scale": "extreme_closeup",
        "movement": "static"
      },
      {
        "shot": 29,
        "scale": "full",
        "movement": "static"
      },
      {
        "shot": 34,
        "scale": "closeup",
        "movement": "static"
      },
      {
        "shot": 40,
        "scale": "full",
        "movement": "static"
      },
      {
        "shot": 41,
        "scale": "full",
        "movement": "moving"
      },
      {
        "shot": 47,
        "scale": "medium",
        "movement": "static"
      },
      {
        "shot": 67,
        "scale": "full",
        "movement": "static"
      },
      {
        "shot": 87,
        "scale": "full",
        "movement": "static"
      },
      {
        "shot": 88,
        "scale": "full",
        "movement": "static"
      },
      {
        "shot": 92,
        "scale": "medium",
        "movement": "static"
      },
      {
        "shot": 105,
        "scale": "medium",
        "movement": "static"
      }
    ]
  }
}