{
  "imdb_id": "tt5265790",
  "cast": null,
  "scene": null,
  "story": null,
  "cinematic_style": {
    "movie": null,
    "trailer": [
      {
        "shot": 2,
        "scale": "extreme_closeup",
        "movement": "static"
      },
      {
        "shot": 4,
        "scale": "extreme_closeup",
        "movement": "static"
      },
      {
        "shot": 6,
        "scale": "medium",
        "movement": "static"
      },
      {
        "shot": 13,
        "scale": "medium",
        "movement": "moving"
      }
    ]
  }
}