{
  "imdb_id": "tt5231726",
  "cast": null,
  "scene": null,
  "story": null,
  "cinematic_style": {
    "movie": null,
    "trailer": [
      {
        "shot": 3,
        "scale": "extreme_closeup",
        "movement": "static"
      },
      {
        "shot": 5,
        "scale": "long",
        "movement": "moving"
      },
      {
        "shot": 8,
        "scale": "full",
        "movement": "static"
      },
      {
        "shot": 17,
        "scale": "long",
        "movement": "moving"
      },
      {
        "shot": 48,
        "scale": "medium",
        "movement": "moving"
      },
      {
        "shot": 49,
        "scale": "long",
        "movement": "static"
      }
    ]
  }
}