{
  "imdb_id": "tt5205990",
  "cast": null,
  "scene": null,
  "story": null,
  "cinematic_style": {
    "movie": null,
    "trailer": [
      {
        "shot": 32,
        "scale": "closeup",
        "movement": "static"
      },
      {
        "shot": 36,
        "scale": "medium",
        "movement": "static"
      },
      {
        "shot": 37,
        "scale": "extreme_closeup",
        "movement": "static"
      },
      {
        "shot": 42,
        "scale": "medium",
        "movement": "moving"
      },
      {
        "shot": 46,
        "scale": "extreme_closeup",
        "movement": "moving"
      }
    ]
  }
}