{
  "imdb_id": "tt5354386",
  "cast": null,
  "scene": null,
  "story": null,
  "cinematic_style": {
    "movie": null,
    "trailer": [
      {
        "shot": 3,
        "scale": "long",
        "movement": "static"
      },
      {
        "shot": 12,
        "scale": "medium",
        "movement": "moving"
      },
      {
        "shot": 19,
        "scale": "full",
        "movement": "static"
      },
      {
        "shot": 29,
        "scale": "extreme_closeup",
        "movement": "static"
      },
      {
        "shot": 31,
        "scale": "extreme_closeup",
        "movement": "static"
      }
    ]
  }
}