{
  "imdb_id": "tt5351000",
  "cast": null,
  "scene": null,
  "story": null,
  "cinematic_style": {
    "movie": null,
    "trailer": [
      {
        "shot": 5,
        "scale": "full",
        "movement": "static"
      },
      {
        "shot": 16,
        "scale": "medium",
        "movement": "static"
      },
      {
        "shot": 24,
        "scale": "medium",
        "movement": "moving"
      },
      {
        "shot": 25,
        "scale": "extreme_closeup",
        "movement": "static"
      },
      {
        "shot": 30,
        "scale": "medium",
        "movement": "static"
      },
      {
        "shot": 43,
        "scale": "extreme_closeup",
        "movement": "static"
      }
    ]
  }
}