{
  "imdb_id": "tt5458364",
  "cast": null,
  "scene": null,
  "story": null,
  "cinematic_style": {
    "movie": null,
    "trailer": [
      {
        "shot": 13,
        "scale": "full",
        "movement": "moving"
      },
      {
        "shot": 27,
        "scale": "closeup",
        "movement": "static"
      },
      {
        "shot": 35,
        "scale": "long",
        "movement": "static"
      },
      {
        "shot": 36,
        "scale": "closeup",
        "movement": "static"
      },
      {
        "shot": 41,
        "scale": "closeup",
        "movement": "static"
      },
      {
        "shot": 42,
        "scale": "closeup",
        "movement": "static"
      },
      {
        "shot": 49,
        "scale": "full",
        "movement": "push"
      }
    ]
  }
}