{
  "imdb_id": "tt5477608",
  "cast": null,
  "scene": null,
  "story": null,
  "cinematic_style": {
    "movie": null,
    "trailer": [
      {
        "shot": 1,
        "scale": "extreme_closeup",
        "movement": "moving"
      },
      {
        "shot": 23,
        "scale": "extreme_closeup",
        "movement": "static"
      },
      {
        "shot": 28,
        "scale": "long",
        "movement": "static"
      },
      {
        "shot": 29,
        "scale": "extreme_closeup",
        "movement": "static"
      },
      {
        "shot": 36,
        "scale": "medium",
        "movement": "static"
      },
      {
        "shot": 41,
        "scale": "extreme_closeup",
        "movement": "static"
      },
      {
        "shot": 48,
        "scale": "closeup",
        "movement": "static"
      },
      {
        "shot": 58,
        "scale": "closeup",
        "movement": "static"
      }
    ]
  }
}