{
  "imdb_id": "tt5614984",
  "cast": null,
  "scene": null,
  "story": null,
  "cinematic_style": {
    "movie": null,
    "trailer": [
      {
        "shot": 1,
        "scale": "long",
        "movement": "push"
      },
      {
        "shot": 8,
        "scale": "full",
        "movement": "moving"
      },
      {
        "shot": 13,
        "scale": "extreme_closeup",
        "movement": "static"
      },
      {
        "shot": 15,
        "scale": "extreme_closeup",
        "movement": "push"
      },
      {
        "shot": 28,
        "scale": "closeup",
        "movement": "static"
      },
      {
        "shot": 35,
        "scale": "medium",
        "movement": "pull"
      },
      {
        "shot": 38,
        "scale": "closeup",
        "movement": "static"
      },
      {
        "shot": 51,
        "scale": "closeup",
        "movement": "static"
      },
      {
        "shot": 60,
        "scale": "full",
        "movement": "moving"
      }
    ]
  }
}