{
  "imdb_id": "tt5721654",
  "cast": null,
  "scene": null,
  "story": null,
  "cinematic_style": {
    "movie": null,
    "trailer": [
      {
        "shot": 18,
        "scale": "medium",
        "movement": "static"
      },
      {
        "shot": 29,
        "scale": "medium",
        "movement": "moving"
      },
      {
        "shot": 30,
        "scale": "closeup",
        "movement": "static"
      },
      {
        "shot": 41,
        "scale": "medium",
        "movement": "moving"
      }
    ]
  }
}