{
  "imdb_id": "tt5778646",
  "cast": null,
  "scene": null,
  "story": null,
  "cinematic_style": {
    "movie": null,
    "trailer": [
      {
        "shot": 2,
        "scale": "medium",
        "movement": "moving"
      },
      {
        "shot": 9,
        "scale": "medium",
        "movement": "moving"
      },
      {
        "shot": 15,
        "scale": "full",
        "movement": "static"
      },
      {
        "shot": 18,
        "scale": "extreme_closeup",
        "movement": "static"
      },
      {
        "shot": 20,
        "scale": "extreme_closeup",
        "movement": "static"
      },
      {
        "shot": 26,
        "scale": "medium",
        "movement": "static"
      },
      {
        "shot": 27,
        "scale": "closeup",
        "movement": "static"
      }
    ]
  }
}