{
  "imdb_id": "tt5929776",
  "cast": null,
  "scene": null,
  "story": null,
  "cinematic_style": {
    "movie": null,
    "trailer": [
      {
        "shot": 4,
        "scale": "long",
        "movement": "moving"
      },
      {
        "shot": 10,
        "scale": "long",
        "movement": "moving"
      },
      {
        "shot": 23,
        "scale": "full",
        "movement": "moving"
      },
      {
        "shot": 27,
        "scale": "full",
        "movement": "static"
      },
      {
        "shot": 42,
        "scale": "long",
        "movement": "moving"
      },
      {
        "shot": 52,
        "scale": "long",
        "movement": "moving"
      },
      {
        "shot": 56,
        "scale": "extreme_closeup",
        "movement": "static"
      },
      {
        "shot": 58,
        "scale": "medium",
        "movement": "moving"
      },
      {
        "shot": 63,
        "scale": "long",
        "movement": "moving"
      },
      {
        "shot": 65,
        "scale": "long",
        "movement": "static"
      },
      {
        "shot": 80,
        "scale": "long",
        "movement": "static"
      },
      {
        "shot": 81,
        "scale": "long",
        "movement": "moving"
      }
    ]
  }
}