{
  "imdb_id": "tt5911350",
  "cast": null,
  "scene": null,
  "story": null,
  "cinematic_style": {
    "movie": null,
    "trailer": [
      {
        "shot": 2,
        "scale": "long",
        "movement": "moving"
      },
      {
        "shot": 5,
        "scale": "full",
        "movement": "moving"
      },
      {
        "shot": 11,
        "scale": "medium",
        "movement": "moving"
      },
      {
        "shot": 13,
        "scale": "long",
        "movement": "moving"
      },
      {
        "shot": 25,
        "scale": "closeup",
        "movement": "static"
      },
      {
        "shot": 27,
        "scale": "full",
        "movement": "static"
      },
      {
        "shot": 33,
        "scale": "full",
        "movement": "static"
      }
    ]
  }
}