{
  "imdb_id": "tt6231364",
  "cast": null,
  "scene": null,
  "story": null,
  "cinematic_style": {
    "movie": null,
    "trailer": [
      {
        "shot": 2,
        "scale": "long",
        "movement": "static"
      },
      {
        "shot": 30,
        "scale": "medium",
        "movement": "static"
      },
      {
        "shot": 31,
        "scale": "extreme_closeup",
        "movement": "static"
      },
      {
        "shot": 40,
        "scale": "full",
        "movement": "static"
      },
      {
        "shot": 41,
        "scale": "closeup",
        "movement": "static"
      },
      {
        "shot": 47,
        "scale": "medium",
        "movement": "static"
      },
      {
        "shot": 52,
        "scale": "full",
        "movement": "static"
      },
      {
        "shot": 60,
        "scale": "full",
        "movement": "static"
      },
      {
        "shot": 70,
        "scale": "closeup",
        "movement": "static"
      }
    ]
  }
}